file,source,source_commit,source_sha256,selection
measurements/archived/esp32_deep.csv,pqc-wsn-bench-release/results/raw/esp32_full.csv,22bb5c8d41ced0a9d1e6dc780fe37b0334d448ad,7d931c2127845a367bf30673556f648e087dae323f71b5e7ca5e2f7925a80a59,signing rows for ML-DSA and archived Falcon/FN-DSA comparison
measurements/archived/rp2040_deep.csv,pqc-wsn-bench-release/results/raw/pico_full.csv,22bb5c8d41ced0a9d1e6dc780fe37b0334d448ad,33989be949e0538277f4d41705bc553f96e1b3d4e6f3be0bd78141f3465b1ffb,signing rows for ML-DSA and archived Falcon/FN-DSA comparison
measurements/archived/rp2040_unit1.csv,pqc-cortex-m0-benchmark/results/campaign_c/board1/mldsa.csv,3d75d76a16d05753a5f74ef6e721a8a575df4354,91aa4c003f99bb6e80bd278c082dffdc2ebfe65272894e7b59e3662b75e14e2c,signing rows for ML-DSA and archived Falcon/FN-DSA comparison
measurements/archived/rp2040_unit2.csv,pqc-cortex-m0-benchmark/results/campaign_c/board2/mldsa.csv,3d75d76a16d05753a5f74ef6e721a8a575df4354,a083c356854cff102d6e4b9bf1898043ec93528b8af66f9a9716a9b5b315e318,signing rows for ML-DSA and archived Falcon/FN-DSA comparison
measurements/archived/x86_iterations.csv,pqc-cortex-m0-benchmark/results/local_x86_10k/mldsa_rejection_10k_x86.csv,3d75d76a16d05753a5f74ef6e721a8a575df4354,2004b4aff45880b070f87419b2ca4048412f4e558d02277ec3399975ccc4215b,sign_iters rows only; original time_us column renamed iterations because these values are loop counts
measurements/signing/esp32/block_0.csv,recorded-data/runs/campaign_block_0/campaign.csv,measurement-record,499a2becd0df643a7d1215926a67c3af5b7d5d5f3e4918b0f223b42b16fccbcb,copied
measurements/signing/esp32/block_1.csv,recorded-data/runs/campaign_block_1/campaign.csv,measurement-record,71af02135107910a37e6a2c66aaba4f4a6f27c091fba2b3ae2446753c60c16a6,copied
measurements/signing/esp32/block_2.csv,recorded-data/runs/campaign_block_2/campaign.csv,measurement-record,a639a443020596459040e6460e81e415284611ebdf8d1c35c63e8c073373bc10,copied
measurements/signing/esp32/block_3.csv,recorded-data/runs/campaign_block_3/campaign.csv,measurement-record,b652ffc6eabcf681081d531909084c15b3449e49c8760f5c03053e70c0ec9840,copied
measurements/signing/esp32/block_4.csv,recorded-data/runs/campaign_block_4/campaign.csv,measurement-record,09bba42d473e3c3f09d6350de32257e0a4a040dc30818847b0311e84f5148774,copied
measurements/stages/esp32/campaign.csv,recorded-data/runs/esp32_stage_diag/campaign.csv,measurement-record,7f1fed8f1a6e50d2a6ba0428df34fdfc47fb399d45cb88e7ca4d5c7a6a494031,copied
measurements/stages/esp32/stage_events.csv,recorded-data/runs/esp32_stage_diag/stage_events.csv,measurement-record,bd6644f1fc3d0a6ae5cc33a7edcd57304ca66550b856176755598ec68517244b,copied
measurements/pilots/esp32/plain.csv,recorded-data/runs/pilot_plain/campaign.csv,measurement-record,9d4976d762bc5831d93cb3dc49e218473e67054367e6b33fa45c897e70ce4ddf,copied
measurements/pilots/esp32/counts.csv,recorded-data/runs/pilot_counts/campaign.csv,measurement-record,97ee2c612e084231cb22caf76019e16429187757aebeb6c8c898743b9212e9fe,copied
measurements/signing/rp2040/rp2040_1_set44.csv,recorded-data/runs/rp2040_20260908/archive::results/campaign_20260908_191304_56ba3992/analysis/rp2040_1_set44.csv,measurement-record,d3b639ca68ef894bebcdd54267c3485ebe22ca26e3e9abf27a7558bbcb14bdfd,copied archive member
measurements/stages/rp2040/rp2040_1_set44_stages.csv,recorded-data/runs/rp2040_20260908/archive::results/campaign_20260908_191304_56ba3992/analysis/rp2040_1_set44_stages.csv,measurement-record,87053a5aa180faa7c25bad6afb2aed7ef53a3adcf83f083a991f6f6eee31a4d9,copied archive member
measurements/signing/rp2040/rp2040_1_set65.csv,recorded-data/runs/rp2040_20260908/archive::results/campaign_20260908_191304_56ba3992/analysis/rp2040_1_set65.csv,measurement-record,6401e056ad61e5a6001b60ce847e0c526ef831fec07a910998e4099653a1e23e,copied archive member
measurements/stages/rp2040/rp2040_1_set65_stages.csv,recorded-data/runs/rp2040_20260908/archive::results/campaign_20260908_191304_56ba3992/analysis/rp2040_1_set65_stages.csv,measurement-record,1597c63fe31ee5a7c291ce6507b3cd20b90aaa15d6899b23c622588a2be19889,copied archive member
measurements/signing/rp2040/rp2040_1_set87.csv,recorded-data/runs/rp2040_20260908/archive::results/campaign_20260908_191304_56ba3992/analysis/rp2040_1_set87.csv,measurement-record,ee510330eae47821bf30dea4f55d0564225f556acd101e364bf4d08d4f6d2b9e,copied archive member
measurements/stages/rp2040/rp2040_1_set87_stages.csv,recorded-data/runs/rp2040_20260908/archive::results/campaign_20260908_191304_56ba3992/analysis/rp2040_1_set87_stages.csv,measurement-record,281ce6fcf14b313c1817402bb50983acc09880e4b3ffd37de68e4a039481d173,copied archive member
measurements/signing/rp2040/rp2040_2_set44.csv,recorded-data/runs/rp2040_20260908/archive::results/campaign_20260908_191304_56ba3992/analysis/rp2040_2_set44.csv,measurement-record,90ddeb2f8a02275ebf964170ae962486eb04b40b500bd91f3956943ccc6ff6bf,copied archive member
measurements/stages/rp2040/rp2040_2_set44_stages.csv,recorded-data/runs/rp2040_20260908/archive::results/campaign_20260908_191304_56ba3992/analysis/rp2040_2_set44_stages.csv,measurement-record,7cab1b9b4c2f3aac74d4ac1103d236c473ab792094347e52c8860ebcc0ca58fe,copied archive member
measurements/signing/rp2040/rp2040_2_set65.csv,recorded-data/runs/rp2040_20260908/archive::results/campaign_20260908_191304_56ba3992/analysis/rp2040_2_set65.csv,measurement-record,30891c3e2905aa971226cef84214ce9412cb6585d864cd4008bd39f70bbdc66d,copied archive member
measurements/stages/rp2040/rp2040_2_set65_stages.csv,recorded-data/runs/rp2040_20260908/archive::results/campaign_20260908_191304_56ba3992/analysis/rp2040_2_set65_stages.csv,measurement-record,f75739c1112de730b0cb46b987ded4b6fb7cee29e04753b112024b9af3b295b8,copied archive member
measurements/signing/rp2040/rp2040_2_set87.csv,recorded-data/runs/rp2040_20260908/archive::results/campaign_20260908_191304_56ba3992/analysis/rp2040_2_set87.csv,measurement-record,c19515095aff2fcaecd03d3038a2dca597fcf2e2293cd94802e17fed674a28ed,copied archive member
measurements/stages/rp2040/rp2040_2_set87_stages.csv,recorded-data/runs/rp2040_20260908/archive::results/campaign_20260908_191304_56ba3992/analysis/rp2040_2_set87_stages.csv,measurement-record,a21210f009b1cd72daa58d865e4eef4abebad35de19bf40b060fa41791b006ec,copied archive member
measurements/pilots/rp2040/rp2040_1_set44.jsonl,recorded-data/runs/rp2040_20260908/archive::results/campaign_20260908_191304_56ba3992/rp2040_1/set44_pilot_20260908_191304_4d8860de/results.jsonl,measurement-record,d0d5d5e50aa6eeb2d4e8c696bb483718b9939d9e04496290f4100fcf96e85f62,copied archive member
measurements/pilots/rp2040/rp2040_1_set65.jsonl,recorded-data/runs/rp2040_20260908/archive::results/campaign_20260908_191304_56ba3992/rp2040_1/set65_pilot_20260908_224233_d9669048/results.jsonl,measurement-record,e87f48d8c6adf19d12acb96cc91c34f67557871c2ce54745d046b00a0f4f8e03,copied archive member
measurements/pilots/rp2040/rp2040_1_set87.jsonl,recorded-data/runs/rp2040_20260908/archive::results/campaign_20260908_191304_56ba3992/rp2040_1/set87_pilot_20260909_041203_9bd6ef62/results.jsonl,measurement-record,25c7d7acd1408eb3126519cffda8c56bfeae0e24b22880bb0d14cb2843407b2b,copied archive member
measurements/pilots/rp2040/rp2040_2_set44.jsonl,recorded-data/runs/rp2040_20260908/archive::results/campaign_20260908_191304_56ba3992/rp2040_2/set44_pilot_20260908_191304_b529201f/results.jsonl,measurement-record,cd64676f08913aacae73bfebea8695cdf9a8201709a2338eecf23f7e4b4e0e99,copied archive member
measurements/pilots/rp2040/rp2040_2_set65.jsonl,recorded-data/runs/rp2040_20260908/archive::results/campaign_20260908_191304_56ba3992/rp2040_2/set65_pilot_20260908_224144_c39c28e2/results.jsonl,measurement-record,739bff01c20f107428a41149da88a073c0ed227bea8a370064f2f0da14fc0811,copied archive member
measurements/pilots/rp2040/rp2040_2_set87.jsonl,recorded-data/runs/rp2040_20260908/archive::results/campaign_20260908_191304_56ba3992/rp2040_2/set87_pilot_20260909_041216_0763f5a2/results.jsonl,measurement-record,9d0cea53aa655d19728a78b650e728abf98dad9f4e6f68f86ad0f53411a57b6b,copied archive member
measurements/telemetry/esp32_reports.csv,recorded-data/runs/tel_r1_inline_100ms/telemetry_reports.csv,measurement-record,8c9ec89bb2b414a2bb02b73f2c1f90165e1ab0538cf26f006aa12474762f9049,concatenated; condition columns added
measurements/telemetry/esp32_histogram.csv,recorded-data/runs/tel_r1_inline_100ms/telemetry_hist.csv,measurement-record,1823f227976a369e0f43b0995df79d3706d2f97be4d51918e84aada9ac141613,concatenated; condition columns added
measurements/telemetry/esp32_acquisition_exceptions.csv,recorded-data/runs/tel_r1_inline_100ms/telemetry_acq_exceptions.csv,measurement-record,e3e4770b0fe619e88651ffac0d6cfaff975fa78dbd8e6d7ae4e2f734715ad5ce,concatenated; condition columns added
measurements/telemetry/esp32_reports.csv,recorded-data/runs/tel_r1_inline_250ms/telemetry_reports.csv,measurement-record,e6fcce4a7e8dd176730441a2e413c0c45efb51045cafeb4829d3133957abb980,concatenated; condition columns added
measurements/telemetry/esp32_histogram.csv,recorded-data/runs/tel_r1_inline_250ms/telemetry_hist.csv,measurement-record,2c0c49697e3ae193445e4dbfd4f86f00e90890c7c0dee633fa65580e3c1376f1,concatenated; condition columns added
measurements/telemetry/esp32_acquisition_exceptions.csv,recorded-data/runs/tel_r1_inline_250ms/telemetry_acq_exceptions.csv,measurement-record,876702724c4b263984dcf19f041ac3834b62298f843e618d2dc587bf1ae48646,concatenated; condition columns added
measurements/telemetry/esp32_reports.csv,recorded-data/runs/tel_r1_inline_1000ms/telemetry_reports.csv,measurement-record,de6418d385d6dc985d55e2d48bbea4249b918f51b0f72d039ebd276b80a869da,concatenated; condition columns added
measurements/telemetry/esp32_histogram.csv,recorded-data/runs/tel_r1_inline_1000ms/telemetry_hist.csv,measurement-record,bc9624a62407a0c9d05bcb1993b5a5c52f5c38d9416e828fdbe0b4f36fa2ee87,concatenated; condition columns added
measurements/telemetry/esp32_acquisition_exceptions.csv,recorded-data/runs/tel_r1_inline_1000ms/telemetry_acq_exceptions.csv,measurement-record,ca65c6610acce88c62a381558e1204760f91c7f4857962f8254cd90d98d5ade2,concatenated; condition columns added
measurements/telemetry/esp32_reports.csv,recorded-data/runs/tel_r1_worker_100ms/telemetry_reports.csv,measurement-record,f7a53c45a3a87b90bab4d0225d3f03d1843dd651550b76d637b804a58d1577cd,concatenated; condition columns added
measurements/telemetry/esp32_histogram.csv,recorded-data/runs/tel_r1_worker_100ms/telemetry_hist.csv,measurement-record,c389df6a6fd068590de84fcbe88f76e4ef87b8f463ef008a509d8ec1262e5793,concatenated; condition columns added
measurements/telemetry/esp32_acquisition_exceptions.csv,recorded-data/runs/tel_r1_worker_100ms/telemetry_acq_exceptions.csv,measurement-record,c79b6b48f9dbb1be62412aeeb997e80eb636de77ddd47ef1c03a2233ca01230c,concatenated; condition columns added
measurements/telemetry/esp32_reports.csv,recorded-data/runs/tel_r1_worker_250ms/telemetry_reports.csv,measurement-record,f44761dcbe42b4bd47e08dc5a1ed82f2015c7e0d9aa93650b3f7f03c1bfe0aec,concatenated; condition columns added
measurements/telemetry/esp32_histogram.csv,recorded-data/runs/tel_r1_worker_250ms/telemetry_hist.csv,measurement-record,c389df6a6fd068590de84fcbe88f76e4ef87b8f463ef008a509d8ec1262e5793,concatenated; condition columns added
measurements/telemetry/esp32_acquisition_exceptions.csv,recorded-data/runs/tel_r1_worker_250ms/telemetry_acq_exceptions.csv,measurement-record,c79b6b48f9dbb1be62412aeeb997e80eb636de77ddd47ef1c03a2233ca01230c,concatenated; condition columns added
measurements/telemetry/esp32_reports.csv,recorded-data/runs/tel_r1_worker_1000ms/telemetry_reports.csv,measurement-record,8feeefe873333fb5ab42b7565a27d56f4aa074627e1c64662d2f63d80629fe96,concatenated; condition columns added
measurements/telemetry/esp32_histogram.csv,recorded-data/runs/tel_r1_worker_1000ms/telemetry_hist.csv,measurement-record,c389df6a6fd068590de84fcbe88f76e4ef87b8f463ef008a509d8ec1262e5793,concatenated; condition columns added
measurements/telemetry/esp32_acquisition_exceptions.csv,recorded-data/runs/tel_r1_worker_1000ms/telemetry_acq_exceptions.csv,measurement-record,c79b6b48f9dbb1be62412aeeb997e80eb636de77ddd47ef1c03a2233ca01230c,concatenated; condition columns added
measurements/telemetry/esp32_reports.csv,recorded-data/runs/tel_r2_inline_100ms/telemetry_reports.csv,measurement-record,b64a51a6aee7fca2dfbef5ad04f20014883fc246c91b9a376e55b3eed22fefbb,concatenated; condition columns added
measurements/telemetry/esp32_histogram.csv,recorded-data/runs/tel_r2_inline_100ms/telemetry_hist.csv,measurement-record,e8f8e700da7a3b0f9dd277b404044369644c77844b38ba933d9cfd9ae37cacd1,concatenated; condition columns added
measurements/telemetry/esp32_acquisition_exceptions.csv,recorded-data/runs/tel_r2_inline_100ms/telemetry_acq_exceptions.csv,measurement-record,b704e0aaa4c6f65b10a8a66fef4398b69a4c447ee1e445d7d6cdd8ecc12aa5ca,concatenated; condition columns added
measurements/telemetry/esp32_reports.csv,recorded-data/runs/tel_r2_inline_250ms/telemetry_reports.csv,measurement-record,9a52aad5d09202139f4ed22a09fa11d68b7fcdaeefc147eb85579efee45aa696,concatenated; condition columns added
measurements/telemetry/esp32_histogram.csv,recorded-data/runs/tel_r2_inline_250ms/telemetry_hist.csv,measurement-record,afb84bd1c7b06355850113b4c4254566181ef2664aae9150862b59fdf0d62781,concatenated; condition columns added
measurements/telemetry/esp32_acquisition_exceptions.csv,recorded-data/runs/tel_r2_inline_250ms/telemetry_acq_exceptions.csv,measurement-record,94c47c3858c756ba291a7e1054080530cf4b5a5b506f54489b8cc8905a2b0f97,concatenated; condition columns added
measurements/telemetry/esp32_reports.csv,recorded-data/runs/tel_r2_inline_1000ms/telemetry_reports.csv,measurement-record,fee7f0a1e51737f81c48f03d9c8ded8246c44205a27bb83f49220c7c136214c6,concatenated; condition columns added
measurements/telemetry/esp32_histogram.csv,recorded-data/runs/tel_r2_inline_1000ms/telemetry_hist.csv,measurement-record,fe033ec5ad355032a5097307d376bb20e5d5175e441d668a681d82b3217c18b7,concatenated; condition columns added
measurements/telemetry/esp32_acquisition_exceptions.csv,recorded-data/runs/tel_r2_inline_1000ms/telemetry_acq_exceptions.csv,measurement-record,c604e84a56fb0be4801311a6acaec75cbe7b41a9fc8a3d800e7935e0f108d86f,concatenated; condition columns added
measurements/telemetry/esp32_reports.csv,recorded-data/runs/tel_r2_worker_100ms/telemetry_reports.csv,measurement-record,afd45c5de74d2912e9fb55f9b1f3582ed83b677caefab46eb9aeef0cdf1be225,concatenated; condition columns added
measurements/telemetry/esp32_histogram.csv,recorded-data/runs/tel_r2_worker_100ms/telemetry_hist.csv,measurement-record,c389df6a6fd068590de84fcbe88f76e4ef87b8f463ef008a509d8ec1262e5793,concatenated; condition columns added
measurements/telemetry/esp32_acquisition_exceptions.csv,recorded-data/runs/tel_r2_worker_100ms/telemetry_acq_exceptions.csv,measurement-record,c79b6b48f9dbb1be62412aeeb997e80eb636de77ddd47ef1c03a2233ca01230c,concatenated; condition columns added
measurements/telemetry/esp32_reports.csv,recorded-data/runs/tel_r2_worker_250ms/telemetry_reports.csv,measurement-record,5283c4368989be6c8164c560980b895033eb379b99836fab328a9ab796727e22,concatenated; condition columns added
measurements/telemetry/esp32_histogram.csv,recorded-data/runs/tel_r2_worker_250ms/telemetry_hist.csv,measurement-record,c389df6a6fd068590de84fcbe88f76e4ef87b8f463ef008a509d8ec1262e5793,concatenated; condition columns added
measurements/telemetry/esp32_acquisition_exceptions.csv,recorded-data/runs/tel_r2_worker_250ms/telemetry_acq_exceptions.csv,measurement-record,c79b6b48f9dbb1be62412aeeb997e80eb636de77ddd47ef1c03a2233ca01230c,concatenated; condition columns added
measurements/telemetry/esp32_reports.csv,recorded-data/runs/tel_r2_worker_1000ms/telemetry_reports.csv,measurement-record,22f3fe44123876734d544b8b37fa329560eaed4f72e13fb3daeef313c4563e21,concatenated; condition columns added
measurements/telemetry/esp32_histogram.csv,recorded-data/runs/tel_r2_worker_1000ms/telemetry_hist.csv,measurement-record,c389df6a6fd068590de84fcbe88f76e4ef87b8f463ef008a509d8ec1262e5793,concatenated; condition columns added
measurements/telemetry/esp32_acquisition_exceptions.csv,recorded-data/runs/tel_r2_worker_1000ms/telemetry_acq_exceptions.csv,measurement-record,c79b6b48f9dbb1be62412aeeb997e80eb636de77ddd47ef1c03a2233ca01230c,concatenated; condition columns added
measurements/telemetry/esp32_reports.csv,recorded-data/runs/tel_r3_inline_100ms/telemetry_reports.csv,measurement-record,21ef5b5c8b789b65777f4c4ab57ce84dca4f76e4e634e2c9bf1ab7400600ce19,concatenated; condition columns added
measurements/telemetry/esp32_histogram.csv,recorded-data/runs/tel_r3_inline_100ms/telemetry_hist.csv,measurement-record,b7eb5f05dfa6a2c7870b634f9730efdab8a81d1b1e89913a16d00027a3e6634e,concatenated; condition columns added
measurements/telemetry/esp32_acquisition_exceptions.csv,recorded-data/runs/tel_r3_inline_100ms/telemetry_acq_exceptions.csv,measurement-record,826157553dc89e471fac47584e7b3779506e758023c14f096d3d9bba27565b5d,concatenated; condition columns added
measurements/telemetry/esp32_reports.csv,recorded-data/runs/tel_r3_inline_250ms/telemetry_reports.csv,measurement-record,178c7be5bbc4dac95624744decae06b3fc20e94cfb1fe7e01d09985b4b3d93cf,concatenated; condition columns added
measurements/telemetry/esp32_histogram.csv,recorded-data/runs/tel_r3_inline_250ms/telemetry_hist.csv,measurement-record,dea44575c4c1c1ce672fc04313695cbeace9289d7c5e7c9c37b09f2892fa2734,concatenated; condition columns added
measurements/telemetry/esp32_acquisition_exceptions.csv,recorded-data/runs/tel_r3_inline_250ms/telemetry_acq_exceptions.csv,measurement-record,8e58d573582c07d9609293ee2b94ba885329ea3daae10f83f75c27a82ef3deb8,concatenated; condition columns added
measurements/telemetry/esp32_reports.csv,recorded-data/runs/tel_r3_inline_1000ms/telemetry_reports.csv,measurement-record,d511fb77e6dc8f16543c070be58a3f0043277f23e7c5e11dd0eef8b5cdea1ba2,concatenated; condition columns added
measurements/telemetry/esp32_histogram.csv,recorded-data/runs/tel_r3_inline_1000ms/telemetry_hist.csv,measurement-record,f6e7e55babece4b2165dd794fecc895f80bca06a6459049c393d544d66e9c10c,concatenated; condition columns added
measurements/telemetry/esp32_acquisition_exceptions.csv,recorded-data/runs/tel_r3_inline_1000ms/telemetry_acq_exceptions.csv,measurement-record,07769150453f3d3a3fd33158b7f265218deb620543611134945f9548120b05a3,concatenated; condition columns added
measurements/telemetry/esp32_reports.csv,recorded-data/runs/tel_r3_worker_100ms/telemetry_reports.csv,measurement-record,44f2eed421f5f671302555136c621ff3ca419e787fe384084ba37eb0f774751f,concatenated; condition columns added
measurements/telemetry/esp32_histogram.csv,recorded-data/runs/tel_r3_worker_100ms/telemetry_hist.csv,measurement-record,c389df6a6fd068590de84fcbe88f76e4ef87b8f463ef008a509d8ec1262e5793,concatenated; condition columns added
measurements/telemetry/esp32_acquisition_exceptions.csv,recorded-data/runs/tel_r3_worker_100ms/telemetry_acq_exceptions.csv,measurement-record,c79b6b48f9dbb1be62412aeeb997e80eb636de77ddd47ef1c03a2233ca01230c,concatenated; condition columns added
measurements/telemetry/esp32_reports.csv,recorded-data/runs/tel_r3_worker_250ms/telemetry_reports.csv,measurement-record,1d6e6e11d5b77c61a0f0f4f4f9ef039ba28870e8e82617dd3faae4be4465cdc8,concatenated; condition columns added
measurements/telemetry/esp32_histogram.csv,recorded-data/runs/tel_r3_worker_250ms/telemetry_hist.csv,measurement-record,c389df6a6fd068590de84fcbe88f76e4ef87b8f463ef008a509d8ec1262e5793,concatenated; condition columns added
measurements/telemetry/esp32_acquisition_exceptions.csv,recorded-data/runs/tel_r3_worker_250ms/telemetry_acq_exceptions.csv,measurement-record,c79b6b48f9dbb1be62412aeeb997e80eb636de77ddd47ef1c03a2233ca01230c,concatenated; condition columns added
measurements/telemetry/esp32_reports.csv,recorded-data/runs/tel_r3_worker_1000ms/telemetry_reports.csv,measurement-record,e76fecc13e0e33b4b12bd284d740ea139fa2bbb2b203aa1ab79907ab5a8fee48,concatenated; condition columns added
measurements/telemetry/esp32_histogram.csv,recorded-data/runs/tel_r3_worker_1000ms/telemetry_hist.csv,measurement-record,c389df6a6fd068590de84fcbe88f76e4ef87b8f463ef008a509d8ec1262e5793,concatenated; condition columns added
measurements/telemetry/esp32_acquisition_exceptions.csv,recorded-data/runs/tel_r3_worker_1000ms/telemetry_acq_exceptions.csv,measurement-record,c79b6b48f9dbb1be62412aeeb997e80eb636de77ddd47ef1c03a2233ca01230c,concatenated; condition columns added
measurements/telemetry/esp32_histogram.csv,recorded-data/runs/tel_baseline_acqonly_v2/telemetry_hist.csv,measurement-record,c389df6a6fd068590de84fcbe88f76e4ef87b8f463ef008a509d8ec1262e5793,concatenated baseline; condition columns added
measurements/telemetry/rp2040_end.csv,recorded-data/rp2040-telemetry/results/telemetry_20260910_220603_bb30cb54/rp2040_1/run_00/attempt_20260910_220603_8a997c8f/raw.serial,measurement-record,620c5b31183b9544c13989500ab213d05278a0518f9f8a68af7ed8fc2e128642,CRC-validated JSON records converted to CSV; condition columns added
measurements/telemetry/rp2040_start.csv,recorded-data/rp2040-telemetry/results/telemetry_20260910_220603_bb30cb54/rp2040_1/run_00/attempt_20260910_220603_8a997c8f/raw.serial,measurement-record,620c5b31183b9544c13989500ab213d05278a0518f9f8a68af7ed8fc2e128642,CRC-validated JSON records converted to CSV; condition columns added
measurements/telemetry/rp2040_hist.csv,recorded-data/rp2040-telemetry/results/telemetry_20260910_220603_bb30cb54/rp2040_1/run_00/attempt_20260910_220603_8a997c8f/raw.serial,measurement-record,620c5b31183b9544c13989500ab213d05278a0518f9f8a68af7ed8fc2e128642,CRC-validated JSON records converted to CSV; condition columns added
measurements/telemetry/rp2040_report.csv,recorded-data/rp2040-telemetry/results/telemetry_20260910_220603_bb30cb54/rp2040_1/run_01/attempt_20260910_221604_efe3b9e8/raw.serial,measurement-record,5073b1bd2def9edb06f58ff0ded9048e2210dfedce8a8bf161f9998d69668d59,CRC-validated JSON records converted to CSV; condition columns added
measurements/telemetry/rp2040_end.csv,recorded-data/rp2040-telemetry/results/telemetry_20260910_220603_bb30cb54/rp2040_1/run_01/attempt_20260910_221604_efe3b9e8/raw.serial,measurement-record,5073b1bd2def9edb06f58ff0ded9048e2210dfedce8a8bf161f9998d69668d59,CRC-validated JSON records converted to CSV; condition columns added
measurements/telemetry/rp2040_start.csv,recorded-data/rp2040-telemetry/results/telemetry_20260910_220603_bb30cb54/rp2040_1/run_01/attempt_20260910_221604_efe3b9e8/raw.serial,measurement-record,5073b1bd2def9edb06f58ff0ded9048e2210dfedce8a8bf161f9998d69668d59,CRC-validated JSON records converted to CSV; condition columns added
measurements/telemetry/rp2040_hist.csv,recorded-data/rp2040-telemetry/results/telemetry_20260910_220603_bb30cb54/rp2040_1/run_01/attempt_20260910_221604_efe3b9e8/raw.serial,measurement-record,5073b1bd2def9edb06f58ff0ded9048e2210dfedce8a8bf161f9998d69668d59,CRC-validated JSON records converted to CSV; condition columns added
measurements/telemetry/rp2040_exception.csv,recorded-data/rp2040-telemetry/results/telemetry_20260910_220603_bb30cb54/rp2040_1/run_02/attempt_20260910_222610_8c606caf/raw.serial,measurement-record,a1333e9d807c10ca5c88f6a85735a48ac7b1f41fc4d88791c89c7f36dbe47106,CRC-validated JSON records converted to CSV; condition columns added
measurements/telemetry/rp2040_report.csv,recorded-data/rp2040-telemetry/results/telemetry_20260910_220603_bb30cb54/rp2040_1/run_02/attempt_20260910_222610_8c606caf/raw.serial,measurement-record,a1333e9d807c10ca5c88f6a85735a48ac7b1f41fc4d88791c89c7f36dbe47106,CRC-validated JSON records converted to CSV; condition columns added
measurements/telemetry/rp2040_end.csv,recorded-data/rp2040-telemetry/results/telemetry_20260910_220603_bb30cb54/rp2040_1/run_02/attempt_20260910_222610_8c606caf/raw.serial,measurement-record,a1333e9d807c10ca5c88f6a85735a48ac7b1f41fc4d88791c89c7f36dbe47106,CRC-validated JSON records converted to CSV; condition columns added
measurements/telemetry/rp2040_hist.csv,recorded-data/rp2040-telemetry/results/telemetry_20260910_220603_bb30cb54/rp2040_1/run_02/attempt_20260910_222610_8c606caf/raw.serial,measurement-record,a1333e9d807c10ca5c88f6a85735a48ac7b1f41fc4d88791c89c7f36dbe47106,CRC-validated JSON records converted to CSV; condition columns added
measurements/telemetry/rp2040_start.csv,recorded-data/rp2040-telemetry/results/telemetry_20260910_220603_bb30cb54/rp2040_1/run_02/attempt_20260910_222610_8c606caf/raw.serial,measurement-record,a1333e9d807c10ca5c88f6a85735a48ac7b1f41fc4d88791c89c7f36dbe47106,CRC-validated JSON records converted to CSV; condition columns added
measurements/telemetry/rp2040_report.csv,recorded-data/rp2040-telemetry/results/telemetry_20260910_220603_bb30cb54/rp2040_1/run_03/attempt_20260910_223615_95d69361/raw.serial,measurement-record,be30b02c98cc973393c5fe93d39e652cb2b06b52b022d7f46c6238a0ea418833,CRC-validated JSON records converted to CSV; condition columns added
measurements/telemetry/rp2040_end.csv,recorded-data/rp2040-telemetry/results/telemetry_20260910_220603_bb30cb54/rp2040_1/run_03/attempt_20260910_223615_95d69361/raw.serial,measurement-record,be30b02c98cc973393c5fe93d39e652cb2b06b52b022d7f46c6238a0ea418833,CRC-validated JSON records converted to CSV; condition columns added
measurements/telemetry/rp2040_start.csv,recorded-data/rp2040-telemetry/results/telemetry_20260910_220603_bb30cb54/rp2040_1/run_03/attempt_20260910_223615_95d69361/raw.serial,measurement-record,be30b02c98cc973393c5fe93d39e652cb2b06b52b022d7f46c6238a0ea418833,CRC-validated JSON records converted to CSV; condition columns added
measurements/telemetry/rp2040_hist.csv,recorded-data/rp2040-telemetry/results/telemetry_20260910_220603_bb30cb54/rp2040_1/run_03/attempt_20260910_223615_95d69361/raw.serial,measurement-record,be30b02c98cc973393c5fe93d39e652cb2b06b52b022d7f46c6238a0ea418833,CRC-validated JSON records converted to CSV; condition columns added
measurements/telemetry/rp2040_report.csv,recorded-data/rp2040-telemetry/results/telemetry_20260910_220603_bb30cb54/rp2040_1/run_04/attempt_20260910_224623_5ceb1658/raw.serial,measurement-record,7446f5555c94cc59cba94c97f79edb1647158e579ec081db019da3fdbc81dc86,CRC-validated JSON records converted to CSV; condition columns added
measurements/telemetry/rp2040_end.csv,recorded-data/rp2040-telemetry/results/telemetry_20260910_220603_bb30cb54/rp2040_1/run_04/attempt_20260910_224623_5ceb1658/raw.serial,measurement-record,7446f5555c94cc59cba94c97f79edb1647158e579ec081db019da3fdbc81dc86,CRC-validated JSON records converted to CSV; condition columns added
measurements/telemetry/rp2040_start.csv,recorded-data/rp2040-telemetry/results/telemetry_20260910_220603_bb30cb54/rp2040_1/run_04/attempt_20260910_224623_5ceb1658/raw.serial,measurement-record,7446f5555c94cc59cba94c97f79edb1647158e579ec081db019da3fdbc81dc86,CRC-validated JSON records converted to CSV; condition columns added
measurements/telemetry/rp2040_hist.csv,recorded-data/rp2040-telemetry/results/telemetry_20260910_220603_bb30cb54/rp2040_1/run_04/attempt_20260910_224623_5ceb1658/raw.serial,measurement-record,7446f5555c94cc59cba94c97f79edb1647158e579ec081db019da3fdbc81dc86,CRC-validated JSON records converted to CSV; condition columns added
measurements/telemetry/rp2040_exception.csv,recorded-data/rp2040-telemetry/results/telemetry_20260910_220603_bb30cb54/rp2040_1/run_05/attempt_20260910_225627_31411a35/raw.serial,measurement-record,d1b00cde8d75647533bb8df62ec606aa2fef270cf648b8332fff7ccecff2e501,CRC-validated JSON records converted to CSV; condition columns added
measurements/telemetry/rp2040_report.csv,recorded-data/rp2040-telemetry/results/telemetry_20260910_220603_bb30cb54/rp2040_1/run_05/attempt_20260910_225627_31411a35/raw.serial,measurement-record,d1b00cde8d75647533bb8df62ec606aa2fef270cf648b8332fff7ccecff2e501,CRC-validated JSON records converted to CSV; condition columns added
measurements/telemetry/rp2040_end.csv,recorded-data/rp2040-telemetry/results/telemetry_20260910_220603_bb30cb54/rp2040_1/run_05/attempt_20260910_225627_31411a35/raw.serial,measurement-record,d1b00cde8d75647533bb8df62ec606aa2fef270cf648b8332fff7ccecff2e501,CRC-validated JSON records converted to CSV; condition columns added
measurements/telemetry/rp2040_hist.csv,recorded-data/rp2040-telemetry/results/telemetry_20260910_220603_bb30cb54/rp2040_1/run_05/attempt_20260910_225627_31411a35/raw.serial,measurement-record,d1b00cde8d75647533bb8df62ec606aa2fef270cf648b8332fff7ccecff2e501,CRC-validated JSON records converted to CSV; condition columns added
measurements/telemetry/rp2040_start.csv,recorded-data/rp2040-telemetry/results/telemetry_20260910_220603_bb30cb54/rp2040_1/run_05/attempt_20260910_225627_31411a35/raw.serial,measurement-record,d1b00cde8d75647533bb8df62ec606aa2fef270cf648b8332fff7ccecff2e501,CRC-validated JSON records converted to CSV; condition columns added
measurements/telemetry/rp2040_exception.csv,recorded-data/rp2040-telemetry/results/telemetry_20260910_220603_bb30cb54/rp2040_1/run_06/attempt_20260910_230632_513553e7/raw.serial,measurement-record,84c5979d1e380aab852f456ca81f64e87b0a1696c3ac98341476f1176e598970,CRC-validated JSON records converted to CSV; condition columns added
measurements/telemetry/rp2040_report.csv,recorded-data/rp2040-telemetry/results/telemetry_20260910_220603_bb30cb54/rp2040_1/run_06/attempt_20260910_230632_513553e7/raw.serial,measurement-record,84c5979d1e380aab852f456ca81f64e87b0a1696c3ac98341476f1176e598970,CRC-validated JSON records converted to CSV; condition columns added
measurements/telemetry/rp2040_end.csv,recorded-data/rp2040-telemetry/results/telemetry_20260910_220603_bb30cb54/rp2040_1/run_06/attempt_20260910_230632_513553e7/raw.serial,measurement-record,84c5979d1e380aab852f456ca81f64e87b0a1696c3ac98341476f1176e598970,CRC-validated JSON records converted to CSV; condition columns added
measurements/telemetry/rp2040_hist.csv,recorded-data/rp2040-telemetry/results/telemetry_20260910_220603_bb30cb54/rp2040_1/run_06/attempt_20260910_230632_513553e7/raw.serial,measurement-record,84c5979d1e380aab852f456ca81f64e87b0a1696c3ac98341476f1176e598970,CRC-validated JSON records converted to CSV; condition columns added
measurements/telemetry/rp2040_start.csv,recorded-data/rp2040-telemetry/results/telemetry_20260910_220603_bb30cb54/rp2040_1/run_06/attempt_20260910_230632_513553e7/raw.serial,measurement-record,84c5979d1e380aab852f456ca81f64e87b0a1696c3ac98341476f1176e598970,CRC-validated JSON records converted to CSV; condition columns added
measurements/telemetry/rp2040_report.csv,recorded-data/rp2040-telemetry/results/telemetry_20260910_220603_bb30cb54/rp2040_1/run_07/attempt_20260910_231640_e63a39fb/raw.serial,measurement-record,3657cd31aad4ef0440ff6bc4073731a5d683bfd0ee97bcade5551332e4d69075,CRC-validated JSON records converted to CSV; condition columns added
measurements/telemetry/rp2040_end.csv,recorded-data/rp2040-telemetry/results/telemetry_20260910_220603_bb30cb54/rp2040_1/run_07/attempt_20260910_231640_e63a39fb/raw.serial,measurement-record,3657cd31aad4ef0440ff6bc4073731a5d683bfd0ee97bcade5551332e4d69075,CRC-validated JSON records converted to CSV; condition columns added
measurements/telemetry/rp2040_start.csv,recorded-data/rp2040-telemetry/results/telemetry_20260910_220603_bb30cb54/rp2040_1/run_07/attempt_20260910_231640_e63a39fb/raw.serial,measurement-record,3657cd31aad4ef0440ff6bc4073731a5d683bfd0ee97bcade5551332e4d69075,CRC-validated JSON records converted to CSV; condition columns added
measurements/telemetry/rp2040_hist.csv,recorded-data/rp2040-telemetry/results/telemetry_20260910_220603_bb30cb54/rp2040_1/run_07/attempt_20260910_231640_e63a39fb/raw.serial,measurement-record,3657cd31aad4ef0440ff6bc4073731a5d683bfd0ee97bcade5551332e4d69075,CRC-validated JSON records converted to CSV; condition columns added
measurements/telemetry/rp2040_report.csv,recorded-data/rp2040-telemetry/results/telemetry_20260910_220603_bb30cb54/rp2040_1/run_08/attempt_20260910_232645_d9113cf6/raw.serial,measurement-record,f1261a2fb7a718ffccdf0ffce50b4652ee296a1de235514c37940eaf387439a5,CRC-validated JSON records converted to CSV; condition columns added
measurements/telemetry/rp2040_end.csv,recorded-data/rp2040-telemetry/results/telemetry_20260910_220603_bb30cb54/rp2040_1/run_08/attempt_20260910_232645_d9113cf6/raw.serial,measurement-record,f1261a2fb7a718ffccdf0ffce50b4652ee296a1de235514c37940eaf387439a5,CRC-validated JSON records converted to CSV; condition columns added
measurements/telemetry/rp2040_start.csv,recorded-data/rp2040-telemetry/results/telemetry_20260910_220603_bb30cb54/rp2040_1/run_08/attempt_20260910_232645_d9113cf6/raw.serial,measurement-record,f1261a2fb7a718ffccdf0ffce50b4652ee296a1de235514c37940eaf387439a5,CRC-validated JSON records converted to CSV; condition columns added
measurements/telemetry/rp2040_hist.csv,recorded-data/rp2040-telemetry/results/telemetry_20260910_220603_bb30cb54/rp2040_1/run_08/attempt_20260910_232645_d9113cf6/raw.serial,measurement-record,f1261a2fb7a718ffccdf0ffce50b4652ee296a1de235514c37940eaf387439a5,CRC-validated JSON records converted to CSV; condition columns added
measurements/telemetry/rp2040_exception.csv,recorded-data/rp2040-telemetry/results/telemetry_20260910_220603_bb30cb54/rp2040_1/run_09/attempt_20260910_233652_f7ce7b47/raw.serial,measurement-record,29b35e0dcce5dcbe38e51068ba78e9d5e8c9defd3bdc2958cc9dcadcc0bb1552,CRC-validated JSON records converted to CSV; condition columns added
measurements/telemetry/rp2040_report.csv,recorded-data/rp2040-telemetry/results/telemetry_20260910_220603_bb30cb54/rp2040_1/run_09/attempt_20260910_233652_f7ce7b47/raw.serial,measurement-record,29b35e0dcce5dcbe38e51068ba78e9d5e8c9defd3bdc2958cc9dcadcc0bb1552,CRC-validated JSON records converted to CSV; condition columns added
measurements/telemetry/rp2040_end.csv,recorded-data/rp2040-telemetry/results/telemetry_20260910_220603_bb30cb54/rp2040_1/run_09/attempt_20260910_233652_f7ce7b47/raw.serial,measurement-record,29b35e0dcce5dcbe38e51068ba78e9d5e8c9defd3bdc2958cc9dcadcc0bb1552,CRC-validated JSON records converted to CSV; condition columns added
measurements/telemetry/rp2040_hist.csv,recorded-data/rp2040-telemetry/results/telemetry_20260910_220603_bb30cb54/rp2040_1/run_09/attempt_20260910_233652_f7ce7b47/raw.serial,measurement-record,29b35e0dcce5dcbe38e51068ba78e9d5e8c9defd3bdc2958cc9dcadcc0bb1552,CRC-validated JSON records converted to CSV; condition columns added
measurements/telemetry/rp2040_start.csv,recorded-data/rp2040-telemetry/results/telemetry_20260910_220603_bb30cb54/rp2040_1/run_09/attempt_20260910_233652_f7ce7b47/raw.serial,measurement-record,29b35e0dcce5dcbe38e51068ba78e9d5e8c9defd3bdc2958cc9dcadcc0bb1552,CRC-validated JSON records converted to CSV; condition columns added
measurements/telemetry/rp2040_exception.csv,recorded-data/rp2040-telemetry/results/telemetry_20260910_220603_bb30cb54/rp2040_1/run_10/attempt_20260910_234658_00b6c4f1/raw.serial,measurement-record,b20a4cde8b94c97fba18d1666601d17658b75d373e5dcfa5a5ff74d5eeb0864d,CRC-validated JSON records converted to CSV; condition columns added
measurements/telemetry/rp2040_report.csv,recorded-data/rp2040-telemetry/results/telemetry_20260910_220603_bb30cb54/rp2040_1/run_10/attempt_20260910_234658_00b6c4f1/raw.serial,measurement-record,b20a4cde8b94c97fba18d1666601d17658b75d373e5dcfa5a5ff74d5eeb0864d,CRC-validated JSON records converted to CSV; condition columns added
measurements/telemetry/rp2040_end.csv,recorded-data/rp2040-telemetry/results/telemetry_20260910_220603_bb30cb54/rp2040_1/run_10/attempt_20260910_234658_00b6c4f1/raw.serial,measurement-record,b20a4cde8b94c97fba18d1666601d17658b75d373e5dcfa5a5ff74d5eeb0864d,CRC-validated JSON records converted to CSV; condition columns added
measurements/telemetry/rp2040_hist.csv,recorded-data/rp2040-telemetry/results/telemetry_20260910_220603_bb30cb54/rp2040_1/run_10/attempt_20260910_234658_00b6c4f1/raw.serial,measurement-record,b20a4cde8b94c97fba18d1666601d17658b75d373e5dcfa5a5ff74d5eeb0864d,CRC-validated JSON records converted to CSV; condition columns added
measurements/telemetry/rp2040_start.csv,recorded-data/rp2040-telemetry/results/telemetry_20260910_220603_bb30cb54/rp2040_1/run_10/attempt_20260910_234658_00b6c4f1/raw.serial,measurement-record,b20a4cde8b94c97fba18d1666601d17658b75d373e5dcfa5a5ff74d5eeb0864d,CRC-validated JSON records converted to CSV; condition columns added
measurements/telemetry/rp2040_exception.csv,recorded-data/rp2040-telemetry/results/telemetry_20260910_220603_bb30cb54/rp2040_1/run_11/attempt_20260910_235706_77a1ec10/raw.serial,measurement-record,54c696e970d6f26a461540232b7ca967bc8c06790c017eb7f6af2704a37df7f8,CRC-validated JSON records converted to CSV; condition columns added
measurements/telemetry/rp2040_report.csv,recorded-data/rp2040-telemetry/results/telemetry_20260910_220603_bb30cb54/rp2040_1/run_11/attempt_20260910_235706_77a1ec10/raw.serial,measurement-record,54c696e970d6f26a461540232b7ca967bc8c06790c017eb7f6af2704a37df7f8,CRC-validated JSON records converted to CSV; condition columns added
measurements/telemetry/rp2040_end.csv,recorded-data/rp2040-telemetry/results/telemetry_20260910_220603_bb30cb54/rp2040_1/run_11/attempt_20260910_235706_77a1ec10/raw.serial,measurement-record,54c696e970d6f26a461540232b7ca967bc8c06790c017eb7f6af2704a37df7f8,CRC-validated JSON records converted to CSV; condition columns added
measurements/telemetry/rp2040_hist.csv,recorded-data/rp2040-telemetry/results/telemetry_20260910_220603_bb30cb54/rp2040_1/run_11/attempt_20260910_235706_77a1ec10/raw.serial,measurement-record,54c696e970d6f26a461540232b7ca967bc8c06790c017eb7f6af2704a37df7f8,CRC-validated JSON records converted to CSV; condition columns added
measurements/telemetry/rp2040_start.csv,recorded-data/rp2040-telemetry/results/telemetry_20260910_220603_bb30cb54/rp2040_1/run_11/attempt_20260910_235706_77a1ec10/raw.serial,measurement-record,54c696e970d6f26a461540232b7ca967bc8c06790c017eb7f6af2704a37df7f8,CRC-validated JSON records converted to CSV; condition columns added
measurements/telemetry/rp2040_report.csv,recorded-data/rp2040-telemetry/results/telemetry_20260910_220603_bb30cb54/rp2040_1/run_12/attempt_20260911_000711_78ca14ad/raw.serial,measurement-record,ae8259ac724cacf9a5b5338b4b213e464c5ca1da13e55300d3a296b8652763c5,CRC-validated JSON records converted to CSV; condition columns added
measurements/telemetry/rp2040_end.csv,recorded-data/rp2040-telemetry/results/telemetry_20260910_220603_bb30cb54/rp2040_1/run_12/attempt_20260911_000711_78ca14ad/raw.serial,measurement-record,ae8259ac724cacf9a5b5338b4b213e464c5ca1da13e55300d3a296b8652763c5,CRC-validated JSON records converted to CSV; condition columns added
measurements/telemetry/rp2040_start.csv,recorded-data/rp2040-telemetry/results/telemetry_20260910_220603_bb30cb54/rp2040_1/run_12/attempt_20260911_000711_78ca14ad/raw.serial,measurement-record,ae8259ac724cacf9a5b5338b4b213e464c5ca1da13e55300d3a296b8652763c5,CRC-validated JSON records converted to CSV; condition columns added
measurements/telemetry/rp2040_hist.csv,recorded-data/rp2040-telemetry/results/telemetry_20260910_220603_bb30cb54/rp2040_1/run_12/attempt_20260911_000711_78ca14ad/raw.serial,measurement-record,ae8259ac724cacf9a5b5338b4b213e464c5ca1da13e55300d3a296b8652763c5,CRC-validated JSON records converted to CSV; condition columns added
measurements/telemetry/rp2040_report.csv,recorded-data/rp2040-telemetry/results/telemetry_20260910_220603_bb30cb54/rp2040_1/run_13/attempt_20260911_001717_5cf6d4ad/raw.serial,measurement-record,f420648b0012ba0ef738aed13fc4a1830eed392235e5fad767fcfc633235bac3,CRC-validated JSON records converted to CSV; condition columns added
measurements/telemetry/rp2040_end.csv,recorded-data/rp2040-telemetry/results/telemetry_20260910_220603_bb30cb54/rp2040_1/run_13/attempt_20260911_001717_5cf6d4ad/raw.serial,measurement-record,f420648b0012ba0ef738aed13fc4a1830eed392235e5fad767fcfc633235bac3,CRC-validated JSON records converted to CSV; condition columns added
measurements/telemetry/rp2040_start.csv,recorded-data/rp2040-telemetry/results/telemetry_20260910_220603_bb30cb54/rp2040_1/run_13/attempt_20260911_001717_5cf6d4ad/raw.serial,measurement-record,f420648b0012ba0ef738aed13fc4a1830eed392235e5fad767fcfc633235bac3,CRC-validated JSON records converted to CSV; condition columns added
measurements/telemetry/rp2040_hist.csv,recorded-data/rp2040-telemetry/results/telemetry_20260910_220603_bb30cb54/rp2040_1/run_13/attempt_20260911_001717_5cf6d4ad/raw.serial,measurement-record,f420648b0012ba0ef738aed13fc4a1830eed392235e5fad767fcfc633235bac3,CRC-validated JSON records converted to CSV; condition columns added
measurements/telemetry/rp2040_exception.csv,recorded-data/rp2040-telemetry/results/telemetry_20260910_220603_bb30cb54/rp2040_1/run_14/attempt_20260911_002722_15144234/raw.serial,measurement-record,b9200886d19c8b58284f2efaec59ef95bf2930b7d4c8dcebdd2bf1df38e0d1df,CRC-validated JSON records converted to CSV; condition columns added
measurements/telemetry/rp2040_report.csv,recorded-data/rp2040-telemetry/results/telemetry_20260910_220603_bb30cb54/rp2040_1/run_14/attempt_20260911_002722_15144234/raw.serial,measurement-record,b9200886d19c8b58284f2efaec59ef95bf2930b7d4c8dcebdd2bf1df38e0d1df,CRC-validated JSON records converted to CSV; condition columns added
measurements/telemetry/rp2040_end.csv,recorded-data/rp2040-telemetry/results/telemetry_20260910_220603_bb30cb54/rp2040_1/run_14/attempt_20260911_002722_15144234/raw.serial,measurement-record,b9200886d19c8b58284f2efaec59ef95bf2930b7d4c8dcebdd2bf1df38e0d1df,CRC-validated JSON records converted to CSV; condition columns added
measurements/telemetry/rp2040_hist.csv,recorded-data/rp2040-telemetry/results/telemetry_20260910_220603_bb30cb54/rp2040_1/run_14/attempt_20260911_002722_15144234/raw.serial,measurement-record,b9200886d19c8b58284f2efaec59ef95bf2930b7d4c8dcebdd2bf1df38e0d1df,CRC-validated JSON records converted to CSV; condition columns added
measurements/telemetry/rp2040_start.csv,recorded-data/rp2040-telemetry/results/telemetry_20260910_220603_bb30cb54/rp2040_1/run_14/attempt_20260911_002722_15144234/raw.serial,measurement-record,b9200886d19c8b58284f2efaec59ef95bf2930b7d4c8dcebdd2bf1df38e0d1df,CRC-validated JSON records converted to CSV; condition columns added
measurements/telemetry/rp2040_report.csv,recorded-data/rp2040-telemetry/results/telemetry_20260910_220603_bb30cb54/rp2040_1/run_15/attempt_20260911_003726_734bdac8/raw.serial,measurement-record,2730fdefe1350db14e798291af73b5622d2731729a23dce33134d79f238ed5dc,CRC-validated JSON records converted to CSV; condition columns added
measurements/telemetry/rp2040_end.csv,recorded-data/rp2040-telemetry/results/telemetry_20260910_220603_bb30cb54/rp2040_1/run_15/attempt_20260911_003726_734bdac8/raw.serial,measurement-record,2730fdefe1350db14e798291af73b5622d2731729a23dce33134d79f238ed5dc,CRC-validated JSON records converted to CSV; condition columns added
measurements/telemetry/rp2040_start.csv,recorded-data/rp2040-telemetry/results/telemetry_20260910_220603_bb30cb54/rp2040_1/run_15/attempt_20260911_003726_734bdac8/raw.serial,measurement-record,2730fdefe1350db14e798291af73b5622d2731729a23dce33134d79f238ed5dc,CRC-validated JSON records converted to CSV; condition columns added
measurements/telemetry/rp2040_hist.csv,recorded-data/rp2040-telemetry/results/telemetry_20260910_220603_bb30cb54/rp2040_1/run_15/attempt_20260911_003726_734bdac8/raw.serial,measurement-record,2730fdefe1350db14e798291af73b5622d2731729a23dce33134d79f238ed5dc,CRC-validated JSON records converted to CSV; condition columns added
measurements/telemetry/rp2040_exception.csv,recorded-data/rp2040-telemetry/results/telemetry_20260910_220603_bb30cb54/rp2040_1/run_16/attempt_20260911_004730_465cea14/raw.serial,measurement-record,46970de7a5fd9e67bfbbb6ecab5e2eb32aee3c1d53c1d3112f23c56543c8442f,CRC-validated JSON records converted to CSV; condition columns added
measurements/telemetry/rp2040_report.csv,recorded-data/rp2040-telemetry/results/telemetry_20260910_220603_bb30cb54/rp2040_1/run_16/attempt_20260911_004730_465cea14/raw.serial,measurement-record,46970de7a5fd9e67bfbbb6ecab5e2eb32aee3c1d53c1d3112f23c56543c8442f,CRC-validated JSON records converted to CSV; condition columns added
measurements/telemetry/rp2040_end.csv,recorded-data/rp2040-telemetry/results/telemetry_20260910_220603_bb30cb54/rp2040_1/run_16/attempt_20260911_004730_465cea14/raw.serial,measurement-record,46970de7a5fd9e67bfbbb6ecab5e2eb32aee3c1d53c1d3112f23c56543c8442f,CRC-validated JSON records converted to CSV; condition columns added
measurements/telemetry/rp2040_hist.csv,recorded-data/rp2040-telemetry/results/telemetry_20260910_220603_bb30cb54/rp2040_1/run_16/attempt_20260911_004730_465cea14/raw.serial,measurement-record,46970de7a5fd9e67bfbbb6ecab5e2eb32aee3c1d53c1d3112f23c56543c8442f,CRC-validated JSON records converted to CSV; condition columns added
measurements/telemetry/rp2040_start.csv,recorded-data/rp2040-telemetry/results/telemetry_20260910_220603_bb30cb54/rp2040_1/run_16/attempt_20260911_004730_465cea14/raw.serial,measurement-record,46970de7a5fd9e67bfbbb6ecab5e2eb32aee3c1d53c1d3112f23c56543c8442f,CRC-validated JSON records converted to CSV; condition columns added
measurements/telemetry/rp2040_report.csv,recorded-data/rp2040-telemetry/results/telemetry_20260910_220603_bb30cb54/rp2040_1/run_17/attempt_20260911_005735_d5df9fa1/raw.serial,measurement-record,283e79a8f7c4e705e7368b743a9980b747941df8f98dc892f265a71fc4ab3b0c,CRC-validated JSON records converted to CSV; condition columns added
measurements/telemetry/rp2040_end.csv,recorded-data/rp2040-telemetry/results/telemetry_20260910_220603_bb30cb54/rp2040_1/run_17/attempt_20260911_005735_d5df9fa1/raw.serial,measurement-record,283e79a8f7c4e705e7368b743a9980b747941df8f98dc892f265a71fc4ab3b0c,CRC-validated JSON records converted to CSV; condition columns added
measurements/telemetry/rp2040_start.csv,recorded-data/rp2040-telemetry/results/telemetry_20260910_220603_bb30cb54/rp2040_1/run_17/attempt_20260911_005735_d5df9fa1/raw.serial,measurement-record,283e79a8f7c4e705e7368b743a9980b747941df8f98dc892f265a71fc4ab3b0c,CRC-validated JSON records converted to CSV; condition columns added
measurements/telemetry/rp2040_hist.csv,recorded-data/rp2040-telemetry/results/telemetry_20260910_220603_bb30cb54/rp2040_1/run_17/attempt_20260911_005735_d5df9fa1/raw.serial,measurement-record,283e79a8f7c4e705e7368b743a9980b747941df8f98dc892f265a71fc4ab3b0c,CRC-validated JSON records converted to CSV; condition columns added
measurements/telemetry/rp2040_exception.csv,recorded-data/rp2040-telemetry/results/telemetry_20260910_220603_bb30cb54/rp2040_1/run_18/attempt_20260911_010742_923e0c19/raw.serial,measurement-record,092d8e00e382bb094803991f28647054a2e914249a08799d8699c4d17793f03e,CRC-validated JSON records converted to CSV; condition columns added
measurements/telemetry/rp2040_report.csv,recorded-data/rp2040-telemetry/results/telemetry_20260910_220603_bb30cb54/rp2040_1/run_18/attempt_20260911_010742_923e0c19/raw.serial,measurement-record,092d8e00e382bb094803991f28647054a2e914249a08799d8699c4d17793f03e,CRC-validated JSON records converted to CSV; condition columns added
measurements/telemetry/rp2040_end.csv,recorded-data/rp2040-telemetry/results/telemetry_20260910_220603_bb30cb54/rp2040_1/run_18/attempt_20260911_010742_923e0c19/raw.serial,measurement-record,092d8e00e382bb094803991f28647054a2e914249a08799d8699c4d17793f03e,CRC-validated JSON records converted to CSV; condition columns added
measurements/telemetry/rp2040_hist.csv,recorded-data/rp2040-telemetry/results/telemetry_20260910_220603_bb30cb54/rp2040_1/run_18/attempt_20260911_010742_923e0c19/raw.serial,measurement-record,092d8e00e382bb094803991f28647054a2e914249a08799d8699c4d17793f03e,CRC-validated JSON records converted to CSV; condition columns added
measurements/telemetry/rp2040_start.csv,recorded-data/rp2040-telemetry/results/telemetry_20260910_220603_bb30cb54/rp2040_1/run_18/attempt_20260911_010742_923e0c19/raw.serial,measurement-record,092d8e00e382bb094803991f28647054a2e914249a08799d8699c4d17793f03e,CRC-validated JSON records converted to CSV; condition columns added
measurements/telemetry/rp2040_end.csv,recorded-data/rp2040-telemetry/results/telemetry_20260910_220603_bb30cb54/rp2040_2/run_00/attempt_20260910_220603_0ef6b30a/raw.serial,measurement-record,620c5b31183b9544c13989500ab213d05278a0518f9f8a68af7ed8fc2e128642,CRC-validated JSON records converted to CSV; condition columns added
measurements/telemetry/rp2040_start.csv,recorded-data/rp2040-telemetry/results/telemetry_20260910_220603_bb30cb54/rp2040_2/run_00/attempt_20260910_220603_0ef6b30a/raw.serial,measurement-record,620c5b31183b9544c13989500ab213d05278a0518f9f8a68af7ed8fc2e128642,CRC-validated JSON records converted to CSV; condition columns added
measurements/telemetry/rp2040_hist.csv,recorded-data/rp2040-telemetry/results/telemetry_20260910_220603_bb30cb54/rp2040_2/run_00/attempt_20260910_220603_0ef6b30a/raw.serial,measurement-record,620c5b31183b9544c13989500ab213d05278a0518f9f8a68af7ed8fc2e128642,CRC-validated JSON records converted to CSV; condition columns added
measurements/telemetry/rp2040_report.csv,recorded-data/rp2040-telemetry/results/telemetry_20260910_220603_bb30cb54/rp2040_2/run_01/attempt_20260910_221605_377bd47e/raw.serial,measurement-record,d47705fa8a6679cee3106c3ade353c0b3ea865505e5ab3f1365e162769732839,CRC-validated JSON records converted to CSV; condition columns added
measurements/telemetry/rp2040_end.csv,recorded-data/rp2040-telemetry/results/telemetry_20260910_220603_bb30cb54/rp2040_2/run_01/attempt_20260910_221605_377bd47e/raw.serial,measurement-record,d47705fa8a6679cee3106c3ade353c0b3ea865505e5ab3f1365e162769732839,CRC-validated JSON records converted to CSV; condition columns added
measurements/telemetry/rp2040_start.csv,recorded-data/rp2040-telemetry/results/telemetry_20260910_220603_bb30cb54/rp2040_2/run_01/attempt_20260910_221605_377bd47e/raw.serial,measurement-record,d47705fa8a6679cee3106c3ade353c0b3ea865505e5ab3f1365e162769732839,CRC-validated JSON records converted to CSV; condition columns added
measurements/telemetry/rp2040_hist.csv,recorded-data/rp2040-telemetry/results/telemetry_20260910_220603_bb30cb54/rp2040_2/run_01/attempt_20260910_221605_377bd47e/raw.serial,measurement-record,d47705fa8a6679cee3106c3ade353c0b3ea865505e5ab3f1365e162769732839,CRC-validated JSON records converted to CSV; condition columns added
measurements/telemetry/rp2040_exception.csv,recorded-data/rp2040-telemetry/results/telemetry_20260910_220603_bb30cb54/rp2040_2/run_02/attempt_20260910_222610_c48ab0b7/raw.serial,measurement-record,95276b0bd9b9cf3da8be898497b5cb83663c931cf3ef74d06102680c690c992c,CRC-validated JSON records converted to CSV; condition columns added
measurements/telemetry/rp2040_report.csv,recorded-data/rp2040-telemetry/results/telemetry_20260910_220603_bb30cb54/rp2040_2/run_02/attempt_20260910_222610_c48ab0b7/raw.serial,measurement-record,95276b0bd9b9cf3da8be898497b5cb83663c931cf3ef74d06102680c690c992c,CRC-validated JSON records converted to CSV; condition columns added
measurements/telemetry/rp2040_end.csv,recorded-data/rp2040-telemetry/results/telemetry_20260910_220603_bb30cb54/rp2040_2/run_02/attempt_20260910_222610_c48ab0b7/raw.serial,measurement-record,95276b0bd9b9cf3da8be898497b5cb83663c931cf3ef74d06102680c690c992c,CRC-validated JSON records converted to CSV; condition columns added
measurements/telemetry/rp2040_hist.csv,recorded-data/rp2040-telemetry/results/telemetry_20260910_220603_bb30cb54/rp2040_2/run_02/attempt_20260910_222610_c48ab0b7/raw.serial,measurement-record,95276b0bd9b9cf3da8be898497b5cb83663c931cf3ef74d06102680c690c992c,CRC-validated JSON records converted to CSV; condition columns added
measurements/telemetry/rp2040_start.csv,recorded-data/rp2040-telemetry/results/telemetry_20260910_220603_bb30cb54/rp2040_2/run_02/attempt_20260910_222610_c48ab0b7/raw.serial,measurement-record,95276b0bd9b9cf3da8be898497b5cb83663c931cf3ef74d06102680c690c992c,CRC-validated JSON records converted to CSV; condition columns added
measurements/telemetry/rp2040_report.csv,recorded-data/rp2040-telemetry/results/telemetry_20260910_220603_bb30cb54/rp2040_2/run_03/attempt_20260910_223616_37d6e820/raw.serial,measurement-record,fe78ee8440a047998e11c4b1755e697f189e0f2cbbfd9084b2fcc14c76eac613,CRC-validated JSON records converted to CSV; condition columns added
measurements/telemetry/rp2040_end.csv,recorded-data/rp2040-telemetry/results/telemetry_20260910_220603_bb30cb54/rp2040_2/run_03/attempt_20260910_223616_37d6e820/raw.serial,measurement-record,fe78ee8440a047998e11c4b1755e697f189e0f2cbbfd9084b2fcc14c76eac613,CRC-validated JSON records converted to CSV; condition columns added
measurements/telemetry/rp2040_start.csv,recorded-data/rp2040-telemetry/results/telemetry_20260910_220603_bb30cb54/rp2040_2/run_03/attempt_20260910_223616_37d6e820/raw.serial,measurement-record,fe78ee8440a047998e11c4b1755e697f189e0f2cbbfd9084b2fcc14c76eac613,CRC-validated JSON records converted to CSV; condition columns added
measurements/telemetry/rp2040_hist.csv,recorded-data/rp2040-telemetry/results/telemetry_20260910_220603_bb30cb54/rp2040_2/run_03/attempt_20260910_223616_37d6e820/raw.serial,measurement-record,fe78ee8440a047998e11c4b1755e697f189e0f2cbbfd9084b2fcc14c76eac613,CRC-validated JSON records converted to CSV; condition columns added
measurements/telemetry/rp2040_report.csv,recorded-data/rp2040-telemetry/results/telemetry_20260910_220603_bb30cb54/rp2040_2/run_04/attempt_20260910_224623_13fae146/raw.serial,measurement-record,51a9bbe28e24393eeff97c0d9bd50cfa6eff5f9065f93c52b32d754afb794d67,CRC-validated JSON records converted to CSV; condition columns added
measurements/telemetry/rp2040_end.csv,recorded-data/rp2040-telemetry/results/telemetry_20260910_220603_bb30cb54/rp2040_2/run_04/attempt_20260910_224623_13fae146/raw.serial,measurement-record,51a9bbe28e24393eeff97c0d9bd50cfa6eff5f9065f93c52b32d754afb794d67,CRC-validated JSON records converted to CSV; condition columns added
measurements/telemetry/rp2040_start.csv,recorded-data/rp2040-telemetry/results/telemetry_20260910_220603_bb30cb54/rp2040_2/run_04/attempt_20260910_224623_13fae146/raw.serial,measurement-record,51a9bbe28e24393eeff97c0d9bd50cfa6eff5f9065f93c52b32d754afb794d67,CRC-validated JSON records converted to CSV; condition columns added
measurements/telemetry/rp2040_hist.csv,recorded-data/rp2040-telemetry/results/telemetry_20260910_220603_bb30cb54/rp2040_2/run_04/attempt_20260910_224623_13fae146/raw.serial,measurement-record,51a9bbe28e24393eeff97c0d9bd50cfa6eff5f9065f93c52b32d754afb794d67,CRC-validated JSON records converted to CSV; condition columns added
measurements/telemetry/rp2040_exception.csv,recorded-data/rp2040-telemetry/results/telemetry_20260910_220603_bb30cb54/rp2040_2/run_05/attempt_20260910_225628_3f7acdb6/raw.serial,measurement-record,e0d4e4e500ee842a002b710249b5f8b07216d5a21213d4125e1d2afc7884f8fd,CRC-validated JSON records converted to CSV; condition columns added
measurements/telemetry/rp2040_report.csv,recorded-data/rp2040-telemetry/results/telemetry_20260910_220603_bb30cb54/rp2040_2/run_05/attempt_20260910_225628_3f7acdb6/raw.serial,measurement-record,e0d4e4e500ee842a002b710249b5f8b07216d5a21213d4125e1d2afc7884f8fd,CRC-validated JSON records converted to CSV; condition columns added
measurements/telemetry/rp2040_end.csv,recorded-data/rp2040-telemetry/results/telemetry_20260910_220603_bb30cb54/rp2040_2/run_05/attempt_20260910_225628_3f7acdb6/raw.serial,measurement-record,e0d4e4e500ee842a002b710249b5f8b07216d5a21213d4125e1d2afc7884f8fd,CRC-validated JSON records converted to CSV; condition columns added
measurements/telemetry/rp2040_hist.csv,recorded-data/rp2040-telemetry/results/telemetry_20260910_220603_bb30cb54/rp2040_2/run_05/attempt_20260910_225628_3f7acdb6/raw.serial,measurement-record,e0d4e4e500ee842a002b710249b5f8b07216d5a21213d4125e1d2afc7884f8fd,CRC-validated JSON records converted to CSV; condition columns added
measurements/telemetry/rp2040_start.csv,recorded-data/rp2040-telemetry/results/telemetry_20260910_220603_bb30cb54/rp2040_2/run_05/attempt_20260910_225628_3f7acdb6/raw.serial,measurement-record,e0d4e4e500ee842a002b710249b5f8b07216d5a21213d4125e1d2afc7884f8fd,CRC-validated JSON records converted to CSV; condition columns added
measurements/telemetry/rp2040_exception.csv,recorded-data/rp2040-telemetry/results/telemetry_20260910_220603_bb30cb54/rp2040_2/run_06/attempt_20260910_230633_130e1337/raw.serial,measurement-record,75288d93df5d675d5caa6be47ed385e4ce2dbe1052ed6fbe26498a8278d84478,CRC-validated JSON records converted to CSV; condition columns added
measurements/telemetry/rp2040_report.csv,recorded-data/rp2040-telemetry/results/telemetry_20260910_220603_bb30cb54/rp2040_2/run_06/attempt_20260910_230633_130e1337/raw.serial,measurement-record,75288d93df5d675d5caa6be47ed385e4ce2dbe1052ed6fbe26498a8278d84478,CRC-validated JSON records converted to CSV; condition columns added
measurements/telemetry/rp2040_end.csv,recorded-data/rp2040-telemetry/results/telemetry_20260910_220603_bb30cb54/rp2040_2/run_06/attempt_20260910_230633_130e1337/raw.serial,measurement-record,75288d93df5d675d5caa6be47ed385e4ce2dbe1052ed6fbe26498a8278d84478,CRC-validated JSON records converted to CSV; condition columns added
measurements/telemetry/rp2040_hist.csv,recorded-data/rp2040-telemetry/results/telemetry_20260910_220603_bb30cb54/rp2040_2/run_06/attempt_20260910_230633_130e1337/raw.serial,measurement-record,75288d93df5d675d5caa6be47ed385e4ce2dbe1052ed6fbe26498a8278d84478,CRC-validated JSON records converted to CSV; condition columns added
measurements/telemetry/rp2040_start.csv,recorded-data/rp2040-telemetry/results/telemetry_20260910_220603_bb30cb54/rp2040_2/run_06/attempt_20260910_230633_130e1337/raw.serial,measurement-record,75288d93df5d675d5caa6be47ed385e4ce2dbe1052ed6fbe26498a8278d84478,CRC-validated JSON records converted to CSV; condition columns added
measurements/telemetry/rp2040_report.csv,recorded-data/rp2040-telemetry/results/telemetry_20260910_220603_bb30cb54/rp2040_2/run_07/attempt_20260910_231640_10442fa8/raw.serial,measurement-record,83b1941bedcc91744d697585054b46b1b7a867c482a16e97aa0d6c39ae50db87,CRC-validated JSON records converted to CSV; condition columns added
measurements/telemetry/rp2040_end.csv,recorded-data/rp2040-telemetry/results/telemetry_20260910_220603_bb30cb54/rp2040_2/run_07/attempt_20260910_231640_10442fa8/raw.serial,measurement-record,83b1941bedcc91744d697585054b46b1b7a867c482a16e97aa0d6c39ae50db87,CRC-validated JSON records converted to CSV; condition columns added
measurements/telemetry/rp2040_start.csv,recorded-data/rp2040-telemetry/results/telemetry_20260910_220603_bb30cb54/rp2040_2/run_07/attempt_20260910_231640_10442fa8/raw.serial,measurement-record,83b1941bedcc91744d697585054b46b1b7a867c482a16e97aa0d6c39ae50db87,CRC-validated JSON records converted to CSV; condition columns added
measurements/telemetry/rp2040_hist.csv,recorded-data/rp2040-telemetry/results/telemetry_20260910_220603_bb30cb54/rp2040_2/run_07/attempt_20260910_231640_10442fa8/raw.serial,measurement-record,83b1941bedcc91744d697585054b46b1b7a867c482a16e97aa0d6c39ae50db87,CRC-validated JSON records converted to CSV; condition columns added
measurements/telemetry/rp2040_report.csv,recorded-data/rp2040-telemetry/results/telemetry_20260910_220603_bb30cb54/rp2040_2/run_08/attempt_20260910_232645_55d8cdcc/raw.serial,measurement-record,7cf67554f2d3d6da7a3e0061734a4ffc04ca13e05e01fd660ef287f3910ec198,CRC-validated JSON records converted to CSV; condition columns added
measurements/telemetry/rp2040_end.csv,recorded-data/rp2040-telemetry/results/telemetry_20260910_220603_bb30cb54/rp2040_2/run_08/attempt_20260910_232645_55d8cdcc/raw.serial,measurement-record,7cf67554f2d3d6da7a3e0061734a4ffc04ca13e05e01fd660ef287f3910ec198,CRC-validated JSON records converted to CSV; condition columns added
measurements/telemetry/rp2040_start.csv,recorded-data/rp2040-telemetry/results/telemetry_20260910_220603_bb30cb54/rp2040_2/run_08/attempt_20260910_232645_55d8cdcc/raw.serial,measurement-record,7cf67554f2d3d6da7a3e0061734a4ffc04ca13e05e01fd660ef287f3910ec198,CRC-validated JSON records converted to CSV; condition columns added
measurements/telemetry/rp2040_hist.csv,recorded-data/rp2040-telemetry/results/telemetry_20260910_220603_bb30cb54/rp2040_2/run_08/attempt_20260910_232645_55d8cdcc/raw.serial,measurement-record,7cf67554f2d3d6da7a3e0061734a4ffc04ca13e05e01fd660ef287f3910ec198,CRC-validated JSON records converted to CSV; condition columns added
measurements/telemetry/rp2040_exception.csv,recorded-data/rp2040-telemetry/results/telemetry_20260910_220603_bb30cb54/rp2040_2/run_09/attempt_20260910_233653_d31e9675/raw.serial,measurement-record,b761d0fb9cdd0544e7fd12d5dd3c4866ba2298fdc2669a3aac2a9d2637d90868,CRC-validated JSON records converted to CSV; condition columns added
measurements/telemetry/rp2040_report.csv,recorded-data/rp2040-telemetry/results/telemetry_20260910_220603_bb30cb54/rp2040_2/run_09/attempt_20260910_233653_d31e9675/raw.serial,measurement-record,b761d0fb9cdd0544e7fd12d5dd3c4866ba2298fdc2669a3aac2a9d2637d90868,CRC-validated JSON records converted to CSV; condition columns added
measurements/telemetry/rp2040_end.csv,recorded-data/rp2040-telemetry/results/telemetry_20260910_220603_bb30cb54/rp2040_2/run_09/attempt_20260910_233653_d31e9675/raw.serial,measurement-record,b761d0fb9cdd0544e7fd12d5dd3c4866ba2298fdc2669a3aac2a9d2637d90868,CRC-validated JSON records converted to CSV; condition columns added
measurements/telemetry/rp2040_hist.csv,recorded-data/rp2040-telemetry/results/telemetry_20260910_220603_bb30cb54/rp2040_2/run_09/attempt_20260910_233653_d31e9675/raw.serial,measurement-record,b761d0fb9cdd0544e7fd12d5dd3c4866ba2298fdc2669a3aac2a9d2637d90868,CRC-validated JSON records converted to CSV; condition columns added
measurements/telemetry/rp2040_start.csv,recorded-data/rp2040-telemetry/results/telemetry_20260910_220603_bb30cb54/rp2040_2/run_09/attempt_20260910_233653_d31e9675/raw.serial,measurement-record,b761d0fb9cdd0544e7fd12d5dd3c4866ba2298fdc2669a3aac2a9d2637d90868,CRC-validated JSON records converted to CSV; condition columns added
measurements/telemetry/rp2040_exception.csv,recorded-data/rp2040-telemetry/results/telemetry_20260910_220603_bb30cb54/rp2040_2/run_10/attempt_20260910_234659_f94e26ec/raw.serial,measurement-record,b0d7e0371341eacc833534e6c371a48c915bfd7b01a2611a23d7ad4f978e88c8,CRC-validated JSON records converted to CSV; condition columns added
measurements/telemetry/rp2040_report.csv,recorded-data/rp2040-telemetry/results/telemetry_20260910_220603_bb30cb54/rp2040_2/run_10/attempt_20260910_234659_f94e26ec/raw.serial,measurement-record,b0d7e0371341eacc833534e6c371a48c915bfd7b01a2611a23d7ad4f978e88c8,CRC-validated JSON records converted to CSV; condition columns added
measurements/telemetry/rp2040_end.csv,recorded-data/rp2040-telemetry/results/telemetry_20260910_220603_bb30cb54/rp2040_2/run_10/attempt_20260910_234659_f94e26ec/raw.serial,measurement-record,b0d7e0371341eacc833534e6c371a48c915bfd7b01a2611a23d7ad4f978e88c8,CRC-validated JSON records converted to CSV; condition columns added
measurements/telemetry/rp2040_hist.csv,recorded-data/rp2040-telemetry/results/telemetry_20260910_220603_bb30cb54/rp2040_2/run_10/attempt_20260910_234659_f94e26ec/raw.serial,measurement-record,b0d7e0371341eacc833534e6c371a48c915bfd7b01a2611a23d7ad4f978e88c8,CRC-validated JSON records converted to CSV; condition columns added
measurements/telemetry/rp2040_start.csv,recorded-data/rp2040-telemetry/results/telemetry_20260910_220603_bb30cb54/rp2040_2/run_10/attempt_20260910_234659_f94e26ec/raw.serial,measurement-record,b0d7e0371341eacc833534e6c371a48c915bfd7b01a2611a23d7ad4f978e88c8,CRC-validated JSON records converted to CSV; condition columns added
measurements/telemetry/rp2040_exception.csv,recorded-data/rp2040-telemetry/results/telemetry_20260910_220603_bb30cb54/rp2040_2/run_11/attempt_20260910_235707_11c4261a/raw.serial,measurement-record,e7ffa0038d051a79c283b72218e9cfa5943720166d5d4b2d52d6267bd4822362,CRC-validated JSON records converted to CSV; condition columns added
measurements/telemetry/rp2040_report.csv,recorded-data/rp2040-telemetry/results/telemetry_20260910_220603_bb30cb54/rp2040_2/run_11/attempt_20260910_235707_11c4261a/raw.serial,measurement-record,e7ffa0038d051a79c283b72218e9cfa5943720166d5d4b2d52d6267bd4822362,CRC-validated JSON records converted to CSV; condition columns added
measurements/telemetry/rp2040_end.csv,recorded-data/rp2040-telemetry/results/telemetry_20260910_220603_bb30cb54/rp2040_2/run_11/attempt_20260910_235707_11c4261a/raw.serial,measurement-record,e7ffa0038d051a79c283b72218e9cfa5943720166d5d4b2d52d6267bd4822362,CRC-validated JSON records converted to CSV; condition columns added
measurements/telemetry/rp2040_hist.csv,recorded-data/rp2040-telemetry/results/telemetry_20260910_220603_bb30cb54/rp2040_2/run_11/attempt_20260910_235707_11c4261a/raw.serial,measurement-record,e7ffa0038d051a79c283b72218e9cfa5943720166d5d4b2d52d6267bd4822362,CRC-validated JSON records converted to CSV; condition columns added
measurements/telemetry/rp2040_start.csv,recorded-data/rp2040-telemetry/results/telemetry_20260910_220603_bb30cb54/rp2040_2/run_11/attempt_20260910_235707_11c4261a/raw.serial,measurement-record,e7ffa0038d051a79c283b72218e9cfa5943720166d5d4b2d52d6267bd4822362,CRC-validated JSON records converted to CSV; condition columns added
measurements/telemetry/rp2040_report.csv,recorded-data/rp2040-telemetry/results/telemetry_20260910_220603_bb30cb54/rp2040_2/run_12/attempt_20260911_000712_0ff90773/raw.serial,measurement-record,003acca1aba02a316cc5a776ba95ecc14d2f3123c1aa10c87292798cc00e460a,CRC-validated JSON records converted to CSV; condition columns added
measurements/telemetry/rp2040_end.csv,recorded-data/rp2040-telemetry/results/telemetry_20260910_220603_bb30cb54/rp2040_2/run_12/attempt_20260911_000712_0ff90773/raw.serial,measurement-record,003acca1aba02a316cc5a776ba95ecc14d2f3123c1aa10c87292798cc00e460a,CRC-validated JSON records converted to CSV; condition columns added
measurements/telemetry/rp2040_start.csv,recorded-data/rp2040-telemetry/results/telemetry_20260910_220603_bb30cb54/rp2040_2/run_12/attempt_20260911_000712_0ff90773/raw.serial,measurement-record,003acca1aba02a316cc5a776ba95ecc14d2f3123c1aa10c87292798cc00e460a,CRC-validated JSON records converted to CSV; condition columns added
measurements/telemetry/rp2040_hist.csv,recorded-data/rp2040-telemetry/results/telemetry_20260910_220603_bb30cb54/rp2040_2/run_12/attempt_20260911_000712_0ff90773/raw.serial,measurement-record,003acca1aba02a316cc5a776ba95ecc14d2f3123c1aa10c87292798cc00e460a,CRC-validated JSON records converted to CSV; condition columns added
measurements/telemetry/rp2040_report.csv,recorded-data/rp2040-telemetry/results/telemetry_20260910_220603_bb30cb54/rp2040_2/run_13/attempt_20260911_001717_051d7305/raw.serial,measurement-record,ddc3e0b32a8f373e4b531799e007ff7109a10ee5acb1524234b51f8dd9bc05e9,CRC-validated JSON records converted to CSV; condition columns added
measurements/telemetry/rp2040_end.csv,recorded-data/rp2040-telemetry/results/telemetry_20260910_220603_bb30cb54/rp2040_2/run_13/attempt_20260911_001717_051d7305/raw.serial,measurement-record,ddc3e0b32a8f373e4b531799e007ff7109a10ee5acb1524234b51f8dd9bc05e9,CRC-validated JSON records converted to CSV; condition columns added
measurements/telemetry/rp2040_start.csv,recorded-data/rp2040-telemetry/results/telemetry_20260910_220603_bb30cb54/rp2040_2/run_13/attempt_20260911_001717_051d7305/raw.serial,measurement-record,ddc3e0b32a8f373e4b531799e007ff7109a10ee5acb1524234b51f8dd9bc05e9,CRC-validated JSON records converted to CSV; condition columns added
measurements/telemetry/rp2040_hist.csv,recorded-data/rp2040-telemetry/results/telemetry_20260910_220603_bb30cb54/rp2040_2/run_13/attempt_20260911_001717_051d7305/raw.serial,measurement-record,ddc3e0b32a8f373e4b531799e007ff7109a10ee5acb1524234b51f8dd9bc05e9,CRC-validated JSON records converted to CSV; condition columns added
measurements/telemetry/rp2040_exception.csv,recorded-data/rp2040-telemetry/results/telemetry_20260910_220603_bb30cb54/rp2040_2/run_14/attempt_20260911_002722_554e8f5c/raw.serial,measurement-record,cf0edb204463e945e913586e46ddb9458491277efd8493a0e367339013fd1041,CRC-validated JSON records converted to CSV; condition columns added
measurements/telemetry/rp2040_report.csv,recorded-data/rp2040-telemetry/results/telemetry_20260910_220603_bb30cb54/rp2040_2/run_14/attempt_20260911_002722_554e8f5c/raw.serial,measurement-record,cf0edb204463e945e913586e46ddb9458491277efd8493a0e367339013fd1041,CRC-validated JSON records converted to CSV; condition columns added
measurements/telemetry/rp2040_end.csv,recorded-data/rp2040-telemetry/results/telemetry_20260910_220603_bb30cb54/rp2040_2/run_14/attempt_20260911_002722_554e8f5c/raw.serial,measurement-record,cf0edb204463e945e913586e46ddb9458491277efd8493a0e367339013fd1041,CRC-validated JSON records converted to CSV; condition columns added
measurements/telemetry/rp2040_hist.csv,recorded-data/rp2040-telemetry/results/telemetry_20260910_220603_bb30cb54/rp2040_2/run_14/attempt_20260911_002722_554e8f5c/raw.serial,measurement-record,cf0edb204463e945e913586e46ddb9458491277efd8493a0e367339013fd1041,CRC-validated JSON records converted to CSV; condition columns added
measurements/telemetry/rp2040_start.csv,recorded-data/rp2040-telemetry/results/telemetry_20260910_220603_bb30cb54/rp2040_2/run_14/attempt_20260911_002722_554e8f5c/raw.serial,measurement-record,cf0edb204463e945e913586e46ddb9458491277efd8493a0e367339013fd1041,CRC-validated JSON records converted to CSV; condition columns added
measurements/telemetry/rp2040_report.csv,recorded-data/rp2040-telemetry/results/telemetry_20260910_220603_bb30cb54/rp2040_2/run_15/attempt_20260911_003727_fc31a1f0/raw.serial,measurement-record,d64c4f542912d0fc49578c5a452a727e2a011936664fb984327b1efaa0eac640,CRC-validated JSON records converted to CSV; condition columns added
measurements/telemetry/rp2040_end.csv,recorded-data/rp2040-telemetry/results/telemetry_20260910_220603_bb30cb54/rp2040_2/run_15/attempt_20260911_003727_fc31a1f0/raw.serial,measurement-record,d64c4f542912d0fc49578c5a452a727e2a011936664fb984327b1efaa0eac640,CRC-validated JSON records converted to CSV; condition columns added
measurements/telemetry/rp2040_start.csv,recorded-data/rp2040-telemetry/results/telemetry_20260910_220603_bb30cb54/rp2040_2/run_15/attempt_20260911_003727_fc31a1f0/raw.serial,measurement-record,d64c4f542912d0fc49578c5a452a727e2a011936664fb984327b1efaa0eac640,CRC-validated JSON records converted to CSV; condition columns added
measurements/telemetry/rp2040_hist.csv,recorded-data/rp2040-telemetry/results/telemetry_20260910_220603_bb30cb54/rp2040_2/run_15/attempt_20260911_003727_fc31a1f0/raw.serial,measurement-record,d64c4f542912d0fc49578c5a452a727e2a011936664fb984327b1efaa0eac640,CRC-validated JSON records converted to CSV; condition columns added
measurements/telemetry/rp2040_exception.csv,recorded-data/rp2040-telemetry/results/telemetry_20260910_220603_bb30cb54/rp2040_2/run_16/attempt_20260911_004730_1d159e6c/raw.serial,measurement-record,bace463363ce37d4faf412ea639747b73d127bb1392fcf7209af2948849500c8,CRC-validated JSON records converted to CSV; condition columns added
measurements/telemetry/rp2040_report.csv,recorded-data/rp2040-telemetry/results/telemetry_20260910_220603_bb30cb54/rp2040_2/run_16/attempt_20260911_004730_1d159e6c/raw.serial,measurement-record,bace463363ce37d4faf412ea639747b73d127bb1392fcf7209af2948849500c8,CRC-validated JSON records converted to CSV; condition columns added
measurements/telemetry/rp2040_end.csv,recorded-data/rp2040-telemetry/results/telemetry_20260910_220603_bb30cb54/rp2040_2/run_16/attempt_20260911_004730_1d159e6c/raw.serial,measurement-record,bace463363ce37d4faf412ea639747b73d127bb1392fcf7209af2948849500c8,CRC-validated JSON records converted to CSV; condition columns added
measurements/telemetry/rp2040_hist.csv,recorded-data/rp2040-telemetry/results/telemetry_20260910_220603_bb30cb54/rp2040_2/run_16/attempt_20260911_004730_1d159e6c/raw.serial,measurement-record,bace463363ce37d4faf412ea639747b73d127bb1392fcf7209af2948849500c8,CRC-validated JSON records converted to CSV; condition columns added
measurements/telemetry/rp2040_start.csv,recorded-data/rp2040-telemetry/results/telemetry_20260910_220603_bb30cb54/rp2040_2/run_16/attempt_20260911_004730_1d159e6c/raw.serial,measurement-record,bace463363ce37d4faf412ea639747b73d127bb1392fcf7209af2948849500c8,CRC-validated JSON records converted to CSV; condition columns added
measurements/telemetry/rp2040_report.csv,recorded-data/rp2040-telemetry/results/telemetry_20260910_220603_bb30cb54/rp2040_2/run_17/attempt_20260911_005736_6475f76f/raw.serial,measurement-record,14099682f5d5bc9fac5850ad78d650332b77d3084c8d5e17e1e3bf02715f08a5,CRC-validated JSON records converted to CSV; condition columns added
measurements/telemetry/rp2040_end.csv,recorded-data/rp2040-telemetry/results/telemetry_20260910_220603_bb30cb54/rp2040_2/run_17/attempt_20260911_005736_6475f76f/raw.serial,measurement-record,14099682f5d5bc9fac5850ad78d650332b77d3084c8d5e17e1e3bf02715f08a5,CRC-validated JSON records converted to CSV; condition columns added
measurements/telemetry/rp2040_start.csv,recorded-data/rp2040-telemetry/results/telemetry_20260910_220603_bb30cb54/rp2040_2/run_17/attempt_20260911_005736_6475f76f/raw.serial,measurement-record,14099682f5d5bc9fac5850ad78d650332b77d3084c8d5e17e1e3bf02715f08a5,CRC-validated JSON records converted to CSV; condition columns added
measurements/telemetry/rp2040_hist.csv,recorded-data/rp2040-telemetry/results/telemetry_20260910_220603_bb30cb54/rp2040_2/run_17/attempt_20260911_005736_6475f76f/raw.serial,measurement-record,14099682f5d5bc9fac5850ad78d650332b77d3084c8d5e17e1e3bf02715f08a5,CRC-validated JSON records converted to CSV; condition columns added
measurements/telemetry/rp2040_exception.csv,recorded-data/rp2040-telemetry/results/telemetry_20260910_220603_bb30cb54/rp2040_2/run_18/attempt_20260911_010742_fba84ef8/raw.serial,measurement-record,ff6fb24f41eefa03bfb1d800c9b5af5357ef7033f04461b26881c8274703e7f6,CRC-validated JSON records converted to CSV; condition columns added
measurements/telemetry/rp2040_report.csv,recorded-data/rp2040-telemetry/results/telemetry_20260910_220603_bb30cb54/rp2040_2/run_18/attempt_20260911_010742_fba84ef8/raw.serial,measurement-record,ff6fb24f41eefa03bfb1d800c9b5af5357ef7033f04461b26881c8274703e7f6,CRC-validated JSON records converted to CSV; condition columns added
measurements/telemetry/rp2040_end.csv,recorded-data/rp2040-telemetry/results/telemetry_20260910_220603_bb30cb54/rp2040_2/run_18/attempt_20260911_010742_fba84ef8/raw.serial,measurement-record,ff6fb24f41eefa03bfb1d800c9b5af5357ef7033f04461b26881c8274703e7f6,CRC-validated JSON records converted to CSV; condition columns added
measurements/telemetry/rp2040_hist.csv,recorded-data/rp2040-telemetry/results/telemetry_20260910_220603_bb30cb54/rp2040_2/run_18/attempt_20260911_010742_fba84ef8/raw.serial,measurement-record,ff6fb24f41eefa03bfb1d800c9b5af5357ef7033f04461b26881c8274703e7f6,CRC-validated JSON records converted to CSV; condition columns added
measurements/telemetry/rp2040_start.csv,recorded-data/rp2040-telemetry/results/telemetry_20260910_220603_bb30cb54/rp2040_2/run_18/attempt_20260911_010742_fba84ef8/raw.serial,measurement-record,ff6fb24f41eefa03bfb1d800c9b5af5357ef7033f04461b26881c8274703e7f6,CRC-validated JSON records converted to CSV; condition columns added
archived-reanalysis/deadline_ci_sensitivity.csv,manuscript-derived-20260911/archived-reanalysis/deadline_ci_sensitivity.csv,manuscript-derived-20260911,1a63af2624f8153f6a05ce29516a9697baa6980fa2001944a574409f115db05a,copied final derived results
archived-reanalysis/deadline_estimates_reproduced.csv,manuscript-derived-20260911/archived-reanalysis/deadline_estimates_reproduced.csv,manuscript-derived-20260911,bac6d588fa82c1622b5a8c87d7bc3ff147a7840d821fa65a8cac015158557796,copied final derived results
archived-reanalysis/extreme_sensitivity_reproduced.csv,manuscript-derived-20260911/archived-reanalysis/extreme_sensitivity_reproduced.csv,manuscript-derived-20260911,2922d0f3ffcf3c20f2394a2908b0d08308bb2a23252017acb593ce7dd7032695,copied final derived results
archived-reanalysis/gap_sensitivity_reproduced.csv,manuscript-derived-20260911/archived-reanalysis/gap_sensitivity_reproduced.csv,manuscript-derived-20260911,ed1ddfdeaa5c26c152164611971073bfad6084098aaf021a6f1defd7bd732e75,copied final derived results
archived-reanalysis/holdout_validation_reproduced.csv,manuscript-derived-20260911/archived-reanalysis/holdout_validation_reproduced.csv,manuscript-derived-20260911,92b3aa82b4e109fd33c96ae3ac339c03ecf857bd6f9af6e6a0884aac40e510c5,copied final derived results
archived-reanalysis/input_hashes_and_integrity.txt,manuscript-derived-20260911/archived-reanalysis/input_hashes_and_integrity.txt,manuscript-derived-20260911,86ec94bba533f8bbd8cfb7d06156e5b37ff5f4d75f245134a75fe4b908c0c0e5,copied final derived results
archived-reanalysis/input_manifest.json,manuscript-derived-20260911/archived-reanalysis/input_manifest.json,manuscript-derived-20260911,f86a8eeba0d175b6c0d7efbfdc7fde15a6f8b315e034e11a3dade108e3770caa,copied final derived results
archived-reanalysis/iteration_budget_sensitivity.csv,manuscript-derived-20260911/archived-reanalysis/iteration_budget_sensitivity.csv,manuscript-derived-20260911,741b6ae34f492f2d7bea904ab8061510a8cd9b68a3f75cf345ff1bb665269191,copied final derived results
archived-reanalysis/iteration_summary_reproduced.csv,manuscript-derived-20260911/archived-reanalysis/iteration_summary_reproduced.csv,manuscript-derived-20260911,3568e96b405154ace5409676bffaacd541f12de8bb53b81b83ae2b2b37b83821,copied final derived results
archived-reanalysis/mode_sensitivity_reproduced.csv,manuscript-derived-20260911/archived-reanalysis/mode_sensitivity_reproduced.csv,manuscript-derived-20260911,19b1c12f8ca23cc77e586086a03059c904a1aad3bd0329472e98a6aceade741f,copied final derived results
archived-reanalysis/mode_sensitivity_summary_reproduced.csv,manuscript-derived-20260911/archived-reanalysis/mode_sensitivity_summary_reproduced.csv,manuscript-derived-20260911,74984200f57b77c1c61dc5562afcc239bb378c3ccccf57a2abc3fa0178188e77,copied final derived results
archived-reanalysis/sample_size_protocol.json,manuscript-derived-20260911/archived-reanalysis/sample_size_protocol.json,manuscript-derived-20260911,00a58e5960ac91e16bd35eb3b19734e9b186ba14e3b21028bf9a911d5aaabfce,copied final derived results
archived-reanalysis/sample_size_refitted_1000.csv,manuscript-derived-20260911/archived-reanalysis/sample_size_refitted_1000.csv,manuscript-derived-20260911,bdd2c6ba83414977907c27c26d0a82ae45076a9b3e4232644d4c397ff20e9959,copied final derived results
archived-reanalysis/sample_size_subsamples.csv,manuscript-derived-20260911/archived-reanalysis/sample_size_subsamples.csv,manuscript-derived-20260911,dec59858e798da65ecd3af8c3a21f83e34c6c2c13204931cb13795d82f7eeb73,copied final derived results
archived-reanalysis/sample_size_summary.csv,manuscript-derived-20260911/archived-reanalysis/sample_size_summary.csv,manuscript-derived-20260911,f128356986f143c57fd5ac387104592c2e3bedc5f1a64d17337f6ded2e978362,copied final derived results
archived-reanalysis/source_work_inventory.csv,manuscript-derived-20260911/archived-reanalysis/source_work_inventory.csv,manuscript-derived-20260911,db31abbf1b34be9ba950134d275f6a372819a63cef2a692b7838a3b70bf73f49,copied final derived results
archived-reanalysis/source_work_manifest.json,manuscript-derived-20260911/archived-reanalysis/source_work_manifest.json,manuscript-derived-20260911,515f97903b73ace7b82d89adedc94a9df426de22ff5e25f1eefa788ebd722c8d,copied final derived results
archived-reanalysis/stage_costs_reproduced.csv,manuscript-derived-20260911/archived-reanalysis/stage_costs_reproduced.csv,manuscript-derived-20260911,e65685183e485693f94d26cc7df4dab26f75ef646cfa249e65d4da47e7af43a2,copied final derived results
archived-reanalysis/trace_summary_reproduced.csv,manuscript-derived-20260911/archived-reanalysis/trace_summary_reproduced.csv,manuscript-derived-20260911,0b64e5c6af844a6f7a55a5c8ac8921e619203ea749fe79280ba8c3b0908286c2,copied final derived results
archived-reanalysis/unit2_87_late_observations.csv,manuscript-derived-20260911/archived-reanalysis/unit2_87_late_observations.csv,manuscript-derived-20260911,a2be4b113f0b9c55f87255c7ec781683e2e7168d075bc80db1ce363d1a1bd8d4,copied final derived results
archived-reanalysis/upper_groups_reproduced.csv,manuscript-derived-20260911/archived-reanalysis/upper_groups_reproduced.csv,manuscript-derived-20260911,70c6134d8974b0e2e745097dea785c3dfcd86446bdf28535155cf5d9bb1eb5b2,copied final derived results
controlled-results/envelope_exceedances.csv,manuscript-derived-20260911/controlled-results/envelope_exceedances.csv,manuscript-derived-20260911,6d6fb8cd1d29441f8a33bd20f93e7e45ce6fdc6d7f46c55bd8dabd9958052b09,copied final derived results
controlled-results/esp32_completion_audit.json,manuscript-derived-20260911/controlled-results/esp32_completion_audit.json,manuscript-derived-20260911,018c5afa8c0257381dd7165efdf32660cf941d5999f0362f87e0913363e3482d,copied final derived results
controlled-results/esp32_stage_candidates.csv,manuscript-derived-20260911/controlled-results/esp32_stage_candidates.csv,manuscript-derived-20260911,93e073fb8d5186170dfd862c68e08d622739eb9bea424799f1789ed3609060df,copied final derived results
controlled-results/esp32_stage_component_group.csv,manuscript-derived-20260911/controlled-results/esp32_stage_component_group.csv,manuscript-derived-20260911,5bb421729612b737f8a958c3dcfb901a2045e6658192207609f99d5a0664c97e,copied final derived results
controlled-results/esp32_stage_summary.csv,manuscript-derived-20260911/controlled-results/esp32_stage_summary.csv,manuscript-derived-20260911,c7fa969e90db38c94a4b36e3525ae1bc9b00502a955d60609d5e06d2118a631e,copied final derived results
controlled-results/esp32_telemetry_v2_verified.csv,manuscript-derived-20260911/controlled-results/esp32_telemetry_v2_verified.csv,manuscript-derived-20260911,e6b0fabbfb93728cc589197463e71a9653f9389a7d42df070f41efb8994d112b,copied final derived results
controlled-results/input_hashes.json,manuscript-derived-20260911/controlled-results/input_hashes.json,manuscript-derived-20260911,ff7fa0c0f45395ca8ced0e948c6c6db1e60544a68a129daa20b90c9580d19d80,copied final derived results
controlled-results/key_boot_summary.csv,manuscript-derived-20260911/controlled-results/key_boot_summary.csv,manuscript-derived-20260911,d6c057c929cb7f89dddd0ac2addecd7f67e9a1ec44821b03bb2115630157def8,copied final derived results
controlled-results/model_coefficients.csv,manuscript-derived-20260911/controlled-results/model_coefficients.csv,manuscript-derived-20260911,1d8ec0034e5c01b9fd246ed412d3e8815e4d37b7e8957e537998d10d1eac6484,copied final derived results
controlled-results/model_validation.csv,manuscript-derived-20260911/controlled-results/model_validation.csv,manuscript-derived-20260911,e599b7b7b9685f9e998aec74851d34dff10222da6ccb8ded0573707142330b1c,copied final derived results
controlled-results/rejection_counts.csv,manuscript-derived-20260911/controlled-results/rejection_counts.csv,manuscript-derived-20260911,c1c9dce706a3490afe6df68278cf208b353947fa3de855395eb4a5cbc5f19829,copied final derived results
controlled-results/rp2040_completion_audit.json,manuscript-derived-20260911/controlled-results/rp2040_completion_audit.json,manuscript-derived-20260911,86b0661a57af2d4df355a0f733e1740fd24a13a5b0de7d6b5e5f39c991ede932,copied final derived results
controlled-results/rp2040_telemetry_verified.csv,manuscript-derived-20260911/controlled-results/rp2040_telemetry_verified.csv,manuscript-derived-20260911,f62e58f49af5332bed21f025eb775f02d59250a1ddc5e28ea1401ff3dff44661,copied final derived results
controlled-results/signing_summary.csv,manuscript-derived-20260911/controlled-results/signing_summary.csv,manuscript-derived-20260911,7daf92a8b67c0593493c3ab3732553f3b054b178373543c07815c3fb043b549a,copied final derived results
controlled-results/stage_diagnostics.csv,manuscript-derived-20260911/controlled-results/stage_diagnostics.csv,manuscript-derived-20260911,0a63745aa52052a17de4b462120d8acb0046d54b48a6f6c13ac25fa9a247c204,copied final derived results
controlled-results/telemetry_completed_all_boards.csv,manuscript-derived-20260911/controlled-results/telemetry_completed_all_boards.csv,manuscript-derived-20260911,bb13ee9354a915f5b9b19638fb7d7a6085bbd420c4a6b8e948cf44ab45abf999,copied final derived results
measurements/telemetry/esp32_runs.csv,recorded-data/runs/tel_baseline_acqonly_v2/validation.json,measurement-record,09bc0ce3477503e1d3d1cf26b73ef3cde26955408199bc9d279945e70749e77a,Validated exact acquisition and report counters; condition columns added
measurements/telemetry/esp32_runs.csv,recorded-data/runs/tel_r1_inline_100ms/validation.json,measurement-record,fc03550b9fd64df4760550ced5ae96698b1f7b7441c06e61019ce506f09acb99,Validated exact acquisition and report counters; condition columns added
measurements/telemetry/esp32_runs.csv,recorded-data/runs/tel_r1_inline_250ms/validation.json,measurement-record,d10b5ec40a022a2f25f26f5387db5d0d0669ec0665eff8fbcd0c66f2cb3ef7b8,Validated exact acquisition and report counters; condition columns added
measurements/telemetry/esp32_runs.csv,recorded-data/runs/tel_r1_inline_1000ms/validation.json,measurement-record,e699de76373b10cbe5b389bb80d923aab794428b9142938fbd98ed0912d269b8,Validated exact acquisition and report counters; condition columns added
measurements/telemetry/esp32_runs.csv,recorded-data/runs/tel_r1_worker_100ms/validation.json,measurement-record,b9df8fae2cb3b0ba226ac5672e71c915baa436250411a023c681f82c1f45cd74,Validated exact acquisition and report counters; condition columns added
measurements/telemetry/esp32_runs.csv,recorded-data/runs/tel_r1_worker_250ms/validation.json,measurement-record,132ad46b9fb7cfac72447a5bec199eea19365e4e501617b6838c9e640d9f1a13,Validated exact acquisition and report counters; condition columns added
measurements/telemetry/esp32_runs.csv,recorded-data/runs/tel_r1_worker_1000ms/validation.json,measurement-record,3d855f1e85a2a6efe737ba61f1a287d7370051b9f0b442101af52c108af29a2d,Validated exact acquisition and report counters; condition columns added
measurements/telemetry/esp32_runs.csv,recorded-data/runs/tel_r2_inline_100ms/validation.json,measurement-record,f7682427dab2d68ecb6b0714fd2ee39ebfd2f1eac5e9ab310d1a9b53b58478e4,Validated exact acquisition and report counters; condition columns added
measurements/telemetry/esp32_runs.csv,recorded-data/runs/tel_r2_inline_250ms/validation.json,measurement-record,a581b36f3752817b286c5922f424aa3d72a333501f7f2961263685541b1c4ebe,Validated exact acquisition and report counters; condition columns added
measurements/telemetry/esp32_runs.csv,recorded-data/runs/tel_r2_inline_1000ms/validation.json,measurement-record,1f19101172e602c940fb9107b49cb99075d8094fc11e0d426efbbc322883b604,Validated exact acquisition and report counters; condition columns added
measurements/telemetry/esp32_runs.csv,recorded-data/runs/tel_r2_worker_100ms/validation.json,measurement-record,b9df8fae2cb3b0ba226ac5672e71c915baa436250411a023c681f82c1f45cd74,Validated exact acquisition and report counters; condition columns added
measurements/telemetry/esp32_runs.csv,recorded-data/runs/tel_r2_worker_250ms/validation.json,measurement-record,132ad46b9fb7cfac72447a5bec199eea19365e4e501617b6838c9e640d9f1a13,Validated exact acquisition and report counters; condition columns added
measurements/telemetry/esp32_runs.csv,recorded-data/runs/tel_r2_worker_1000ms/validation.json,measurement-record,3d855f1e85a2a6efe737ba61f1a287d7370051b9f0b442101af52c108af29a2d,Validated exact acquisition and report counters; condition columns added
measurements/telemetry/esp32_runs.csv,recorded-data/runs/tel_r3_inline_100ms/validation.json,measurement-record,c7f2cdbdd2705d9120b9822a0c2b082c2635e626e0a361caa4d656482abbe792,Validated exact acquisition and report counters; condition columns added
measurements/telemetry/esp32_runs.csv,recorded-data/runs/tel_r3_inline_250ms/validation.json,measurement-record,751251194d74cd7ed2d868f36d52bfabd867eea8d03a023de45aecaa71be8f28,Validated exact acquisition and report counters; condition columns added
measurements/telemetry/esp32_runs.csv,recorded-data/runs/tel_r3_inline_1000ms/validation.json,measurement-record,23778d2a085e95680ab2ae9e7e624696dce4e78b344a16533834adbaf74f9555,Validated exact acquisition and report counters; condition columns added
measurements/telemetry/esp32_runs.csv,recorded-data/runs/tel_r3_worker_100ms/validation.json,measurement-record,b9df8fae2cb3b0ba226ac5672e71c915baa436250411a023c681f82c1f45cd74,Validated exact acquisition and report counters; condition columns added
measurements/telemetry/esp32_runs.csv,recorded-data/runs/tel_r3_worker_250ms/validation.json,measurement-record,132ad46b9fb7cfac72447a5bec199eea19365e4e501617b6838c9e640d9f1a13,Validated exact acquisition and report counters; condition columns added
measurements/telemetry/esp32_runs.csv,recorded-data/runs/tel_r3_worker_1000ms/validation.json,measurement-record,3d855f1e85a2a6efe737ba61f1a287d7370051b9f0b442101af52c108af29a2d,Validated exact acquisition and report counters; condition columns added
controlled-results/separate_envelope_exceedances.csv,measurements/signing/ and controlled-results/model_coefficients.csv,derived-review-20260911,1d8ec0034e5c01b9fd246ed412d3e8815e4d37b7e8957e537998d10d1eac6484,Separate-exit residuals above recorded calibration envelope; 5 held-out calls
