replicate,mode,period_ms,hist_bucket_us,start_jitter,completion_response
1,inline,100,0,33001,32907
1,inline,100,500,563,657
1,inline,100,1000,94,94
1,inline,100,1500,0,0
1,inline,100,2000,563,563
1,inline,100,2500,281,281
1,inline,100,3000,1593,1593
1,inline,100,3500,375,281
1,inline,100,4000,95,189
1,inline,100,4500,94,94
1,inline,100,5000,187,187
1,inline,100,5500,375,375
1,inline,100,6000,93,93
1,inline,100,6500,188,188
1,inline,100,7000,93,93
1,inline,100,7500,94,94
1,inline,100,8000,562,468
1,inline,100,8500,94,188
1,inline,100,9000,93,93
1,inline,100,9500,375,375
1,inline,100,10000,0,0
1,inline,100,10500,0,0
1,inline,100,11000,0,0
1,inline,100,11500,0,0
1,inline,100,12000,0,0
1,inline,100,12500,0,0
1,inline,100,13000,0,0
1,inline,100,13500,0,0
1,inline,100,14000,0,0
1,inline,100,14500,0,0
1,inline,100,15000,0,0
1,inline,100,15500,0,0
1,inline,250,0,49232,49194
1,inline,250,500,263,301
1,inline,250,1000,75,75
1,inline,250,1500,0,0
1,inline,250,2000,226,226
1,inline,250,2500,113,113
1,inline,250,3000,635,635
1,inline,250,3500,150,112
1,inline,250,4000,39,77
1,inline,250,4500,0,0
1,inline,250,5000,75,75
1,inline,250,5500,189,189
1,inline,250,6000,37,37
1,inline,250,6500,75,75
1,inline,250,7000,37,37
1,inline,250,7500,37,37
1,inline,250,8000,149,149
1,inline,250,8500,38,38
1,inline,250,9000,37,37
1,inline,250,9500,149,149
1,inline,250,10000,0,0
1,inline,250,10500,0,0
1,inline,250,11000,0,0
1,inline,250,11500,0,0
1,inline,250,12000,0,0
1,inline,250,12500,0,0
1,inline,250,13000,0,0
1,inline,250,13500,0,0
1,inline,250,14000,0,0
1,inline,250,14500,0,0
1,inline,250,15000,0,0
1,inline,250,15500,0,0
1,inline,1000,0,57310,57301
1,inline,1000,500,66,75
1,inline,1000,1000,19,19
1,inline,1000,1500,0,0
1,inline,1000,2000,56,56
1,inline,1000,2500,29,29
1,inline,1000,3000,159,159
1,inline,1000,3500,37,28
1,inline,1000,4000,11,20
1,inline,1000,4500,0,0
1,inline,1000,5000,19,19
1,inline,1000,5500,48,48
1,inline,1000,6000,9,9
1,inline,1000,6500,19,19
1,inline,1000,7000,9,9
1,inline,1000,7500,9,9
1,inline,1000,8000,37,37
1,inline,1000,8500,9,9
1,inline,1000,9000,9,9
1,inline,1000,9500,37,37
1,inline,1000,10000,0,0
1,inline,1000,10500,0,0
1,inline,1000,11000,0,0
1,inline,1000,11500,0,0
1,inline,1000,12000,0,0
1,inline,1000,12500,0,0
1,inline,1000,13000,0,0
1,inline,1000,13500,0,0
1,inline,1000,14000,0,0
1,inline,1000,14500,0,0
1,inline,1000,15000,0,0
1,inline,1000,15500,0,0
1,worker,100,0,60000,60000
1,worker,100,500,0,0
1,worker,100,1000,0,0
1,worker,100,1500,0,0
1,worker,100,2000,0,0
1,worker,100,2500,0,0
1,worker,100,3000,0,0
1,worker,100,3500,0,0
1,worker,100,4000,0,0
1,worker,100,4500,0,0
1,worker,100,5000,0,0
1,worker,100,5500,0,0
1,worker,100,6000,0,0
1,worker,100,6500,0,0
1,worker,100,7000,0,0
1,worker,100,7500,0,0
1,worker,100,8000,0,0
1,worker,100,8500,0,0
1,worker,100,9000,0,0
1,worker,100,9500,0,0
1,worker,100,10000,0,0
1,worker,100,10500,0,0
1,worker,100,11000,0,0
1,worker,100,11500,0,0
1,worker,100,12000,0,0
1,worker,100,12500,0,0
1,worker,100,13000,0,0
1,worker,100,13500,0,0
1,worker,100,14000,0,0
1,worker,100,14500,0,0
1,worker,100,15000,0,0
1,worker,100,15500,0,0
1,worker,250,0,60000,60000
1,worker,250,500,0,0
1,worker,250,1000,0,0
1,worker,250,1500,0,0
1,worker,250,2000,0,0
1,worker,250,2500,0,0
1,worker,250,3000,0,0
1,worker,250,3500,0,0
1,worker,250,4000,0,0
1,worker,250,4500,0,0
1,worker,250,5000,0,0
1,worker,250,5500,0,0
1,worker,250,6000,0,0
1,worker,250,6500,0,0
1,worker,250,7000,0,0
1,worker,250,7500,0,0
1,worker,250,8000,0,0
1,worker,250,8500,0,0
1,worker,250,9000,0,0
1,worker,250,9500,0,0
1,worker,250,10000,0,0
1,worker,250,10500,0,0
1,worker,250,11000,0,0
1,worker,250,11500,0,0
1,worker,250,12000,0,0
1,worker,250,12500,0,0
1,worker,250,13000,0,0
1,worker,250,13500,0,0
1,worker,250,14000,0,0
1,worker,250,14500,0,0
1,worker,250,15000,0,0
1,worker,250,15500,0,0
1,worker,1000,0,60000,60000
1,worker,1000,500,0,0
1,worker,1000,1000,0,0
1,worker,1000,1500,0,0
1,worker,1000,2000,0,0
1,worker,1000,2500,0,0
1,worker,1000,3000,0,0
1,worker,1000,3500,0,0
1,worker,1000,4000,0,0
1,worker,1000,4500,0,0
1,worker,1000,5000,0,0
1,worker,1000,5500,0,0
1,worker,1000,6000,0,0
1,worker,1000,6500,0,0
1,worker,1000,7000,0,0
1,worker,1000,7500,0,0
1,worker,1000,8000,0,0
1,worker,1000,8500,0,0
1,worker,1000,9000,0,0
1,worker,1000,9500,0,0
1,worker,1000,10000,0,0
1,worker,1000,10500,0,0
1,worker,1000,11000,0,0
1,worker,1000,11500,0,0
1,worker,1000,12000,0,0
1,worker,1000,12500,0,0
1,worker,1000,13000,0,0
1,worker,1000,13500,0,0
1,worker,1000,14000,0,0
1,worker,1000,14500,0,0
1,worker,1000,15000,0,0
1,worker,1000,15500,0,0
2,inline,100,0,34230,34230
2,inline,100,500,1126,1126
2,inline,100,1000,93,93
2,inline,100,1500,94,94
2,inline,100,2000,188,188
2,inline,100,2500,186,186
2,inline,100,3000,1125,1125
2,inline,100,3500,94,94
2,inline,100,4000,1,1
2,inline,100,4500,94,94
2,inline,100,5000,469,281
2,inline,100,5500,186,374
2,inline,100,6000,94,94
2,inline,100,6500,94,94
2,inline,100,7000,281,281
2,inline,100,7500,187,4
2,inline,100,8000,563,746
2,inline,100,8500,375,281
2,inline,100,9000,0,94
2,inline,100,9500,562,562
2,inline,100,10000,0,0
2,inline,100,10500,0,0
2,inline,100,11000,0,0
2,inline,100,11500,0,0
2,inline,100,12000,0,0
2,inline,100,12500,0,0
2,inline,100,13000,0,0
2,inline,100,13500,0,0
2,inline,100,14000,0,0
2,inline,100,14500,0,0
2,inline,100,15000,0,0
2,inline,100,15500,0,0
2,inline,250,0,49682,49682
2,inline,250,500,451,451
2,inline,250,1000,37,37
2,inline,250,1500,38,38
2,inline,250,2000,75,75
2,inline,250,2500,111,111
2,inline,250,3000,487,487
2,inline,250,3500,37,37
2,inline,250,4000,1,1
2,inline,250,4500,38,38
2,inline,250,5000,151,76
2,inline,250,5500,74,149
2,inline,250,6000,38,38
2,inline,250,6500,38,38
2,inline,250,7000,113,113
2,inline,250,7500,75,0
2,inline,250,8000,225,300
2,inline,250,8500,150,112
2,inline,250,9000,0,38
2,inline,250,9500,223,223
2,inline,250,10000,0,0
2,inline,250,10500,0,0
2,inline,250,11000,0,0
2,inline,250,11500,0,0
2,inline,250,12000,0,0
2,inline,250,12500,0,0
2,inline,250,13000,0,0
2,inline,250,13500,0,0
2,inline,250,14000,0,0
2,inline,250,14500,0,0
2,inline,250,15000,0,0
2,inline,250,15500,0,0
2,inline,1000,0,57421,57421
2,inline,1000,500,113,113
2,inline,1000,1000,9,9
2,inline,1000,1500,10,10
2,inline,1000,2000,19,19
2,inline,1000,2500,27,27
2,inline,1000,3000,121,121
2,inline,1000,3500,9,9
2,inline,1000,4000,1,1
2,inline,1000,4500,10,10
2,inline,1000,5000,38,19
2,inline,1000,5500,18,37
2,inline,1000,6000,10,10
2,inline,1000,6500,10,10
2,inline,1000,7000,28,28
2,inline,1000,7500,19,9
2,inline,1000,8000,57,67
2,inline,1000,8500,37,28
2,inline,1000,9000,0,9
2,inline,1000,9500,55,55
2,inline,1000,10000,0,0
2,inline,1000,10500,0,0
2,inline,1000,11000,0,0
2,inline,1000,11500,0,0
2,inline,1000,12000,0,0
2,inline,1000,12500,0,0
2,inline,1000,13000,0,0
2,inline,1000,13500,0,0
2,inline,1000,14000,0,0
2,inline,1000,14500,0,0
2,inline,1000,15000,0,0
2,inline,1000,15500,0,0
2,worker,100,0,60000,60000
2,worker,100,500,0,0
2,worker,100,1000,0,0
2,worker,100,1500,0,0
2,worker,100,2000,0,0
2,worker,100,2500,0,0
2,worker,100,3000,0,0
2,worker,100,3500,0,0
2,worker,100,4000,0,0
2,worker,100,4500,0,0
2,worker,100,5000,0,0
2,worker,100,5500,0,0
2,worker,100,6000,0,0
2,worker,100,6500,0,0
2,worker,100,7000,0,0
2,worker,100,7500,0,0
2,worker,100,8000,0,0
2,worker,100,8500,0,0
2,worker,100,9000,0,0
2,worker,100,9500,0,0
2,worker,100,10000,0,0
2,worker,100,10500,0,0
2,worker,100,11000,0,0
2,worker,100,11500,0,0
2,worker,100,12000,0,0
2,worker,100,12500,0,0
2,worker,100,13000,0,0
2,worker,100,13500,0,0
2,worker,100,14000,0,0
2,worker,100,14500,0,0
2,worker,100,15000,0,0
2,worker,100,15500,0,0
2,worker,250,0,60000,60000
2,worker,250,500,0,0
2,worker,250,1000,0,0
2,worker,250,1500,0,0
2,worker,250,2000,0,0
2,worker,250,2500,0,0
2,worker,250,3000,0,0
2,worker,250,3500,0,0
2,worker,250,4000,0,0
2,worker,250,4500,0,0
2,worker,250,5000,0,0
2,worker,250,5500,0,0
2,worker,250,6000,0,0
2,worker,250,6500,0,0
2,worker,250,7000,0,0
2,worker,250,7500,0,0
2,worker,250,8000,0,0
2,worker,250,8500,0,0
2,worker,250,9000,0,0
2,worker,250,9500,0,0
2,worker,250,10000,0,0
2,worker,250,10500,0,0
2,worker,250,11000,0,0
2,worker,250,11500,0,0
2,worker,250,12000,0,0
2,worker,250,12500,0,0
2,worker,250,13000,0,0
2,worker,250,13500,0,0
2,worker,250,14000,0,0
2,worker,250,14500,0,0
2,worker,250,15000,0,0
2,worker,250,15500,0,0
2,worker,1000,0,60000,60000
2,worker,1000,500,0,0
2,worker,1000,1000,0,0
2,worker,1000,1500,0,0
2,worker,1000,2000,0,0
2,worker,1000,2500,0,0
2,worker,1000,3000,0,0
2,worker,1000,3500,0,0
2,worker,1000,4000,0,0
2,worker,1000,4500,0,0
2,worker,1000,5000,0,0
2,worker,1000,5500,0,0
2,worker,1000,6000,0,0
2,worker,1000,6500,0,0
2,worker,1000,7000,0,0
2,worker,1000,7500,0,0
2,worker,1000,8000,0,0
2,worker,1000,8500,0,0
2,worker,1000,9000,0,0
2,worker,1000,9500,0,0
2,worker,1000,10000,0,0
2,worker,1000,10500,0,0
2,worker,1000,11000,0,0
2,worker,1000,11500,0,0
2,worker,1000,12000,0,0
2,worker,1000,12500,0,0
2,worker,1000,13000,0,0
2,worker,1000,13500,0,0
2,worker,1000,14000,0,0
2,worker,1000,14500,0,0
2,worker,1000,15000,0,0
2,worker,1000,15500,0,0
3,inline,100,0,32897,32897
3,inline,100,500,562,0
3,inline,100,1000,94,562
3,inline,100,1500,0,94
3,inline,100,2000,749,94
3,inline,100,2500,188,843
3,inline,100,3000,1220,281
3,inline,100,3500,93,1032
3,inline,100,4000,187,187
3,inline,100,4500,0,0
3,inline,100,5000,94,94
3,inline,100,5500,94,0
3,inline,100,6000,376,470
3,inline,100,6500,0,0
3,inline,100,7000,468,468
3,inline,100,7500,282,188
3,inline,100,8000,562,188
3,inline,100,8500,187,655
3,inline,100,9000,0,0
3,inline,100,9500,562,469
3,inline,100,10000,0,93
3,inline,100,10500,0,0
3,inline,100,11000,0,0
3,inline,100,11500,0,0
3,inline,100,12000,0,0
3,inline,100,12500,0,0
3,inline,100,13000,0,0
3,inline,100,13500,0,0
3,inline,100,14000,0,0
3,inline,100,14500,0,0
3,inline,100,15000,0,0
3,inline,100,15500,0,0
3,inline,250,0,49285,49285
3,inline,250,500,261,0
3,inline,250,1000,0,261
3,inline,250,1500,0,0
3,inline,250,2000,298,0
3,inline,250,2500,75,373
3,inline,250,3000,491,74
3,inline,250,3500,37,454
3,inline,250,4000,75,75
3,inline,250,4500,0,0
3,inline,250,5000,38,38
3,inline,250,5500,74,0
3,inline,250,6000,152,226
3,inline,250,6500,0,0
3,inline,250,7000,186,186
3,inline,250,7500,113,75
3,inline,250,8000,224,38
3,inline,250,8500,75,299
3,inline,250,9000,37,0
3,inline,250,9500,150,187
3,inline,250,10000,0,0
3,inline,250,10500,0,0
3,inline,250,11000,0,0
3,inline,250,11500,0,0
3,inline,250,12000,0,0
3,inline,250,12500,0,0
3,inline,250,13000,0,0
3,inline,250,13500,0,0
3,inline,250,14000,0,0
3,inline,250,14500,0,0
3,inline,250,15000,0,0
3,inline,250,15500,0,0
3,inline,1000,0,57326,57326
3,inline,1000,500,65,0
3,inline,1000,1000,0,65
3,inline,1000,1500,0,0
3,inline,1000,2000,73,0
3,inline,1000,2500,19,92
3,inline,1000,3000,125,18
3,inline,1000,3500,9,116
3,inline,1000,4000,18,18
3,inline,1000,4500,0,0
3,inline,1000,5000,10,10
3,inline,1000,5500,18,9
3,inline,1000,6000,39,48
3,inline,1000,6500,0,0
3,inline,1000,7000,46,46
3,inline,1000,7500,29,19
3,inline,1000,8000,56,10
3,inline,1000,8500,19,75
3,inline,1000,9000,9,0
3,inline,1000,9500,37,46
3,inline,1000,10000,0,0
3,inline,1000,10500,0,0
3,inline,1000,11000,0,0
3,inline,1000,11500,0,0
3,inline,1000,12000,0,0
3,inline,1000,12500,0,0
3,inline,1000,13000,0,0
3,inline,1000,13500,0,0
3,inline,1000,14000,0,0
3,inline,1000,14500,0,0
3,inline,1000,15000,0,0
3,inline,1000,15500,0,0
3,worker,100,0,60000,60000
3,worker,100,500,0,0
3,worker,100,1000,0,0
3,worker,100,1500,0,0
3,worker,100,2000,0,0
3,worker,100,2500,0,0
3,worker,100,3000,0,0
3,worker,100,3500,0,0
3,worker,100,4000,0,0
3,worker,100,4500,0,0
3,worker,100,5000,0,0
3,worker,100,5500,0,0
3,worker,100,6000,0,0
3,worker,100,6500,0,0
3,worker,100,7000,0,0
3,worker,100,7500,0,0
3,worker,100,8000,0,0
3,worker,100,8500,0,0
3,worker,100,9000,0,0
3,worker,100,9500,0,0
3,worker,100,10000,0,0
3,worker,100,10500,0,0
3,worker,100,11000,0,0
3,worker,100,11500,0,0
3,worker,100,12000,0,0
3,worker,100,12500,0,0
3,worker,100,13000,0,0
3,worker,100,13500,0,0
3,worker,100,14000,0,0
3,worker,100,14500,0,0
3,worker,100,15000,0,0
3,worker,100,15500,0,0
3,worker,250,0,60000,60000
3,worker,250,500,0,0
3,worker,250,1000,0,0
3,worker,250,1500,0,0
3,worker,250,2000,0,0
3,worker,250,2500,0,0
3,worker,250,3000,0,0
3,worker,250,3500,0,0
3,worker,250,4000,0,0
3,worker,250,4500,0,0
3,worker,250,5000,0,0
3,worker,250,5500,0,0
3,worker,250,6000,0,0
3,worker,250,6500,0,0
3,worker,250,7000,0,0
3,worker,250,7500,0,0
3,worker,250,8000,0,0
3,worker,250,8500,0,0
3,worker,250,9000,0,0
3,worker,250,9500,0,0
3,worker,250,10000,0,0
3,worker,250,10500,0,0
3,worker,250,11000,0,0
3,worker,250,11500,0,0
3,worker,250,12000,0,0
3,worker,250,12500,0,0
3,worker,250,13000,0,0
3,worker,250,13500,0,0
3,worker,250,14000,0,0
3,worker,250,14500,0,0
3,worker,250,15000,0,0
3,worker,250,15500,0,0
3,worker,1000,0,60000,60000
3,worker,1000,500,0,0
3,worker,1000,1000,0,0
3,worker,1000,1500,0,0
3,worker,1000,2000,0,0
3,worker,1000,2500,0,0
3,worker,1000,3000,0,0
3,worker,1000,3500,0,0
3,worker,1000,4000,0,0
3,worker,1000,4500,0,0
3,worker,1000,5000,0,0
3,worker,1000,5500,0,0
3,worker,1000,6000,0,0
3,worker,1000,6500,0,0
3,worker,1000,7000,0,0
3,worker,1000,7500,0,0
3,worker,1000,8000,0,0
3,worker,1000,8500,0,0
3,worker,1000,9000,0,0
3,worker,1000,9500,0,0
3,worker,1000,10000,0,0
3,worker,1000,10500,0,0
3,worker,1000,11000,0,0
3,worker,1000,11500,0,0
3,worker,1000,12000,0,0
3,worker,1000,12500,0,0
3,worker,1000,13000,0,0
3,worker,1000,13500,0,0
3,worker,1000,14000,0,0
3,worker,1000,14500,0,0
3,worker,1000,15000,0,0
3,worker,1000,15500,0,0
0,baseline,0,0,60000,60000
0,baseline,0,500,0,0
0,baseline,0,1000,0,0
0,baseline,0,1500,0,0
0,baseline,0,2000,0,0
0,baseline,0,2500,0,0
0,baseline,0,3000,0,0
0,baseline,0,3500,0,0
0,baseline,0,4000,0,0
0,baseline,0,4500,0,0
0,baseline,0,5000,0,0
0,baseline,0,5500,0,0
0,baseline,0,6000,0,0
0,baseline,0,6500,0,0
0,baseline,0,7000,0,0
0,baseline,0,7500,0,0
0,baseline,0,8000,0,0
0,baseline,0,8500,0,0
0,baseline,0,9000,0,0
0,baseline,0,9500,0,0
0,baseline,0,10000,0,0
0,baseline,0,10500,0,0
0,baseline,0,11000,0,0
0,baseline,0,11500,0,0
0,baseline,0,12000,0,0
0,baseline,0,12500,0,0
0,baseline,0,13000,0,0
0,baseline,0,13500,0,0
0,baseline,0,14000,0,0
0,baseline,0,14500,0,0
0,baseline,0,15000,0,0
0,baseline,0,15500,0,0
