invocation,candidate,component_us
0,1,1422
1,1,1423
2,2,1422
3,1,1423
4,1,1426
4,3,1415
4,5,1415
5,1,1423
5,2,1415
6,1,1423
7,1,1422
8,2,1422
8,5,1414
8,6,1415
8,11,1419
8,15,1415
9,1,1422
9,2,1415
9,5,1415
9,6,1414
9,8,1415
9,9,1419
10,3,1423
10,6,1415
10,10,1415
10,11,1415
10,13,1415
10,14,1415
11,1,1423
12,1,1423
12,5,1415
13,3,1423
14,2,1423
14,4,1418
15,1,1422
16,1,1423
16,4,1415
16,6,1414
17,1,1422
17,2,1415
17,3,1414
17,4,1415
17,5,1419
18,1,1422
18,4,1414
19,1,1427
19,2,1415
20,1,1427
21,1,1426
21,2,1415
21,4,1415
21,6,1415
21,8,1415
21,9,1415
21,11,1414
21,12,1415
22,2,1427
22,3,1415
22,5,1415
23,1,1422
24,2,1422
24,3,1414
24,5,1414
25,1,1423
26,1,1423
27,4,1423
27,5,1415
27,6,1415
28,1,1423
28,3,1414
29,1,1427
29,6,1419
29,7,1415
30,1,1423
31,1,1423
32,2,1423
33,1,1427
33,2,1414
33,4,1415
33,6,1415
34,2,1422
34,3,1415
34,4,1415
34,6,1415
35,2,1423
35,3,1415
35,6,1415
35,8,1414
35,9,1415
35,11,1415
35,12,1415
36,2,1422
36,3,1414
36,4,1415
36,5,1414
37,1,1423
37,2,1419
37,4,1415
37,5,1414
37,6,1415
38,7,1427
38,14,1414
38,15,1414
38,16,1415
38,17,1419
38,19,1414
39,3,1423
40,1,1427
41,1,1427
41,2,1419
42,2,1422
42,3,1414
43,1,1423
43,2,1414
44,1,1422
45,4,1427
45,6,1415
45,7,1415
46,1,1422
47,2,1422
47,4,1419
47,5,1415
47,7,1415
48,1,1423
49,1,1423
49,6,1415
49,8,1415
49,9,1415
49,10,1414
49,11,1415
49,12,1419
49,14,1415
49,16,1415
50,4,1422
50,5,1419
50,8,1415
50,11,1415
51,5,1422
51,7,1414
51,8,1414
51,9,1415
52,1,1422
52,2,1414
52,3,1414
52,4,1415
52,6,1414
53,1,1423
54,1,1423
55,2,1422
55,3,1415
55,4,1419
55,6,1415
55,7,1414
55,8,1415
55,9,1414
56,1,1423
57,1,1423
58,1,1423
58,4,1415
58,6,1415
58,7,1415
58,10,1414
58,11,1419
58,12,1415
59,1,1422
60,3,1422
60,6,1415
60,7,1415
60,8,1415
60,10,1415
61,2,1422
61,3,1414
62,1,1423
62,3,1414
62,4,1419
63,8,1422
63,12,1414
63,14,1419
63,15,1414
63,16,1415
63,17,1415
63,18,1415
63,19,1415
64,1,1422
64,2,1415
65,1,1422
65,5,1419
66,1,1423
66,3,1415
67,3,1427
67,6,1414
67,7,1415
67,8,1415
67,10,1415
67,11,1415
67,12,1415
67,13,1415
68,1,1422
68,2,1415
69,1,1423
69,2,1414
69,4,1415
69,7,1415
70,2,1423
70,4,1414
71,3,1423
72,1,1422
73,2,1423
73,10,1415
74,2,1427
74,3,1414
74,5,1415
75,2,1423
75,4,1415
76,1,1427
77,1,1426
77,3,1414
77,5,1415
77,6,1415
78,1,1422
78,3,1414
79,1,1422
80,5,1423
81,3,1423
81,4,1414
82,3,1423
83,2,1422
83,3,1414
83,4,1415
83,5,1414
83,6,1415
84,1,1422
84,3,1419
84,4,1415
85,1,1423
86,1,1427
87,2,1423
88,1,1423
89,1,1422
89,3,1415
89,4,1414
89,5,1414
89,8,1415
90,2,1422
90,4,1414
90,6,1414
90,7,1415
90,10,1414
91,2,1423
91,3,1414
92,2,1422
93,1,1427
93,2,1415
94,1,1427
95,1,1423
95,2,1419
96,1,1423
97,2,1427
97,3,1418
98,1,1423
99,1,1423
99,2,1415
99,4,1414
100,1,1423
101,1,1423
101,2,1415
102,6,1422
103,1,1427
103,2,1415
104,3,1423
105,1,1423
106,1,1423
106,5,1414
106,6,1415
107,1,1427
108,2,1427
108,3,1415
108,5,1414
108,6,1414
109,1,1422
109,5,1415
109,6,1415
109,7,1415
110,4,1427
110,5,1414
111,2,1427
112,1,1422
112,2,1415
112,4,1415
112,8,1414
113,3,1423
113,4,1415
113,5,1419
113,6,1414
113,7,1415
113,9,1414
113,10,1414
114,2,1423
115,2,1422
116,1,1423
117,1,1422
118,1,1423
119,2,1423
120,1,1423
120,2,1415
120,3,1414
121,1,1422
121,4,1415
122,1,1423
122,3,1414
123,2,1423
123,3,1415
124,1,1422
124,2,1419
125,1,1422
125,4,1414
125,6,1415
126,1,1422
127,2,1423
128,1,1423
129,1,1423
130,2,1422
131,1,1422
132,1,1422
133,1,1422
133,5,1418
134,1,1423
135,1,1423
135,3,1415
136,3,1422
137,1,1423
137,2,1419
138,1,1423
138,3,1418
139,2,1423
140,2,1422
140,3,1415
141,1,1423
141,3,1415
142,2,1423
142,4,1414
142,7,1415
142,8,1415
143,2,1423
143,3,1415
144,1,1423
145,4,1422
145,7,1414
146,1,1423
147,1,1427
147,4,1415
148,1,1427
149,2,1423
150,1,1422
150,4,1415
150,5,1419
150,6,1415
150,7,1414
151,3,1423
152,4,1423
152,5,1419
153,1,1423
154,2,1422
155,2,1423
155,3,1415
155,4,1414
156,2,1423
156,3,1414
157,2,1423
157,3,1419
158,1,1427
158,2,1415
158,3,1415
158,4,1414
159,1,1423
160,1,1423
161,4,1422
162,2,1422
162,5,1415
163,2,1422
163,6,1414
164,2,1427
164,3,1419
165,2,1422
166,2,1423
167,1,1422
168,1,1423
169,1,1422
170,2,1422
171,1,1422
172,2,1422
173,1,1427
174,7,1422
174,10,1419
175,1,1423
175,2,1415
176,2,1423
176,3,1415
177,2,1422
177,3,1415
178,2,1423
178,3,1414
178,5,1414
178,9,1415
178,10,1415
179,1,1422
180,2,1422
180,3,1415
180,4,1414
181,1,1423
181,3,1419
181,5,1415
181,6,1415
182,2,1423
182,4,1415
182,11,1415
182,12,1415
183,3,1422
183,4,1414
184,1,1423
185,1,1423
185,2,1415
185,4,1419
185,5,1415
185,6,1414
186,2,1423
186,3,1415
186,4,1415
186,5,1414
187,2,1422
187,3,1415
188,2,1423
188,5,1415
188,7,1415
188,8,1419
188,10,1415
189,2,1422
189,3,1415
190,1,1422
190,2,1415
191,1,1423
192,3,1423
193,1,1422
194,1,1426
194,2,1415
195,5,1423
195,8,1415
195,9,1414
196,4,1422
197,1,1422
197,2,1414
197,5,1415
197,8,1419
198,2,1427
198,3,1415
198,5,1414
199,2,1426
200,1,1422
200,5,1419
201,1,1423
202,1,1423
202,2,1414
202,3,1415
202,4,1414
202,5,1415
203,2,1422
204,3,1423
205,4,1423
206,2,1422
207,1,1423
207,2,1415
208,3,1423
208,6,1415
209,1,1423
209,2,1415
209,4,1419
209,8,1415
210,1,1423
210,3,1415
210,4,1419
211,4,1423
212,2,1423
212,5,1415
212,7,1415
212,9,1415
212,16,1415
213,4,1422
214,1,1422
215,2,1427
215,7,1415
215,8,1414
215,9,1414
215,11,1415
216,1,1423
217,3,1422
218,1,1423
218,3,1419
218,9,1415
219,1,1422
219,2,1419
220,1,1422
221,3,1423
221,4,1415
222,2,1423
223,2,1423
224,1,1423
224,4,1419
224,5,1414
224,7,1414
224,10,1419
225,1,1423
226,2,1427
227,1,1423
227,3,1415
228,2,1422
228,3,1415
229,1,1427
230,1,1423
231,1,1422
232,1,1423
233,3,1422
233,4,1415
234,1,1423
235,1,1427
235,3,1414
235,6,1419
235,7,1415
236,1,1423
237,1,1423
238,1,1423
239,3,1422
240,1,1427
241,1,1422
242,1,1423
242,3,1419
243,2,1422
244,2,1422
244,3,1415
244,6,1415
244,7,1415
244,9,1414
245,3,1427
245,4,1415
245,6,1414
246,1,1427
247,2,1422
248,1,1423
248,3,1415
248,4,1415
248,6,1414
248,9,1414
249,2,1423
249,3,1415
249,4,1415
250,3,1422
250,4,1415
250,6,1415
250,7,1414
251,2,1422
251,5,1419
251,7,1414
251,8,1415
251,9,1415
251,10,1415
251,14,1414
251,16,1419
252,5,1422
252,6,1415
253,2,1422
253,3,1415
254,1,1423
255,3,1423
255,5,1415
256,1,1423
256,2,1415
257,2,1423
257,3,1414
257,5,1414
257,7,1419
257,9,1414
258,1,1427
258,2,1415
259,1,1422
259,3,1415
259,4,1415
260,1,1423
261,1,1427
262,1,1422
263,3,1422
263,4,1414
264,2,1423
265,1,1427
265,4,1415
265,5,1414
265,6,1414
266,2,1422
267,1,1423
268,1,1423
268,3,1414
269,2,1423
269,3,1415
270,3,1422
270,4,1415
271,1,1423
271,4,1415
272,2,1423
272,4,1414
273,1,1423
274,1,1423
275,2,1423
275,3,1414
276,5,1423
276,8,1415
277,1,1422
278,2,1423
278,3,1415
279,2,1422
279,7,1415
279,8,1415
280,1,1427
280,3,1415
281,1,1422
281,4,1419
282,2,1423
282,3,1414
282,4,1415
283,1,1423
283,3,1415
283,4,1415
284,3,1422
284,5,1420
284,7,1415
284,9,1415
284,12,1415
284,14,1415
284,16,1419
284,18,1414
284,19,1415
284,20,1414
284,21,1415
285,3,1423
286,5,1427
287,4,1423
288,2,1427
288,3,1415
289,3,1423
289,4,1415
289,5,1414
289,8,1415
290,1,1427
291,1,1423
292,1,1422
293,1,1423
294,4,1423
295,1,1423
296,1,1423
296,3,1414
296,4,1414
296,5,1414
296,6,1415
297,1,1427
298,1,1423
298,3,1414
299,1,1422
299,4,1414
299,5,1419
299,6,1415
299,9,1414
300,1,1423
300,4,1414
300,5,1419
300,6,1414
301,1,1422
301,2,1415
301,3,1415
301,5,1414
301,7,1415
302,1,1422
303,1,1427
303,2,1418
304,3,1422
304,4,1415
304,5,1415
305,1,1423
306,1,1422
307,1,1422
308,3,1422
308,6,1414
308,7,1414
308,8,1414
309,1,1422
309,5,1419
309,6,1415
310,4,1423
310,5,1415
310,6,1415
311,1,1423
311,2,1415
311,5,1415
312,2,1422
312,4,1414
312,6,1414
312,7,1414
312,8,1414
313,4,1422
313,8,1414
313,10,1415
314,3,1423
314,4,1419
315,3,1423
316,1,1422
317,3,1422
317,4,1415
317,6,1415
317,7,1414
317,13,1414
317,15,1419
317,16,1419
317,18,1415
318,2,1422
319,2,1423
320,1,1427
321,1,1423
321,2,1419
322,1,1423
322,3,1419
323,2,1422
324,1,1423
324,4,1415
324,6,1414
325,6,1422
325,7,1414
325,10,1419
326,3,1422
327,3,1423
328,1,1422
328,3,1415
328,4,1415
328,5,1415
329,1,1423
330,2,1423
331,2,1422
331,4,1419
331,5,1415
331,7,1415
332,1,1423
332,2,1414
333,1,1422
334,1,1422
335,1,1423
335,2,1414
336,3,1422
337,7,1423
337,8,1414
337,9,1414
338,3,1423
339,2,1423
340,2,1423
340,3,1415
341,1,1426
341,3,1415
342,1,1423
342,3,1414
343,2,1427
343,4,1415
343,5,1414
344,1,1422
345,1,1423
345,5,1415
345,7,1415
346,2,1423
346,4,1415
347,1,1423
348,5,1422
349,1,1422
349,2,1415
349,4,1419
349,7,1414
349,10,1415
349,11,1415
350,1,1427
351,1,1422
351,2,1418
351,4,1415
351,5,1415
351,6,1415
351,8,1414
352,1,1422
353,1,1423
354,1,1422
354,2,1415
355,2,1423
356,1,1422
356,3,1419
356,4,1418
356,5,1415
357,2,1423
357,4,1415
358,1,1423
358,2,1419
358,4,1415
359,3,1423
360,1,1422
360,2,1414
360,5,1418
361,1,1423
362,4,1423
362,10,1415
362,11,1415
363,1,1422
363,2,1415
364,3,1423
364,4,1415
364,5,1415
364,6,1419
365,1,1424
366,5,1422
366,8,1414
366,10,1415
367,1,1422
368,1,1423
368,5,1415
369,2,1423
369,3,1415
370,1,1423
371,3,1422
371,4,1415
372,1,1423
373,1,1427
373,5,1414
374,3,1423
375,1,1422
376,2,1423
377,2,1426
378,1,1422
378,5,1415
378,9,1419
379,1,1423
379,2,1414
379,5,1414
379,6,1415
380,2,1422
381,1,1423
381,3,1415
381,4,1415
382,3,1423
383,7,1423
384,1,1423
384,3,1415
384,7,1415
385,2,1423
386,1,1423
387,1,1423
388,1,1422
388,2,1414
388,3,1415
389,3,1423
389,4,1415
390,2,1423
391,1,1422
391,2,1415
391,3,1415
392,3,1423
392,4,1419
392,5,1415
393,1,1422
394,1,1423
395,1,1427
396,2,1422
396,3,1414
396,5,1414
397,3,1423
397,4,1415
397,6,1415
397,7,1415
398,1,1423
399,3,1422
400,1,1422
400,2,1415
400,4,1415
400,5,1415
400,6,1414
400,7,1415
401,2,1422
401,3,1414
402,1,1422
402,2,1415
403,2,1422
403,3,1419
404,1,1427
404,2,1415
405,1,1422
406,4,1423
406,7,1419
406,9,1415
407,1,1423
407,3,1415
407,4,1415
408,1,1422
409,1,1426
410,1,1422
410,2,1419
410,4,1414
410,5,1415
410,8,1419
411,1,1423
412,2,1423
412,3,1415
412,4,1415
412,7,1414
413,1,1422
413,2,1415
414,1,1423
414,2,1415
414,3,1415
414,4,1415
414,6,1415
414,11,1415
415,2,1422
415,4,1415
416,1,1427
416,3,1415
417,1,1422
418,1,1422
419,1,1426
420,1,1423
420,2,1419
421,1,1423
421,4,1415
421,6,1415
421,7,1415
421,9,1415
422,1,1423
422,3,1415
422,4,1415
422,6,1414
422,7,1414
422,10,1414
423,1,1423
423,3,1415
423,4,1419
423,5,1414
424,2,1423
424,5,1415
424,7,1415
424,9,1415
424,10,1415
424,13,1415
424,14,1415
424,15,1414
424,17,1415
425,1,1423
426,4,1423
427,2,1422
427,3,1414
428,2,1423
428,3,1419
429,1,1427
429,2,1414
429,4,1415
429,5,1415
430,1,1422
430,3,1414
430,4,1414
431,1,1423
431,2,1415
431,3,1419
432,1,1422
433,2,1423
434,2,1427
434,3,1415
434,4,1415
434,5,1415
435,3,1422
435,4,1415
435,6,1415
435,10,1419
436,1,1423
436,2,1415
436,3,1415
437,7,1422
437,8,1415
437,9,1415
437,11,1415
437,13,1415
437,16,1414
437,18,1415
437,20,1415
438,1,1423
438,2,1414
438,3,1415
438,4,1415
438,5,1414
438,9,1414
438,10,1414
438,11,1415
438,13,1419
439,1,1422
440,1,1422
440,2,1415
440,3,1419
440,4,1418
441,1,1422
441,2,1414
442,3,1423
442,4,1415
443,2,1423
444,2,1423
444,4,1414
445,2,1423
445,3,1419
446,1,1427
446,2,1415
446,3,1414
446,4,1415
447,1,1422
448,1,1423
448,2,1415
449,1,1423
449,2,1415
449,4,1414
450,1,1423
451,1,1423
451,2,1415
452,2,1422
453,1,1423
454,2,1423
455,2,1423
455,3,1415
455,5,1415
455,7,1415
456,3,1422
457,5,1422
457,12,1414
457,14,1415
458,2,1422
458,4,1415
458,5,1415
458,6,1415
458,8,1414
459,3,1423
459,4,1415
459,6,1419
459,9,1414
460,2,1422
461,5,1426
461,6,1415
461,8,1415
462,1,1423
463,1,1422
464,3,1422
464,5,1415
465,3,1422
466,3,1423
466,4,1414
466,5,1415
466,10,1415
467,1,1427
467,2,1415
467,4,1415
468,1,1422
468,2,1414
469,1,1423
469,2,1415
469,3,1414
469,5,1415
470,2,1422
470,4,1415
470,6,1414
470,7,1414
471,2,1422
472,2,1422
472,3,1415
472,4,1419
472,6,1415
472,7,1415
473,3,1423
473,4,1415
474,1,1423
474,4,1415
475,1,1423
476,1,1427
476,3,1415
477,1,1423
478,4,1427
479,1,1423
479,3,1415
479,4,1415
479,6,1414
480,1,1423
481,2,1422
481,3,1415
481,4,1419
482,1,1423
483,5,1423
483,7,1419
483,8,1415
484,1,1423
485,1,1423
486,1,1427
487,4,1422
487,5,1415
487,6,1415
488,1,1423
488,4,1419
489,2,1423
489,3,1415
490,1,1422
491,1,1423
491,2,1415
491,3,1414
492,2,1423
493,2,1427
494,2,1422
494,4,1414
494,6,1414
495,2,1423
496,2,1422
496,3,1414
497,1,1423
497,6,1414
498,1,1422
498,4,1415
499,2,1423
499,3,1415
500,1,1427
500,2,1418
500,3,1415
500,5,1414
500,6,1415
500,9,1414
501,1,1422
501,3,1415
502,5,1422
502,7,1414
502,8,1414
502,9,1415
503,2,1422
504,1,1423
504,3,1414
504,5,1414
504,8,1419
504,12,1415
504,13,1419
504,17,1415
505,3,1422
505,4,1414
506,2,1426
506,3,1415
507,2,1423
508,1,1423
508,2,1415
508,4,1414
509,3,1423
509,5,1414
510,1,1423
511,1,1422
512,1,1423
512,3,1415
512,6,1415
513,3,1423
513,6,1414
513,9,1415
513,10,1415
513,15,1414
513,20,1415
514,1,1423
514,2,1415
514,3,1415
515,3,1422
516,1,1423
516,4,1414
517,1,1422
517,2,1419
517,3,1419
517,6,1415
518,5,1422
518,6,1415
519,1,1423
519,3,1415
520,1,1423
520,2,1415
521,1,1427
522,1,1423
522,2,1419
522,3,1415
522,4,1415
522,5,1415
522,6,1414
522,7,1415
522,9,1415
523,2,1422
524,1,1422
524,2,1415
524,4,1419
524,5,1414
524,6,1415
525,2,1422
525,3,1414
526,3,1423
527,1,1423
528,1,1423
528,2,1415
529,3,1423
529,5,1415
529,10,1415
529,11,1419
529,12,1414
529,16,1419
529,18,1415
529,19,1415
529,20,1415
529,23,1414
529,25,1415
530,1,1427
531,2,1427
531,4,1415
531,5,1415
532,2,1427
532,3,1414
533,4,1422
533,5,1419
533,7,1414
534,3,1422
534,6,1414
534,7,1415
535,2,1422
535,3,1414
536,1,1423
536,2,1415
537,3,1426
537,6,1414
538,1,1422
538,2,1415
538,3,1415
538,5,1415
538,6,1414
538,7,1415
538,8,1415
539,1,1423
540,4,1423
540,6,1415
541,2,1422
542,1,1422
542,2,1415
543,3,1423
543,5,1419
544,1,1422
545,2,1423
546,1,1423
546,4,1415
546,7,1415
547,1,1427
548,1,1423
548,3,1415
549,1,1423
549,2,1415
549,3,1415
549,4,1415
549,6,1415
550,1,1422
551,1,1423
551,2,1414
551,3,1414
551,6,1415
552,1,1423
552,4,1415
552,5,1419
552,6,1415
552,9,1415
553,1,1422
553,2,1414
553,4,1414
554,2,1423
554,5,1415
554,7,1414
554,10,1415
554,16,1415
555,2,1423
555,3,1415
556,1,1423
557,1,1423
557,2,1415
558,4,1423
558,5,1415
559,1,1422
560,1,1422
560,2,1419
561,1,1422
562,1,1422
562,4,1414
562,8,1419
563,1,1422
564,1,1427
565,5,1423
565,6,1419
566,1,1427
566,7,1415
566,10,1419
566,13,1415
567,2,1427
568,3,1423
569,1,1423
569,2,1414
569,5,1414
569,7,1414
570,1,1422
570,3,1419
571,1,1423
572,1,1422
573,1,1422
573,4,1414
574,3,1422
574,4,1415
574,9,1414
574,11,1415
574,12,1414
575,1,1423
575,2,1415
575,3,1414
575,4,1414
575,6,1419
575,8,1415
575,10,1415
575,11,1414
576,2,1423
577,1,1426
577,3,1415
577,4,1415
578,3,1427
578,4,1419
578,5,1415
579,1,1422
579,4,1419
579,10,1415
579,12,1415
580,2,1422
581,1,1427
581,4,1415
582,3,1422
582,4,1414
582,5,1414
583,1,1427
583,3,1415
583,4,1414
584,4,1427
585,1,1422
585,2,1419
585,3,1414
586,2,1422
586,3,1419
587,1,1427
587,5,1415
588,2,1422
589,1,1427
589,2,1415
589,3,1415
589,4,1414
590,2,1426
591,1,1422
592,1,1427
592,2,1414
592,4,1415
592,5,1415
593,2,1422
594,1,1423
594,2,1415
594,4,1414
595,1,1423
596,1,1427
597,1,1422
597,3,1415
597,8,1415
597,9,1414
598,2,1422
599,2,1422
600,1,1422
600,4,1414
601,3,1423
602,2,1423
603,3,1422
603,6,1415
603,9,1414
603,10,1414
604,1,1422
604,2,1415
604,3,1419
604,4,1415
604,6,1414
604,8,1415
604,9,1414
605,1,1422
605,2,1414
606,2,1423
606,3,1415
606,5,1415
606,6,1415
607,8,1422
607,9,1414
608,2,1423
609,2,1423
610,1,1427
610,5,1414
611,1,1423
612,1,1423
613,1,1423
614,1,1427
614,2,1414
615,1,1422
615,3,1414
615,6,1415
615,7,1419
615,8,1419
615,9,1415
616,4,1427
616,8,1419
616,9,1419
617,1,1423
617,2,1414
618,1,1423
619,2,1422
620,1,1423
621,1,1423
622,1,1422
623,1,1423
624,1,1423
625,3,1423
625,4,1415
625,5,1415
625,6,1414
625,8,1418
626,1,1422
626,3,1415
626,4,1415
627,1,1422
628,1,1423
629,2,1423
630,1,1423
631,2,1422
632,1,1422
632,4,1414
632,9,1414
633,2,1423
634,1,1423
635,4,1423
636,2,1423
636,3,1415
637,3,1422
638,1,1422
638,6,1415
638,12,1414
638,14,1414
638,15,1414
639,1,1422
639,2,1414
639,3,1415
639,5,1415
639,7,1415
639,8,1415
639,10,1419
640,2,1422
640,3,1414
641,1,1422
641,2,1415
641,4,1415
642,1,1423
642,4,1414
642,6,1414
643,2,1423
644,1,1422
645,1,1422
645,5,1415
646,2,1423
647,1,1422
647,2,1415
647,4,1415
647,6,1414
647,8,1415
648,1,1422
648,2,1419
648,3,1415
649,1,1422
649,5,1414
649,11,1419
649,13,1415
649,17,1415
649,18,1415
650,1,1426
651,3,1423
651,7,1414
652,1,1423
652,3,1415
652,8,1419
652,9,1415
653,1,1422
653,4,1415
653,6,1415
653,7,1415
653,8,1415
654,1,1423
654,3,1419
654,4,1415
655,1,1426
655,2,1414
655,4,1415
656,1,1422
657,2,1422
658,1,1422
658,2,1414
659,1,1423
659,2,1415
660,1,1423
660,3,1414
660,4,1415
661,1,1423
661,6,1414
662,2,1427
662,9,1414
663,5,1423
664,2,1427
664,4,1415
665,1,1423
665,2,1415
666,1,1423
667,1,1422
668,3,1423
669,1,1423
669,2,1415
669,3,1414
669,4,1415
670,3,1422
671,5,1423
672,1,1426
672,2,1415
673,1,1423
673,2,1414
673,6,1414
674,3,1423
675,2,1422
676,1,1423
677,2,1423
678,6,1423
679,1,1422
679,2,1415
680,1,1423
680,2,1414
681,1,1423
681,2,1415
682,1,1422
682,6,1414
682,8,1415
682,9,1415
683,1,1422
684,1,1423
685,1,1423
685,2,1415
686,4,1427
686,5,1414
686,7,1414
686,8,1414
686,14,1418
686,15,1419
687,1,1427
687,2,1419
687,4,1415
688,3,1423
689,1,1423
690,1,1423
691,1,1426
692,2,1427
693,1,1423
693,9,1419
693,14,1414
694,1,1422
695,2,1422
695,4,1415
696,2,1423
697,1,1422
697,2,1415
698,2,1423
698,3,1415
698,7,1415
699,2,1422
700,1,1423
700,5,1415
700,6,1414
701,1,1423
702,3,1423
702,5,1415
703,1,1423
703,2,1415
703,3,1415
703,4,1414
703,7,1414
704,3,1427
704,4,1419
704,6,1415
704,14,1414
705,1,1423
706,2,1423
706,4,1414
706,5,1415
706,6,1414
706,10,1415
706,12,1415
707,1,1423
708,4,1422
708,5,1414
708,8,1419
708,10,1415
708,11,1414
708,12,1414
708,14,1414
709,1,1422
710,1,1423
710,3,1418
710,5,1414
711,2,1423
712,1,1426
712,2,1415
712,5,1415
712,7,1415
712,9,1414
713,1,1422
714,1,1426
714,2,1419
715,2,1427
715,3,1415
716,1,1422
717,3,1423
717,4,1414
717,5,1414
717,6,1414
718,1,1423
718,4,1414
719,2,1423
719,4,1415
720,1,1423
720,2,1414
721,1,1423
721,5,1414
721,7,1415
721,8,1419
721,9,1418
721,13,1419
721,14,1419
721,15,1414
722,1,1423
722,2,1414
723,3,1423
724,1,1423
724,2,1419
724,6,1415
724,11,1419
725,3,1422
725,5,1415
725,7,1415
726,2,1422
727,1,1427
727,3,1415
728,2,1423
729,2,1427
729,3,1414
730,2,1422
731,1,1422
731,3,1415
731,4,1419
732,3,1422
732,5,1415
732,8,1415
732,11,1418
732,15,1414
733,1,1423
733,4,1415
733,5,1418
733,7,1414
734,1,1423
734,3,1419
734,5,1415
734,9,1414
734,10,1414
734,11,1415
735,1,1422
735,2,1414
735,3,1415
736,1,1427
736,2,1414
737,1,1423
738,1,1423
739,1,1423
739,2,1415
739,3,1415
739,6,1415
739,9,1414
739,11,1415
740,1,1427
740,2,1415
741,2,1426
741,3,1415
741,5,1415
742,3,1422
742,4,1414
742,5,1415
743,2,1427
743,4,1415
744,1,1423
744,5,1415
744,6,1415
744,8,1419
744,13,1415
745,1,1422
745,2,1419
745,4,1414
745,5,1415
745,6,1415
745,11,1415
745,12,1415
745,13,1414
745,14,1419
745,15,1415
746,2,1422
746,3,1415
747,1,1422
748,1,1422
749,2,1422
750,1,1422
751,1,1423
751,2,1415
752,1,1422
752,2,1414
752,4,1415
753,1,1422
753,3,1419
754,1,1427
755,1,1422
756,2,1422
756,6,1414
756,7,1415
757,2,1427
758,1,1423
758,5,1419
759,2,1427
759,5,1415
759,8,1414
759,9,1415
759,10,1414
759,11,1415
760,1,1422
760,3,1415
761,1,1422
761,3,1419
761,4,1419
762,4,1423
762,6,1415
762,9,1415
763,2,1423
764,1,1422
764,2,1415
765,1,1422
765,2,1415
765,3,1415
765,4,1415
766,2,1423
767,1,1422
767,2,1415
767,3,1415
767,6,1414
767,7,1415
767,10,1414
767,12,1415
767,13,1415
767,19,1418
768,1,1423
769,2,1422
770,1,1423
770,4,1414
771,1,1422
771,2,1419
772,1,1423
772,2,1415
772,3,1414
773,2,1423
773,4,1415
774,1,1423
774,3,1415
775,2,1426
775,5,1415
775,9,1414
776,2,1423
777,2,1422
778,1,1422
778,2,1419
779,2,1427
779,3,1419
780,1,1423
781,1,1422
782,1,1423
782,5,1415
782,9,1415
782,11,1415
783,1,1422
783,2,1415
784,1,1423
784,4,1415
784,6,1414
784,7,1415
784,8,1414
785,3,1422
785,4,1415
785,8,1415
785,9,1414
785,11,1415
786,1,1422
786,5,1414
786,8,1415
786,9,1414
787,1,1423
787,3,1415
787,5,1415
787,6,1415
787,7,1414
787,9,1414
788,2,1423
789,1,1423
789,4,1419
790,1,1422
791,1,1422
792,2,1422
792,6,1415
793,3,1422
793,5,1414
793,6,1415
793,7,1419
794,2,1422
794,3,1415
795,2,1422
796,1,1422
797,3,1423
797,6,1415
797,7,1415
797,8,1415
797,12,1415
798,1,1422
799,1,1423
800,2,1422
801,2,1426
802,1,1422
803,1,1427
804,1,1422
805,2,1427
805,4,1414
806,1,1422
806,5,1415
806,6,1415
807,1,1422
807,2,1415
808,1,1427
808,2,1414
808,5,1415
808,6,1415
808,11,1418
808,12,1419
809,1,1427
810,2,1422
810,4,1415
810,5,1415
811,1,1422
811,2,1419
811,3,1419
811,4,1415
811,6,1415
811,7,1415
812,1,1423
812,2,1415
813,3,1423
814,1,1423
815,5,1423
815,7,1415
816,1,1422
816,3,1415
817,2,1423
818,2,1422
818,3,1415
819,1,1423
819,2,1415
819,4,1414
819,5,1414
819,6,1415
820,7,1422
820,8,1415
820,9,1415
820,11,1419
820,12,1415
820,13,1415
821,1,1423
821,4,1415
821,6,1415
822,1,1423
822,2,1415
823,1,1422
823,4,1415
824,1,1423
825,2,1427
825,3,1419
826,1,1427
826,2,1414
826,3,1414
827,2,1423
827,4,1415
827,5,1415
828,3,1422
829,1,1423
829,2,1415
830,1,1422
830,4,1415
831,5,1423
832,4,1423
832,6,1414
833,1,1422
833,2,1415
834,6,1423
835,1,1423
836,3,1422
837,4,1423
837,5,1419
838,1,1422
838,2,1415
838,3,1415
839,1,1423
840,2,1423
840,4,1414
840,6,1414
840,9,1415
840,10,1419
840,11,1414
841,1,1423
841,2,1414
841,3,1419
841,4,1414
842,2,1423
842,4,1415
843,1,1422
843,4,1415
843,5,1415
843,6,1415
843,7,1415
844,3,1427
845,1,1423
845,3,1415
845,5,1415
845,10,1415
845,11,1415
845,12,1415
846,2,1423
846,3,1414
846,4,1415
846,5,1419
846,7,1414
846,8,1415
846,10,1415
846,12,1415
846,15,1414
847,1,1422
848,3,1423
849,1,1422
849,2,1415
850,1,1427
850,7,1415
850,8,1415
851,1,1423
851,2,1414
851,3,1414
852,4,1423
853,1,1427
853,2,1414
853,4,1414
853,5,1414
853,9,1415
853,10,1415
854,2,1423
855,1,1423
855,2,1415
855,3,1414
855,6,1415
855,8,1415
855,9,1415
856,1,1423
856,6,1418
856,8,1414
857,3,1427
857,4,1415
857,7,1414
858,1,1422
859,1,1422
860,2,1422
860,4,1415
861,3,1423
862,2,1422
863,3,1422
863,5,1414
863,8,1414
863,9,1414
863,10,1415
864,1,1422
864,5,1419
865,1,1422
865,2,1415
866,1,1423
866,2,1415
867,1,1423
868,5,1422
869,1,1422
870,1,1423
871,3,1422
872,1,1427
872,4,1415
873,10,1423
874,1,1423
874,8,1415
874,10,1415
874,12,1415
875,2,1423
875,3,1414
875,5,1415
876,1,1426
876,4,1415
877,2,1422
877,5,1414
877,6,1419
878,1,1423
878,4,1415
879,1,1423
879,2,1415
879,3,1414
879,4,1415
879,5,1419
879,6,1419
880,2,1422
880,4,1415
880,5,1420
880,6,1419
881,1,1422
881,4,1415
882,1,1423
882,2,1415
882,6,1415
882,7,1415
883,5,1423
883,6,1415
884,1,1423
884,5,1415
884,6,1414
884,7,1415
884,9,1414
884,10,1415
884,11,1414
885,1,1423
885,3,1419
885,5,1414
886,5,1422
886,7,1419
886,9,1414
886,11,1415
886,14,1414
886,15,1415
886,19,1415
887,4,1423
887,5,1415
887,6,1414
888,1,1422
888,3,1415
888,4,1415
888,5,1419
888,6,1418
888,7,1414
889,1,1423
889,3,1419
889,5,1414
890,2,1422
890,5,1415
890,6,1415
890,15,1414
890,17,1415
890,19,1414
890,20,1414
891,2,1422
892,1,1422
893,2,1423
894,1,1423
894,2,1415
894,5,1415
894,7,1414
894,9,1415
894,10,1414
894,11,1415
894,13,1415
895,1,1423
895,2,1415
896,1,1423
897,6,1422
897,7,1414
898,2,1427
898,4,1415
898,6,1415
899,3,1423
900,1,1423
901,1,1422
902,1,1427
903,2,1427
904,1,1422
905,1,1427
906,1,1423
906,5,1414
906,6,1415
906,8,1415
907,3,1423
908,1,1423
908,3,1414
908,4,1415
908,6,1415
908,8,1415
908,9,1415
909,3,1422
910,1,1422
910,2,1415
911,3,1422
912,5,1422
913,2,1423
914,1,1422
915,1,1422
916,3,1422
917,1,1422
917,2,1415
917,3,1415
917,6,1415
918,6,1423
918,8,1415
918,9,1419
919,2,1422
919,3,1414
920,1,1423
921,2,1427
922,2,1422
923,1,1422
924,1,1422
925,1,1422
926,1,1426
926,2,1415
927,2,1426
928,1,1422
928,2,1414
928,4,1415
929,1,1422
930,2,1422
930,3,1415
931,1,1422
932,1,1423
933,2,1423
933,4,1418
933,5,1415
934,1,1423
934,4,1419
934,5,1414
934,6,1415
934,9,1415
935,1,1423
936,2,1422
937,2,1423
938,2,1423
939,4,1423
940,6,1422
940,8,1414
940,11,1414
941,4,1423
942,1,1422
942,2,1419
942,3,1415
942,4,1414
943,4,1423
943,5,1414
944,2,1422
944,5,1414
945,1,1422
945,2,1415
945,4,1414
946,9,1422
946,10,1415
946,11,1415
947,1,1422
948,1,1422
948,2,1415
948,4,1415
949,6,1423
950,2,1423
950,3,1415
951,1,1423
951,7,1414
951,10,1415
952,2,1423
953,2,1423
953,5,1415
953,6,1415
954,1,1423
954,3,1415
955,1,1422
955,3,1415
955,4,1414
956,1,1422
956,3,1415
957,2,1423
958,1,1427
958,3,1415
959,1,1423
959,2,1415
959,3,1415
960,1,1423
960,2,1415
960,3,1415
961,2,1422
961,3,1415
961,5,1414
962,1,1423
963,5,1423
964,14,1422
964,17,1415
965,2,1422
966,2,1423
967,1,1423
967,2,1414
967,3,1419
967,4,1414
967,6,1415
967,7,1414
968,1,1422
968,4,1415
968,5,1415
968,7,1415
969,2,1423
969,4,1415
970,1,1422
971,2,1423
972,2,1423
972,3,1415
972,8,1415
972,9,1414
972,11,1415
972,12,1415
973,3,1422
973,4,1414
973,6,1415
974,1,1422
975,1,1422
975,2,1414
975,3,1415
976,1,1427
976,6,1415
976,7,1415
977,1,1422
977,2,1415
977,3,1414
977,6,1415
978,4,1422
978,7,1415
979,4,1422
979,6,1414
979,8,1415
979,9,1415
979,10,1415
979,11,1415
979,13,1415
979,17,1414
979,18,1415
979,20,1414
979,21,1415
979,23,1415
979,25,1419
980,2,1422
981,1,1427
982,2,1423
982,3,1415
983,2,1423
983,4,1415
984,1,1426
985,1,1422
986,2,1422
987,1,1423
987,4,1415
988,1,1423
989,1,1423
989,3,1415
989,7,1415
990,1,1423
991,1,1427
991,2,1415
992,3,1423
993,2,1423
993,5,1415
994,1,1426
995,1,1423
996,2,1423
996,4,1415
996,8,1419
996,10,1414
996,13,1419
996,17,1415
997,2,1427
997,3,1415
997,5,1414
998,1,1423
999,2,1422
