invocation,candidate,exit,duration_us
0,1,accept,10604
1,1,accept,10603
2,1,z,7539
2,2,accept,10548
3,1,accept,10603
4,1,w0,8993
4,2,z,7464
4,3,w0,8905
4,4,z,7471
4,5,accept,10540
5,1,w0,8992
5,2,accept,10540
6,1,accept,10603
7,1,accept,10604
8,1,z,7523
8,2,w0,8916
8,3,z,7470
8,4,z,7473
8,5,w0,8905
8,6,w0,8941
8,7,z,7458
8,8,z,7455
8,9,z,7488
8,10,z,7471
8,11,w0,8929
8,12,z,7447
8,13,z,7461
8,14,z,7461
8,15,accept,10540
9,1,w0,8993
9,2,w0,8938
9,3,z,7477
9,4,z,7453
9,5,w0,8926
9,6,w0,8928
9,7,z,7456
9,8,w0,8924
9,9,accept,10541
10,1,z,7527
10,2,z,7455
10,3,w0,8922
10,4,z,7479
10,5,z,7463
10,6,w0,8906
10,7,z,7465
10,8,z,7481
10,9,z,7471
10,10,w0,8922
10,11,w0,8923
10,12,z,7453
10,13,w0,8942
10,14,accept,10540
11,1,accept,10603
12,1,w0,8987
12,2,z,7466
12,3,z,7477
12,4,z,7485
12,5,accept,10540
13,1,z,7525
13,2,z,7463
13,3,accept,10548
14,1,z,7520
14,2,w0,8915
14,3,z,7454
14,4,accept,10540
15,1,accept,10604
16,1,w0,8975
16,2,z,7486
16,3,z,7486
16,4,w0,8901
16,5,z,7483
16,6,accept,10541
17,1,w0,8986
17,2,w0,8913
17,3,w0,8914
17,4,w0,8906
17,5,accept,10540
18,1,w0,9005
18,2,z,7482
18,3,z,7460
18,4,accept,10541
19,1,w0,8991
19,2,accept,10541
20,1,accept,10603
21,1,w0,8993
21,2,w0,8912
21,3,z,7472
21,4,w0,8917
21,5,z,7459
21,6,w0,8932
21,7,z,7450
21,8,w0,8901
21,9,w0,8912
21,10,z,7454
21,11,w0,8913
21,12,accept,10540
22,1,z,7535
22,2,w0,8940
22,3,w0,8936
22,4,z,7454
22,5,accept,10539
23,1,accept,10603
24,1,z,7524
24,2,w0,8919
24,3,w0,8919
24,4,z,7459
24,5,accept,10540
25,1,accept,10615
26,1,accept,10603
27,1,z,7512
27,2,z,7479
27,3,z,7480
27,4,w0,8946
27,5,w0,8927
27,6,accept,10540
28,1,w0,9015
28,2,z,7458
28,3,accept,10540
29,1,w0,8980
29,2,z,7466
29,3,z,7479
29,4,z,7472
29,5,z,7449
29,6,w0,8918
29,7,accept,10540
30,1,accept,10603
31,1,accept,10603
32,1,z,7551
32,2,accept,10547
33,1,w0,8988
33,2,w0,8934
33,3,z,7472
33,4,w0,8915
33,5,z,7471
33,6,accept,10540
34,1,z,7522
34,2,w0,8924
34,3,w0,8922
34,4,hint,10540
34,5,z,7463
34,6,accept,10536
35,1,z,7515
35,2,w0,8918
35,3,w0,8912
35,4,z,7468
35,5,z,7453
35,6,w0,8909
35,7,z,7476
35,8,w0,8923
35,9,w0,8931
35,10,z,7453
35,11,w0,8914
35,12,accept,10540
36,1,z,7509
36,2,w0,8925
36,3,w0,8914
36,4,w0,8929
36,5,accept,10540
37,1,w0,9001
37,2,w0,8907
37,3,z,7447
37,4,w0,8930
37,5,w0,8920
37,6,accept,10540
38,1,z,7514
38,2,z,7467
38,3,z,7475
38,4,z,7452
38,5,z,7482
38,6,z,7485
38,7,w0,8936
38,8,z,7482
38,9,z,7461
38,10,z,7464
38,11,z,7469
38,12,z,7468
38,13,z,7486
38,14,w0,8938
38,15,w0,8914
38,16,w0,8915
38,17,w0,8938
38,18,z,7476
38,19,accept,10540
39,1,z,7510
39,2,z,7461
39,3,accept,10548
40,1,accept,10603
41,1,w0,8981
41,2,accept,10540
42,1,z,7543
42,2,w0,8929
42,3,accept,10544
43,1,w0,8987
43,2,accept,10540
44,1,accept,10603
45,1,z,7523
45,2,z,7477
45,3,z,7466
45,4,w0,8914
45,5,z,7461
45,6,w0,8936
45,7,accept,10540
46,1,accept,10604
47,1,z,7528
47,2,w0,8935
47,3,z,7484
47,4,w0,8909
47,5,w0,8900
47,6,z,7465
47,7,accept,10540
48,1,accept,10607
49,1,w0,8970
49,2,z,7473
49,3,z,7455
49,4,z,7453
49,5,z,7456
49,6,w0,8933
49,7,z,7456
49,8,w0,8913
49,9,w0,8914
49,10,w0,8909
49,11,w0,8920
49,12,w0,8926
49,13,z,7464
49,14,w0,8928
49,15,z,7449
49,16,accept,10540
50,1,z,7519
50,2,z,7453
50,3,z,7457
50,4,w0,8929
50,5,w0,8908
50,6,z,7453
50,7,z,7468
50,8,w0,8927
50,9,z,7455
50,10,z,7471
50,11,accept,10543
51,1,z,7528
51,2,z,7454
51,3,z,7477
51,4,z,7458
51,5,w0,8935
51,6,z,7468
51,7,w0,8906
51,8,w0,8909
51,9,accept,10540
52,1,w0,8969
52,2,w0,8914
52,3,w0,8920
52,4,w0,8937
52,5,z,7481
52,6,accept,10541
53,1,accept,10603
54,1,accept,10603
55,1,z,7512
55,2,w0,8916
55,3,w0,8912
55,4,w0,8934
55,5,z,7455
55,6,w0,8938
55,7,w0,8913
55,8,hint,10540
55,9,accept,10536
56,1,accept,10604
57,1,accept,10603
58,1,hint,10603
58,2,z,7465
58,3,z,7456
58,4,w0,8917
58,5,z,7470
58,6,w0,8926
58,7,w0,8911
58,8,z,7453
58,9,z,7449
58,10,w0,8904
58,11,w0,8924
58,12,accept,10537
59,1,accept,10604
60,1,z,7503
60,2,z,7468
60,3,w0,8920
60,4,z,7468
60,5,z,7474
60,6,w0,8915
60,7,w0,8930
60,8,w0,8905
60,9,z,7452
60,10,accept,10540
61,1,z,7526
61,2,w0,8917
61,3,accept,10540
62,1,w0,8980
62,2,z,7453
62,3,w0,8941
62,4,accept,10540
63,1,z,7530
63,2,z,7451
63,3,z,7461
63,4,z,7450
63,5,z,7453
63,6,z,7485
63,7,z,7464
63,8,w0,8914
63,9,z,7470
63,10,z,7461
63,11,z,7469
63,12,w0,8910
63,13,z,7471
63,14,w0,8904
63,15,w0,8916
63,16,w0,8941
63,17,w0,8929
63,18,w0,8933
63,19,accept,10540
64,1,w0,8983
64,2,accept,10540
65,1,w0,9013
65,2,z,7477
65,3,z,7464
65,4,z,7485
65,5,accept,10540
66,1,w0,8981
66,2,z,7448
66,3,accept,10541
67,1,z,7542
67,2,z,7484
67,3,w0,8920
67,4,z,7475
67,5,z,7475
67,6,w0,8919
67,7,w0,8916
67,8,w0,8917
67,9,z,7474
67,10,w0,8901
67,11,w0,8910
67,12,w0,8913
67,13,accept,10540
68,1,w0,8977
68,2,accept,10540
69,1,w0,8976
69,2,w0,8925
69,3,z,7475
69,4,w0,8926
69,5,z,7452
69,6,z,7460
69,7,accept,10540
70,1,z,7509
70,2,w0,8938
70,3,z,7461
70,4,accept,10541
71,1,z,7512
71,2,z,7450
71,3,accept,10548
72,1,accept,10607
73,1,z,7519
73,2,w0,8935
73,3,z,7484
73,4,z,7460
73,5,z,7458
73,6,z,7470
73,7,z,7449
73,8,z,7457
73,9,z,7459
73,10,accept,10540
74,1,z,7510
74,2,w0,8948
74,3,w0,8906
74,4,z,7450
74,5,accept,10540
75,1,z,7551
75,2,w0,8909
75,3,z,7485
75,4,accept,10540
76,1,accept,10615
77,1,w0,8974
77,2,z,7459
77,3,w0,8938
77,4,z,7458
77,5,w0,8905
77,6,accept,10539
78,1,w0,8966
78,2,z,7484
78,3,accept,10541
79,1,accept,10604
80,1,z,7512
80,2,z,7458
80,3,z,7463
80,4,z,7451
80,5,accept,10548
81,1,z,7538
81,2,z,7450
81,3,w0,8932
81,4,accept,10540
82,1,z,7524
82,2,z,7472
82,3,accept,10548
83,1,z,7525
83,2,w0,8939
83,3,w0,8941
83,4,w0,8909
83,5,w0,8905
83,6,accept,10540
84,1,w0,8984
84,2,z,7458
84,3,w0,8922
84,4,accept,10540
85,1,accept,10603
86,1,accept,10604
87,1,z,7509
87,2,accept,10552
88,1,accept,10603
89,1,w0,8973
89,2,z,7462
89,3,w0,8912
89,4,w0,8931
89,5,w0,8919
89,6,z,7466
89,7,z,7465
89,8,accept,10540
90,1,z,7511
90,2,w0,8935
90,3,z,7470
90,4,w0,8905
90,5,z,7467
90,6,w0,8904
90,7,w0,8937
90,8,z,7476
90,9,z,7470
90,10,accept,10540
91,1,z,7530
91,2,w0,8919
91,3,accept,10540
92,1,z,7542
92,2,accept,10548
93,1,w0,8971
93,2,accept,10540
94,1,accept,10604
95,1,w0,8980
95,2,accept,10540
96,1,accept,10603
97,1,z,7519
97,2,w0,8915
97,3,accept,10541
98,1,accept,10607
99,1,w0,8988
99,2,w0,8940
99,3,z,7459
99,4,accept,10541
100,1,accept,10615
101,1,w0,8985
101,2,accept,10540
102,1,z,7528
102,2,z,7468
102,3,z,7473
102,4,z,7460
102,5,z,7479
102,6,accept,10548
103,1,w0,8974
103,2,accept,10540
104,1,z,7521
104,2,z,7475
104,3,accept,10548
105,1,accept,10603
106,1,hint,10603
106,2,z,7471
106,3,z,7453
106,4,z,7463
106,5,w0,8904
106,6,accept,10536
107,1,accept,10603
108,1,z,7526
108,2,w0,8927
108,3,w0,8921
108,4,z,7465
108,5,w0,8919
108,6,accept,10540
109,1,w0,8972
109,2,z,7467
109,3,z,7479
109,4,z,7454
109,5,w0,8934
109,6,w0,8930
109,7,accept,10540
110,1,z,7508
110,2,z,7460
110,3,z,7462
110,4,w0,8932
110,5,accept,10540
111,1,z,7514
111,2,accept,10548
112,1,w0,8990
112,2,w0,8910
112,3,z,7477
112,4,w0,8907
112,5,z,7471
112,6,z,7463
112,7,z,7459
112,8,accept,10540
113,1,z,7523
113,2,z,7450
113,3,w0,8913
113,4,w0,8934
113,5,w0,8917
113,6,w0,8909
113,7,w0,8919
113,8,z,7459
113,9,w0,8931
113,10,accept,10540
114,1,z,7536
114,2,accept,10548
115,1,z,7527
115,2,accept,10549
116,1,accept,10604
117,1,accept,10604
118,1,accept,10603
119,1,z,7504
119,2,accept,10552
120,1,w0,8991
120,2,w0,8937
120,3,accept,10541
121,1,w0,8969
121,2,z,7451
121,3,z,7460
121,4,accept,10540
122,1,w0,8997
122,2,z,7471
122,3,accept,10540
123,1,z,7506
123,2,w0,8913
123,3,accept,10540
124,1,w0,8997
124,2,accept,10540
125,1,w0,8995
125,2,z,7476
125,3,z,7474
125,4,w0,8934
125,5,z,7481
125,6,accept,10540
126,1,accept,10608
127,1,z,7522
127,2,accept,10548
128,1,accept,10603
129,1,accept,10603
130,1,z,7523
130,2,accept,10548
131,1,accept,10603
132,1,accept,10615
133,1,w0,9002
133,2,z,7460
133,3,z,7469
133,4,z,7469
133,5,accept,10540
134,1,accept,10603
135,1,w0,8996
135,2,z,7477
135,3,accept,10540
136,1,z,7554
136,2,z,7481
136,3,accept,10548
137,1,w0,9001
137,2,accept,10540
138,1,w0,8986
138,2,z,7460
138,3,accept,10540
139,1,z,7535
139,2,accept,10548
140,1,z,7527
140,2,w0,8941
140,3,accept,10540
141,1,w0,8997
141,2,z,7457
141,3,accept,10544
142,1,z,7537
142,2,w0,8934
142,3,z,7452
142,4,w0,8938
142,5,z,7459
142,6,z,7476
142,7,w0,8926
142,8,accept,10540
143,1,z,7519
143,2,w0,8916
143,3,accept,10540
144,1,accept,10615
145,1,z,7546
145,2,z,7486
145,3,z,7454
145,4,w0,8927
145,5,z,7479
145,6,z,7485
145,7,accept,10540
146,1,accept,10619
147,1,w0,9001
147,2,z,7472
147,3,z,7467
147,4,accept,10540
148,1,accept,10615
149,1,z,7520
149,2,accept,10549
150,1,w0,8998
150,2,z,7461
150,3,z,7452
150,4,w0,8937
150,5,w0,8914
150,6,w0,8904
150,7,accept,10545
151,1,z,7528
151,2,z,7477
151,3,accept,10548
152,1,z,7525
152,2,z,7478
152,3,z,7454
152,4,w0,8943
152,5,accept,10541
153,1,accept,10603
154,1,z,7537
154,2,accept,10547
155,1,z,7531
155,2,w0,8910
155,3,w0,8917
155,4,accept,10541
156,1,z,7536
156,2,w0,8918
156,3,accept,10540
157,1,z,7533
157,2,w0,8950
157,3,accept,10540
158,1,w0,8984
158,2,w0,8903
158,3,w0,8941
158,4,accept,10541
159,1,accept,10603
160,1,accept,10603
161,1,z,7532
161,2,z,7487
161,3,z,7468
161,4,accept,10548
162,1,z,7515
162,2,w0,8931
162,3,z,7454
162,4,z,7461
162,5,accept,10540
163,1,z,7508
163,2,w0,8947
163,3,z,7472
163,4,z,7456
163,5,z,7460
163,6,accept,10541
164,1,z,7516
164,2,w0,8926
164,3,accept,10540
165,1,z,7541
165,2,accept,10548
166,1,z,7505
166,2,accept,10548
167,1,accept,10604
168,1,accept,10603
169,1,accept,10604
170,1,z,7528
170,2,accept,10548
171,1,accept,10604
172,1,z,7551
172,2,accept,10548
173,1,accept,10603
174,1,z,7515
174,2,z,7482
174,3,z,7471
174,4,z,7480
174,5,z,7465
174,6,z,7452
174,7,w0,8918
174,8,z,7485
174,9,z,7463
174,10,accept,10540
175,1,w0,8997
175,2,accept,10541
176,1,z,7519
176,2,w0,8936
176,3,accept,10540
177,1,z,7514
177,2,w0,8914
177,3,accept,10540
178,1,z,7521
178,2,w0,8916
178,3,w0,8919
178,4,z,7457
178,5,w0,8904
178,6,z,7451
178,7,z,7457
178,8,z,7458
178,9,w0,8913
178,10,accept,10540
179,1,accept,10604
180,1,z,7506
180,2,w0,8933
180,3,w0,8933
180,4,accept,10540
181,1,w0,8985
181,2,z,7476
181,3,w0,8929
181,4,z,7458
181,5,w0,8926
181,6,accept,10540
182,1,z,7534
182,2,w0,8918
182,3,z,7480
182,4,w0,8939
182,5,z,7462
182,6,z,7469
182,7,z,7467
182,8,z,7465
182,9,z,7450
182,10,z,7487
182,11,w0,8940
182,12,accept,10540
183,1,z,7524
183,2,z,7445
183,3,w0,8943
183,4,accept,10540
184,1,accept,10603
185,1,w0,8971
185,2,w0,8907
185,3,z,7458
185,4,w0,8919
185,5,w0,8909
185,6,accept,10540
186,1,z,7536
186,2,w0,8910
186,3,w0,8909
186,4,w0,8943
186,5,accept,10540
187,1,z,7520
187,2,w0,8925
187,3,accept,10540
188,1,z,7508
188,2,w0,8925
188,3,z,7449
188,4,z,7486
188,5,w0,8922
188,6,z,7450
188,7,w0,8911
188,8,w0,8920
188,9,z,7463
188,10,accept,10540
189,1,z,7507
189,2,w0,8930
189,3,accept,10540
190,1,w0,8982
190,2,accept,10540
191,1,accept,10615
192,1,z,7511
192,2,z,7455
192,3,accept,10548
193,1,accept,10607
194,1,w0,8976
194,2,accept,10541
195,1,z,7515
195,2,z,7462
195,3,z,7459
195,4,z,7463
195,5,w0,8946
195,6,z,7474
195,7,z,7486
195,8,w0,8916
195,9,accept,10541
196,1,z,7523
196,2,z,7450
196,3,z,7463
196,4,accept,10548
197,1,w0,9002
197,2,w0,8924
197,3,z,7457
197,4,z,7483
197,5,w0,8906
197,6,z,7464
197,7,z,7483
197,8,accept,10540
198,1,z,7527
198,2,w0,8935
198,3,w0,8904
198,4,z,7478
198,5,accept,10540
199,1,z,7511
199,2,accept,10548
200,1,w0,8985
200,2,z,7454
200,3,z,7477
200,4,z,7465
200,5,accept,10541
201,1,accept,10603
202,1,w0,9001
202,2,w0,8933
202,3,w0,8918
202,4,w0,8920
202,5,accept,10540
203,1,z,7506
203,2,accept,10548
204,1,z,7515
204,2,z,7457
204,3,accept,10548
205,1,z,7535
205,2,z,7453
205,3,z,7481
205,4,accept,10548
206,1,z,7504
206,2,accept,10547
207,1,w0,8973
207,2,accept,10540
208,1,z,7528
208,2,z,7463
208,3,w0,8940
208,4,z,7447
208,5,z,7472
208,6,accept,10540
209,1,w0,8983
209,2,w0,8924
209,3,z,7452
209,4,w0,8936
209,5,z,7454
209,6,z,7474
209,7,z,7460
209,8,accept,10540
210,1,w0,8988
210,2,z,7471
210,3,w0,8938
210,4,accept,10541
211,1,z,7509
211,2,z,7454
211,3,z,7458
211,4,accept,10548
212,1,z,7514
212,2,w0,8940
212,3,z,7471
212,4,z,7453
212,5,w0,8918
212,6,z,7476
212,7,w0,8916
212,8,z,7454
212,9,w0,8914
212,10,z,7472
212,11,z,7461
212,12,z,7474
212,13,z,7479
212,14,z,7453
212,15,z,7466
212,16,accept,10540
213,1,z,7505
213,2,z,7459
213,3,z,7467
213,4,accept,10548
214,1,accept,10603
215,1,z,7523
215,2,w0,8931
215,3,z,7464
215,4,z,7455
215,5,z,7485
215,6,z,7452
215,7,w0,8903
215,8,w0,8931
215,9,w0,8912
215,10,z,7479
215,11,accept,10540
216,1,accept,10615
217,1,z,7541
217,2,z,7451
217,3,accept,10552
218,1,w0,8992
218,2,z,7462
218,3,w0,8907
218,4,z,7476
218,5,z,7459
218,6,z,7461
218,7,z,7480
218,8,z,7464
218,9,accept,10540
219,1,w0,8983
219,2,accept,10540
220,1,accept,10603
221,1,z,7525
221,2,z,7453
221,3,w0,8921
221,4,accept,10545
222,1,z,7537
222,2,accept,10548
223,1,z,7506
223,2,accept,10552
224,1,w0,8990
224,2,z,7479
224,3,z,7455
224,4,w0,8908
224,5,w0,8920
224,6,z,7446
224,7,w0,8932
224,8,z,7483
224,9,z,7478
224,10,accept,10540
225,1,accept,10603
226,1,z,7555
226,2,accept,10548
227,1,w0,8966
227,2,z,7453
227,3,accept,10540
228,1,z,7523
228,2,w0,8915
228,3,accept,10540
229,1,accept,10615
230,1,accept,10603
231,1,accept,10615
232,1,accept,10604
233,1,z,7506
233,2,z,7482
233,3,w0,8917
233,4,accept,10540
234,1,accept,10619
235,1,w0,9004
235,2,z,7448
235,3,w0,8922
235,4,z,7460
235,5,z,7456
235,6,w0,8934
235,7,accept,10541
236,1,accept,10603
237,1,accept,10603
238,1,accept,10619
239,1,z,7513
239,2,z,7481
239,3,accept,10548
240,1,accept,10603
241,1,accept,10604
242,1,w0,8985
242,2,z,7464
242,3,accept,10541
243,1,z,7513
243,2,accept,10548
244,1,z,7516
244,2,w0,8937
244,3,w0,8918
244,4,z,7450
244,5,z,7458
244,6,w0,8934
244,7,w0,8907
244,8,z,7450
244,9,accept,10540
245,1,z,7540
245,2,z,7483
245,3,w0,8931
245,4,w0,8928
245,5,z,7451
245,6,accept,10541
246,1,accept,10604
247,1,z,7521
247,2,accept,10548
248,1,w0,8968
248,2,z,7484
248,3,w0,8924
248,4,w0,8905
248,5,z,7467
248,6,w0,8908
248,7,z,7485
248,8,z,7452
248,9,accept,10539
249,1,z,7546
249,2,w0,8946
249,3,w0,8937
249,4,accept,10540
250,1,z,7522
250,2,z,7480
250,3,w0,8928
250,4,w0,8937
250,5,z,7469
250,6,w0,8919
250,7,accept,10540
251,1,z,7514
251,2,w0,8920
251,3,z,7456
251,4,z,7467
251,5,w0,8906
251,6,z,7447
251,7,w0,8913
251,8,w0,8917
251,9,w0,8909
251,10,w0,8917
251,11,z,7476
251,12,z,7450
251,13,z,7461
251,14,w0,8915
251,15,z,7461
251,16,accept,10540
252,1,z,7512
252,2,z,7454
252,3,z,7462
252,4,z,7452
252,5,w0,8941
252,6,accept,10540
253,1,z,7506
253,2,w0,8917
253,3,accept,10540
254,1,accept,10614
255,1,z,7519
255,2,z,7453
255,3,w0,8944
255,4,z,7477
255,5,accept,10541
256,1,w0,8966
256,2,accept,10540
257,1,z,7536
257,2,w0,8938
257,3,w0,8934
257,4,z,7481
257,5,w0,8941
257,6,z,7480
257,7,w0,8917
257,8,z,7462
257,9,accept,10541
258,1,w0,8998
258,2,accept,10540
259,1,w0,9015
259,2,z,7460
259,3,w0,8902
259,4,accept,10539
260,1,accept,10603
261,1,accept,10604
262,1,accept,10603
263,1,z,7536
263,2,z,7455
263,3,w0,8914
263,4,accept,10540
264,1,z,7536
264,2,accept,10548
265,1,w0,8994
265,2,z,7449
265,3,z,7483
265,4,w0,8904
265,5,w0,8931
265,6,accept,10540
266,1,z,7527
266,2,accept,10552
267,1,accept,10615
268,1,w0,8989
268,2,z,7473
268,3,accept,10540
269,1,z,7527
269,2,w0,8916
269,3,accept,10540
270,1,z,7516
270,2,z,7480
270,3,w0,8918
270,4,accept,10540
271,1,w0,8988
271,2,z,7450
271,3,z,7449
271,4,accept,10540
272,1,z,7542
272,2,w0,8942
272,3,z,7467
272,4,accept,10540
273,1,accept,10603
274,1,accept,10615
275,1,z,7530
275,2,w0,8913
275,3,accept,10540
276,1,z,7529
276,2,z,7482
276,3,z,7454
276,4,z,7483
276,5,w0,8935
276,6,z,7477
276,7,z,7461
276,8,accept,10540
277,1,accept,10616
278,1,z,7502
278,2,w0,8936
278,3,accept,10540
279,1,z,7526
279,2,w0,8939
279,3,z,7454
279,4,z,7476
279,5,z,7487
279,6,z,7461
279,7,w0,8926
279,8,accept,10540
280,1,w0,8970
280,2,z,7454
280,3,accept,10540
281,1,w0,8983
281,2,z,7452
281,3,z,7453
281,4,accept,10541
282,1,z,7513
282,2,w0,8917
282,3,w0,8934
282,4,accept,10541
283,1,w0,8994
283,2,z,7467
283,3,w0,8903
283,4,accept,10544
284,1,z,7515
284,2,z,7454
284,3,w0,8917
284,4,z,7483
284,5,w0,8909
284,6,z,7482
284,7,w0,8928
284,8,z,7477
284,9,w0,8918
284,10,z,7469
284,11,z,7452
284,12,w0,8924
284,13,z,7458
284,14,w0,8930
284,15,z,7463
284,16,w0,8921
284,17,z,7452
284,18,w0,8913
284,19,w0,8919
284,20,w0,8907
284,21,accept,10540
285,1,z,7511
285,2,z,7480
285,3,accept,10548
286,1,z,7525
286,2,z,7474
286,3,z,7463
286,4,z,7452
286,5,accept,10549
287,1,z,7510
287,2,z,7476
287,3,z,7451
287,4,accept,10548
288,1,z,7534
288,2,w0,8948
288,3,accept,10540
289,1,z,7502
289,2,z,7451
289,3,hint,10548
289,4,w0,8940
289,5,w0,8927
289,6,z,7456
289,7,z,7448
289,8,accept,10536
290,1,accept,10615
291,1,accept,10615
292,1,accept,10603
293,1,accept,10604
294,1,z,7525
294,2,z,7458
294,3,z,7479
294,4,accept,10548
295,1,accept,10603
296,1,w0,8976
296,2,z,7470
296,3,w0,8927
296,4,w0,8937
296,5,w0,8939
296,6,accept,10540
297,1,accept,10603
298,1,w0,8981
298,2,z,7447
298,3,accept,10540
299,1,w0,8981
299,2,z,7467
299,3,z,7474
299,4,w0,8930
299,5,w0,8908
299,6,w0,8929
299,7,z,7460
299,8,z,7480
299,9,accept,10540
300,1,w0,8972
300,2,z,7451
300,3,z,7473
300,4,w0,8924
300,5,w0,8938
300,6,accept,10540
301,1,w0,8989
301,2,w0,8933
301,3,w0,8912
301,4,z,7482
301,5,w0,8911
301,6,z,7481
301,7,accept,10540
302,1,accept,10603
303,1,w0,8989
303,2,accept,10540
304,1,z,7529
304,2,z,7453
304,3,w0,8916
304,4,hint,10540
304,5,accept,10536
305,1,accept,10603
306,1,accept,10604
307,1,accept,10607
308,1,z,7518
308,2,z,7458
308,3,w0,8945
308,4,z,7464
308,5,z,7472
308,6,w0,8926
308,7,w0,8929
308,8,accept,10540
309,1,w0,8969
309,2,z,7485
309,3,z,7452
309,4,z,7452
309,5,w0,8912
309,6,accept,10541
310,1,z,7513
310,2,z,7456
310,3,z,7465
310,4,w0,8912
310,5,w0,8916
310,6,accept,10540
311,1,w0,8989
311,2,w0,8937
311,3,z,7456
311,4,z,7465
311,5,accept,10540
312,1,z,7527
312,2,w0,8938
312,3,z,7458
312,4,w0,8913
312,5,z,7462
312,6,w0,8904
312,7,w0,8912
312,8,accept,10540
313,1,z,7520
313,2,z,7470
313,3,z,7466
313,4,w0,8925
313,5,z,7467
313,6,z,7452
313,7,z,7448
313,8,w0,8934
313,9,z,7462
313,10,accept,10541
314,1,z,7520
314,2,z,7465
314,3,w0,8929
314,4,accept,10541
315,1,z,7514
315,2,z,7477
315,3,accept,10548
316,1,accept,10603
317,1,z,7523
317,2,z,7482
317,3,w0,8945
317,4,w0,8920
317,5,z,7464
317,6,w0,8921
317,7,w0,8926
317,8,z,7457
317,9,z,7464
317,10,z,7460
317,11,z,7467
317,12,z,7478
317,13,w0,8939
317,14,z,7469
317,15,w0,8927
317,16,w0,8936
317,17,z,7445
317,18,accept,10540
318,1,z,7523
318,2,accept,10548
319,1,z,7513
319,2,accept,10548
320,1,accept,10603
321,1,w0,9012
321,2,accept,10540
322,1,w0,8996
322,2,z,7468
322,3,accept,10540
323,1,z,7520
323,2,accept,10548
324,1,w0,8989
324,2,z,7476
324,3,z,7450
324,4,w0,8926
324,5,z,7475
324,6,accept,10541
325,1,z,7507
325,2,z,7470
325,3,z,7487
325,4,z,7481
325,5,z,7447
325,6,w0,8937
325,7,w0,8910
325,8,z,7453
325,9,z,7484
325,10,accept,10541
326,1,z,7517
326,2,z,7467
326,3,accept,10548
327,1,z,7526
327,2,z,7446
327,3,accept,10548
328,1,w0,8967
328,2,z,7473
328,3,w0,8912
328,4,w0,8925
328,5,accept,10540
329,1,accept,10603
330,1,z,7521
330,2,accept,10548
331,1,z,7544
331,2,w0,8924
331,3,z,7474
331,4,hint,10540
331,5,w0,8924
331,6,z,7446
331,7,accept,10536
332,1,w0,8968
332,2,accept,10541
333,1,accept,10603
334,1,accept,10603
335,1,w0,8997
335,2,accept,10541
336,1,z,7528
336,2,z,7457
336,3,accept,10548
337,1,z,7552
337,2,z,7473
337,3,z,7473
337,4,z,7453
337,5,z,7481
337,6,z,7474
337,7,w0,8915
337,8,w0,8930
337,9,accept,10541
338,1,z,7507
338,2,z,7472
338,3,accept,10548
339,1,z,7531
339,2,accept,10548
340,1,z,7544
340,2,w0,8949
340,3,accept,10541
341,1,w0,8975
341,2,z,7464
341,3,accept,10540
342,1,w0,9002
342,2,z,7487
342,3,accept,10541
343,1,z,7529
343,2,w0,8914
343,3,z,7480
343,4,w0,8931
343,5,accept,10541
344,1,accept,10616
345,1,w0,8978
345,2,z,7457
345,3,z,7463
345,4,z,7483
345,5,w0,8909
345,6,z,7484
345,7,accept,10540
346,1,z,7507
346,2,w0,8918
346,3,z,7477
346,4,accept,10541
347,1,accept,10615
348,1,z,7529
348,2,z,7477
348,3,z,7460
348,4,z,7465
348,5,accept,10549
349,1,w0,9001
349,2,w0,8911
349,3,z,7481
349,4,w0,8933
349,5,z,7484
349,6,z,7460
349,7,w0,8918
349,8,z,7454
349,9,z,7451
349,10,w0,8937
349,11,accept,10540
350,1,accept,10604
351,1,w0,8971
351,2,w0,8913
351,3,z,7468
351,4,w0,8907
351,5,w0,8936
351,6,w0,8921
351,7,z,7472
351,8,accept,10541
352,1,accept,10604
353,1,accept,10604
354,1,w0,8986
354,2,accept,10540
355,1,z,7508
355,2,accept,10548
356,1,w0,8977
356,2,z,7464
356,3,w0,8934
356,4,w0,8925
356,5,accept,10540
357,1,z,7505
357,2,w0,8920
357,3,z,7479
357,4,accept,10540
358,1,w0,8990
358,2,w0,8907
358,3,z,7448
358,4,accept,10540
359,1,z,7530
359,2,z,7467
359,3,accept,10548
360,1,w0,8985
360,2,w0,8904
360,3,z,7471
360,4,z,7462
360,5,accept,10540
361,1,accept,10607
362,1,z,7519
362,2,z,7466
362,3,z,7456
362,4,w0,8937
362,5,z,7453
362,6,z,7473
362,7,z,7466
362,8,z,7451
362,9,z,7451
362,10,w0,8910
362,11,accept,10539
363,1,w0,8997
363,2,accept,10540
364,1,z,7529
364,2,z,7488
364,3,w0,8940
364,4,w0,8929
364,5,w0,8937
364,6,accept,10540
365,1,accept,10613
366,1,z,7514
366,2,z,7448
366,3,z,7455
366,4,z,7463
366,5,w0,8928
366,6,z,7468
366,7,z,7481
366,8,w0,8928
366,9,z,7480
366,10,accept,10540
367,1,accept,10603
368,1,w0,8979
368,2,z,7458
368,3,z,7450
368,4,z,7473
368,5,accept,10540
369,1,z,7502
369,2,w0,8932
369,3,accept,10540
370,1,accept,10603
371,1,z,7530
371,2,z,7478
371,3,w0,8948
371,4,accept,10540
372,1,accept,10607
373,1,w0,8971
373,2,z,7457
373,3,z,7451
373,4,z,7475
373,5,accept,10540
374,1,z,7521
374,2,z,7455
374,3,accept,10548
375,1,accept,10604
376,1,z,7538
376,2,accept,10548
377,1,z,7508
377,2,accept,10548
378,1,w0,8976
378,2,z,7462
378,3,z,7463
378,4,z,7464
378,5,w0,8921
378,6,z,7452
378,7,z,7467
378,8,z,7482
378,9,accept,10540
379,1,w0,8978
379,2,w0,8910
379,3,z,7483
379,4,z,7478
379,5,w0,8907
379,6,accept,10540
380,1,z,7526
380,2,accept,10548
381,1,w0,8974
381,2,z,7464
381,3,hint,10541
381,4,accept,10537
382,1,z,7512
382,2,z,7465
382,3,accept,10548
383,1,z,7514
383,2,z,7454
383,3,z,7462
383,4,z,7463
383,5,z,7469
383,6,z,7454
383,7,accept,10548
384,1,w0,8978
384,2,z,7454
384,3,w0,8908
384,4,z,7453
384,5,z,7473
384,6,z,7484
384,7,accept,10540
385,1,z,7540
385,2,accept,10548
386,1,accept,10603
387,1,accept,10604
388,1,w0,8973
388,2,w0,8914
388,3,accept,10540
389,1,z,7530
389,2,z,7475
389,3,w0,8930
389,4,accept,10540
390,1,z,7522
390,2,accept,10548
391,1,w0,8972
391,2,w0,8941
391,3,accept,10540
392,1,z,7554
392,2,z,7450
392,3,w0,8919
392,4,w0,8922
392,5,accept,10541
393,1,accept,10603
394,1,accept,10603
395,1,accept,10603
396,1,z,7508
396,2,w0,8926
396,3,w0,8927
396,4,z,7482
396,5,accept,10540
397,1,z,7511
397,2,z,7452
397,3,w0,8945
397,4,w0,8933
397,5,z,7451
397,6,w0,8938
397,7,accept,10540
398,1,accept,10603
399,1,z,7511
399,2,z,7461
399,3,accept,10548
400,1,w0,9003
400,2,w0,8923
400,3,z,7456
400,4,w0,8934
400,5,w0,8908
400,6,w0,8919
400,7,accept,10540
401,1,z,7523
401,2,w0,8939
401,3,accept,10540
402,1,w0,8975
402,2,accept,10540
403,1,z,7535
403,2,w0,8933
403,3,accept,10540
404,1,w0,8970
404,2,accept,10540
405,1,accept,10604
406,1,z,7507
406,2,z,7472
406,3,z,7481
406,4,w0,8913
406,5,z,7480
406,6,z,7486
406,7,w0,8930
406,8,z,7448
406,9,accept,10540
407,1,w0,8982
407,2,z,7465
407,3,w0,8943
407,4,accept,10540
408,1,accept,10607
409,1,accept,10604
410,1,w0,8996
410,2,w0,8910
410,3,z,7457
410,4,w0,8934
410,5,w0,8904
410,6,z,7450
410,7,z,7478
410,8,accept,10541
411,1,accept,10603
412,1,z,7531
412,2,w0,8925
412,3,w0,8904
412,4,w0,8904
412,5,z,7463
412,6,z,7457
412,7,accept,10540
413,1,w0,8998
413,2,accept,10539
414,1,w0,8980
414,2,w0,8922
414,3,w0,8903
414,4,w0,8926
414,5,z,7455
414,6,w0,8909
414,7,z,7451
414,8,z,7450
414,9,z,7482
414,10,z,7474
414,11,accept,10540
415,1,z,7505
415,2,w0,8926
415,3,z,7477
415,4,accept,10540
416,1,w0,8978
416,2,z,7452
416,3,accept,10539
417,1,accept,10604
418,1,accept,10619
419,1,accept,10604
420,1,w0,9015
420,2,accept,10540
421,1,w0,8982
421,2,z,7483
421,3,z,7457
421,4,w0,8906
421,5,z,7486
421,6,w0,8928
421,7,w0,8910
421,8,z,7463
421,9,accept,10541
422,1,w0,8979
422,2,z,7483
422,3,w0,8902
422,4,hint,10544
422,5,z,7467
422,6,w0,8941
422,7,w0,8910
422,8,z,7488
422,9,z,7453
422,10,accept,10536
423,1,w0,8979
423,2,z,7463
423,3,w0,8914
423,4,w0,8913
423,5,accept,10540
424,1,z,7516
424,2,w0,8936
424,3,z,7458
424,4,z,7456
424,5,w0,8919
424,6,z,7463
424,7,w0,8902
424,8,z,7455
424,9,w0,8914
424,10,w0,8928
424,11,z,7454
424,12,z,7484
424,13,w0,8930
424,14,w0,8918
424,15,w0,8910
424,16,z,7473
424,17,accept,10540
425,1,accept,10603
426,1,z,7540
426,2,z,7475
426,3,z,7485
426,4,accept,10548
427,1,z,7531
427,2,w0,8926
427,3,accept,10541
428,1,z,7548
428,2,w0,8930
428,3,accept,10541
429,1,w0,8977
429,2,w0,8929
429,3,z,7460
429,4,w0,8921
429,5,accept,10540
430,1,w0,8985
430,2,z,7469
430,3,w0,8919
430,4,accept,10540
431,1,w0,9004
431,2,w0,8909
431,3,accept,10540
432,1,accept,10604
433,1,z,7523
433,2,accept,10548
434,1,z,7517
434,2,w0,8915
434,3,w0,8938
434,4,w0,8937
434,5,accept,10540
435,1,z,7506
435,2,z,7465
435,3,w0,8941
435,4,w0,8936
435,5,z,7468
435,6,w0,8902
435,7,z,7481
435,8,z,7484
435,9,z,7471
435,10,accept,10540
436,1,w0,8993
436,2,w0,8926
436,3,accept,10540
437,1,z,7529
437,2,z,7456
437,3,z,7476
437,4,z,7464
437,5,z,7462
437,6,z,7481
437,7,w0,8927
437,8,w0,8934
437,9,w0,8927
437,10,z,7459
437,11,w0,8931
437,12,z,7467
437,13,w0,8940
437,14,z,7461
437,15,z,7469
437,16,w0,8902
437,17,z,7456
437,18,w0,8926
437,19,z,7479
437,20,accept,10540
438,1,w0,8972
438,2,w0,8904
438,3,hint,10540
438,4,w0,8906
438,5,w0,8914
438,6,z,7455
438,7,z,7487
438,8,z,7457
438,9,w0,8911
438,10,w0,8913
438,11,w0,8910
438,12,z,7451
438,13,accept,10537
439,1,accept,10603
440,1,w0,8974
440,2,w0,8934
440,3,w0,8940
440,4,accept,10539
441,1,w0,9004
441,2,accept,10541
442,1,z,7535
442,2,z,7467
442,3,w0,8940
442,4,accept,10540
443,1,z,7528
443,2,accept,10548
444,1,z,7524
444,2,w0,8948
444,3,z,7465
444,4,accept,10540
445,1,z,7510
445,2,w0,8920
445,3,accept,10540
446,1,w0,8997
446,2,w0,8913
446,3,w0,8933
446,4,accept,10540
447,1,accept,10615
448,1,w0,8978
448,2,accept,10540
449,1,w0,9002
449,2,w0,8914
449,3,z,7470
449,4,accept,10540
450,1,accept,10603
451,1,w0,8975
451,2,accept,10540
452,1,z,7518
452,2,accept,10547
453,1,accept,10603
454,1,z,7511
454,2,accept,10547
455,1,z,7517
455,2,w0,8927
455,3,w0,8935
455,4,z,7463
455,5,w0,8920
455,6,z,7461
455,7,accept,10540
456,1,z,7517
456,2,z,7475
456,3,accept,10548
457,1,z,7516
457,2,z,7461
457,3,z,7455
457,4,z,7486
457,5,w0,8913
457,6,z,7481
457,7,z,7464
457,8,z,7484
457,9,z,7487
457,10,z,7454
457,11,z,7454
457,12,w0,8925
457,13,z,7466
457,14,accept,10540
458,1,z,7533
458,2,w0,8920
458,3,z,7470
458,4,w0,8927
458,5,w0,8937
458,6,w0,8921
458,7,z,7488
458,8,accept,10540
459,1,z,7525
459,2,z,7450
459,3,w0,8940
459,4,w0,8923
459,5,z,7458
459,6,w0,8923
459,7,z,7452
459,8,z,7466
459,9,accept,10541
460,1,z,7540
460,2,accept,10548
461,1,z,7537
461,2,z,7463
461,3,z,7472
461,4,z,7459
461,5,w0,8940
461,6,w0,8910
461,7,z,7457
461,8,accept,10540
462,1,accept,10603
463,1,accept,10603
464,1,z,7505
464,2,z,7454
464,3,w0,8922
464,4,z,7448
464,5,accept,10544
465,1,z,7510
465,2,z,7470
465,3,accept,10548
466,1,z,7511
466,2,z,7459
466,3,w0,8922
466,4,w0,8917
466,5,w0,8922
466,6,z,7455
466,7,z,7457
466,8,z,7453
466,9,z,7458
466,10,accept,10540
467,1,w0,8985
467,2,w0,8927
467,3,z,7467
467,4,accept,10540
468,1,w0,8981
468,2,accept,10540
469,1,w0,8996
469,2,w0,8942
469,3,w0,8920
469,4,z,7461
469,5,accept,10540
470,1,z,7530
470,2,w0,8943
470,3,z,7472
470,4,w0,8919
470,5,z,7466
470,6,w0,8933
470,7,accept,10540
471,1,z,7521
471,2,accept,10548
472,1,z,7547
472,2,w0,8925
472,3,w0,8909
472,4,hint,10541
472,5,z,7467
472,6,w0,8924
472,7,accept,10536
473,1,z,7510
473,2,z,7470
473,3,w0,8950
473,4,accept,10540
474,1,w0,8970
474,2,z,7468
474,3,z,7464
474,4,accept,10540
475,1,accept,10604
476,1,w0,8995
476,2,z,7450
476,3,accept,10540
477,1,accept,10615
478,1,z,7529
478,2,z,7470
478,3,z,7466
478,4,accept,10548
479,1,w0,8985
479,2,z,7464
479,3,w0,8913
479,4,w0,8929
479,5,z,7466
479,6,accept,10541
480,1,accept,10603
481,1,z,7535
481,2,w0,8921
481,3,w0,8910
481,4,accept,10540
482,1,accept,10615
483,1,z,7530
483,2,z,7446
483,3,z,7487
483,4,z,7454
483,5,w0,8918
483,6,z,7463
483,7,w0,8935
483,8,accept,10540
484,1,accept,10603
485,1,accept,10608
486,1,accept,10604
487,1,z,7516
487,2,z,7465
487,3,z,7481
487,4,w0,8925
487,5,w0,8925
487,6,accept,10540
488,1,w0,8986
488,2,z,7475
488,3,z,7461
488,4,accept,10540
489,1,z,7504
489,2,w0,8943
489,3,accept,10540
490,1,accept,10603
491,1,w0,8999
491,2,w0,8909
491,3,accept,10540
492,1,z,7525
492,2,accept,10548
493,1,z,7528
493,2,accept,10548
494,1,z,7519
494,2,w0,8940
494,3,z,7477
494,4,w0,8907
494,5,z,7486
494,6,accept,10541
495,1,z,7506
495,2,accept,10548
496,1,z,7506
496,2,w0,8942
496,3,accept,10540
497,1,w0,8974
497,2,z,7472
497,3,z,7462
497,4,z,7451
497,5,z,7453
497,6,accept,10540
498,1,w0,8979
498,2,z,7476
498,3,z,7454
498,4,accept,10544
499,1,z,7512
499,2,w0,8920
499,3,accept,10540
500,1,w0,9000
500,2,w0,8908
500,3,w0,8933
500,4,z,7483
500,5,w0,8928
500,6,w0,8921
500,7,z,7472
500,8,z,7459
500,9,accept,10544
501,1,w0,8982
501,2,z,7460
501,3,accept,10540
502,1,z,7537
502,2,z,7465
502,3,z,7473
502,4,z,7480
502,5,w0,8927
502,6,z,7451
502,7,w0,8901
502,8,w0,8919
502,9,accept,10540
503,1,z,7546
503,2,accept,10547
504,1,w0,8985
504,2,z,7459
504,3,hint,10545
504,4,z,7458
504,5,w0,8913
504,6,z,7464
504,7,z,7484
504,8,w0,8922
504,9,z,7449
504,10,z,7451
504,11,z,7455
504,12,w0,8934
504,13,w0,8932
504,14,z,7451
504,15,z,7465
504,16,z,7459
504,17,accept,10536
505,1,z,7530
505,2,z,7446
505,3,w0,8920
505,4,accept,10541
506,1,z,7544
506,2,w0,8919
506,3,accept,10541
507,1,z,7511
507,2,accept,10548
508,1,w0,8998
508,2,w0,8907
508,3,z,7450
508,4,accept,10540
509,1,z,7505
509,2,z,7474
509,3,w0,8932
509,4,z,7471
509,5,accept,10541
510,1,accept,10615
511,1,accept,10603
512,1,w0,8977
512,2,z,7458
512,3,w0,8909
512,4,z,7477
512,5,z,7487
512,6,accept,10540
513,1,z,7519
513,2,z,7479
513,3,w0,8920
513,4,z,7487
513,5,z,7452
513,6,w0,8931
513,7,z,7455
513,8,z,7449
513,9,w0,8925
513,10,w0,8941
513,11,z,7480
513,12,z,7462
513,13,z,7446
513,14,z,7477
513,15,w0,8932
513,16,z,7479
513,17,z,7461
513,18,z,7466
513,19,z,7464
513,20,accept,10540
514,1,w0,8996
514,2,w0,8920
514,3,accept,10540
515,1,z,7523
515,2,z,7454
515,3,accept,10548
516,1,w0,9014
516,2,z,7476
516,3,z,7459
516,4,accept,10540
517,1,w0,8983
517,2,w0,8924
517,3,w0,8933
517,4,z,7447
517,5,z,7452
517,6,accept,10540
518,1,z,7522
518,2,z,7466
518,3,z,7470
518,4,z,7473
518,5,w0,8929
518,6,accept,10540
519,1,w0,9002
519,2,z,7480
519,3,accept,10544
520,1,w0,8982
520,2,accept,10540
521,1,accept,10615
522,1,w0,8977
522,2,w0,8921
522,3,w0,8915
522,4,w0,8941
522,5,w0,8926
522,6,w0,8920
522,7,w0,8913
522,8,z,7487
522,9,accept,10540
523,1,z,7521
523,2,accept,10547
524,1,w0,9001
524,2,w0,8923
524,3,z,7460
524,4,w0,8907
524,5,w0,8908
524,6,accept,10540
525,1,z,7516
525,2,w0,8911
525,3,accept,10540
526,1,z,7542
526,2,z,7464
526,3,accept,10548
527,1,accept,10603
528,1,w0,8969
528,2,accept,10544
529,1,z,7512
529,2,z,7478
529,3,w0,8923
529,4,z,7464
529,5,w0,8913
529,6,z,7476
529,7,z,7451
529,8,z,7480
529,9,z,7458
529,10,w0,8912
529,11,w0,8932
529,12,w0,8934
529,13,z,7476
529,14,z,7468
529,15,z,7487
529,16,w0,8934
529,17,z,7465
529,18,w0,8904
529,19,w0,8909
529,20,w0,8926
529,21,z,7480
529,22,z,7473
529,23,w0,8911
529,24,z,7449
529,25,accept,10540
530,1,accept,10615
531,1,z,7519
531,2,w0,8930
531,3,z,7450
531,4,w0,8924
531,5,accept,10540
532,1,z,7531
532,2,w0,8915
532,3,accept,10540
533,1,z,7519
533,2,z,7480
533,3,z,7464
533,4,w0,8928
533,5,w0,8919
533,6,z,7456
533,7,accept,10540
534,1,z,7510
534,2,z,7478
534,3,w0,8948
534,4,z,7456
534,5,z,7476
534,6,w0,8932
534,7,accept,10540
535,1,z,7506
535,2,w0,8929
535,3,accept,10540
536,1,w0,8968
536,2,accept,10540
537,1,z,7541
537,2,z,7452
537,3,w0,8919
537,4,z,7473
537,5,z,7454
537,6,accept,10541
538,1,w0,8980
538,2,w0,8940
538,3,w0,8910
538,4,z,7450
538,5,w0,8911
538,6,w0,8914
538,7,w0,8918
538,8,accept,10540
539,1,accept,10603
540,1,z,7535
540,2,z,7454
540,3,z,7470
540,4,w0,8936
540,5,z,7452
540,6,accept,10540
541,1,z,7518
541,2,accept,10548
542,1,w0,8989
542,2,accept,10540
543,1,z,7547
543,2,z,7451
543,3,w0,8926
543,4,z,7484
543,5,accept,10540
544,1,accept,10616
545,1,z,7525
545,2,accept,10548
546,1,w0,8998
546,2,z,7474
546,3,z,7455
546,4,w0,8914
546,5,z,7462
546,6,z,7451
546,7,accept,10539
547,1,accept,10615
548,1,w0,8986
548,2,z,7465
548,3,accept,10541
549,1,w0,8970
549,2,w0,8911
549,3,w0,8938
549,4,w0,8917
549,5,z,7468
549,6,accept,10540
550,1,accept,10604
551,1,w0,8972
551,2,w0,8937
551,3,w0,8931
551,4,z,7465
551,5,z,7466
551,6,accept,10540
552,1,w0,8989
552,2,z,7454
552,3,z,7471
552,4,w0,8921
552,5,w0,8911
552,6,w0,8907
552,7,z,7477
552,8,z,7449
552,9,accept,10540
553,1,w0,8974
553,2,w0,8906
553,3,z,7463
553,4,accept,10540
554,1,z,7539
554,2,w0,8918
554,3,z,7462
554,4,z,7471
554,5,w0,8905
554,6,z,7455
554,7,w0,8906
554,8,z,7448
554,9,z,7478
554,10,w0,8913
554,11,z,7483
554,12,z,7456
554,13,z,7484
554,14,z,7460
554,15,z,7450
554,16,accept,10540
555,1,z,7519
555,2,w0,8912
555,3,accept,10540
556,1,accept,10603
557,1,w0,9007
557,2,accept,10540
558,1,z,7504
558,2,z,7451
558,3,z,7474
558,4,w0,8944
558,5,accept,10540
559,1,accept,10603
560,1,w0,8971
560,2,accept,10540
561,1,accept,10615
562,1,w0,8981
562,2,z,7475
562,3,z,7488
562,4,w0,8925
562,5,z,7476
562,6,z,7476
562,7,z,7484
562,8,accept,10540
563,1,accept,10607
564,1,accept,10603
565,1,z,7527
565,2,z,7451
565,3,z,7482
565,4,z,7469
565,5,w0,8921
565,6,accept,10540
566,1,w0,8988
566,2,z,7463
566,3,z,7463
566,4,z,7454
566,5,z,7479
566,6,z,7458
566,7,w0,8909
566,8,z,7456
566,9,z,7470
566,10,w0,8904
566,11,z,7449
566,12,z,7487
566,13,accept,10540
567,1,z,7525
567,2,accept,10548
568,1,z,7539
568,2,z,7455
568,3,accept,10548
569,1,w0,8984
569,2,w0,8910
569,3,z,7482
569,4,z,7450
569,5,w0,8914
569,6,z,7458
569,7,accept,10539
570,1,w0,8989
570,2,z,7475
570,3,accept,10540
571,1,accept,10603
572,1,accept,10603
573,1,w0,8975
573,2,z,7463
573,3,z,7449
573,4,accept,10540
574,1,z,7505
574,2,z,7481
574,3,w0,8916
574,4,w0,8908
574,5,z,7485
574,6,z,7450
574,7,z,7475
574,8,z,7470
574,9,w0,8925
574,10,z,7472
574,11,w0,8915
574,12,accept,10540
575,1,w0,8983
575,2,w0,8933
575,3,w0,8925
575,4,w0,8914
575,5,z,7471
575,6,w0,8919
575,7,z,7465
575,8,w0,8935
575,9,z,7462
575,10,w0,8942
575,11,accept,10540
576,1,z,7532
576,2,accept,10548
577,1,w0,8984
577,2,z,7455
577,3,w0,8919
577,4,accept,10540
578,1,z,7522
578,2,z,7480
578,3,w0,8936
578,4,w0,8921
578,5,accept,10540
579,1,w0,8974
579,2,z,7465
579,3,z,7465
579,4,w0,8913
579,5,z,7450
579,6,z,7456
579,7,z,7468
579,8,z,7454
579,9,z,7466
579,10,w0,8930
579,11,z,7457
579,12,accept,10540
580,1,z,7526
580,2,accept,10549
581,1,w0,8988
581,2,z,7459
581,3,z,7485
581,4,accept,10540
582,1,z,7516
582,2,z,7473
582,3,w0,8950
582,4,w0,8909
582,5,accept,10541
583,1,w0,8994
583,2,z,7450
583,3,w0,8907
583,4,accept,10540
584,1,z,7519
584,2,z,7475
584,3,z,7481
584,4,accept,10548
585,1,w0,8986
585,2,w0,8924
585,3,accept,10540
586,1,z,7527
586,2,w0,8945
586,3,accept,10541
587,1,w0,8987
587,2,z,7468
587,3,z,7458
587,4,z,7455
587,5,accept,10540
588,1,z,7523
588,2,accept,10548
589,1,w0,8970
589,2,w0,8937
589,3,w0,8920
589,4,accept,10540
590,1,z,7529
590,2,accept,10549
591,1,accept,10615
592,1,w0,8999
592,2,w0,8909
592,3,z,7487
592,4,w0,8934
592,5,accept,10540
593,1,z,7533
593,2,accept,10548
594,1,w0,8980
594,2,w0,8937
594,3,z,7455
594,4,accept,10544
595,1,accept,10603
596,1,accept,10604
597,1,w0,8980
597,2,z,7480
597,3,w0,8903
597,4,z,7479
597,5,z,7455
597,6,z,7469
597,7,z,7470
597,8,w0,8932
597,9,accept,10540
598,1,z,7537
598,2,accept,10548
599,1,z,7507
599,2,accept,10548
600,1,w0,8987
600,2,z,7455
600,3,z,7450
600,4,accept,10540
601,1,z,7528
601,2,z,7458
601,3,accept,10548
602,1,z,7509
602,2,accept,10548
603,1,z,7542
603,2,z,7476
603,3,w0,8909
603,4,z,7481
603,5,z,7474
603,6,w0,8905
603,7,z,7466
603,8,z,7481
603,9,w0,8914
603,10,accept,10540
604,1,w0,8986
604,2,w0,8938
604,3,w0,8929
604,4,w0,8933
604,5,z,7487
604,6,w0,8913
604,7,z,7484
604,8,w0,8905
604,9,accept,10539
605,1,w0,9006
605,2,accept,10540
606,1,z,7540
606,2,w0,8924
606,3,w0,8942
606,4,z,7465
606,5,w0,8918
606,6,accept,10540
607,1,z,7515
607,2,z,7461
607,3,z,7466
607,4,z,7462
607,5,z,7473
607,6,z,7480
607,7,z,7451
607,8,w0,8921
607,9,accept,10543
608,1,z,7505
608,2,accept,10548
609,1,z,7511
609,2,accept,10548
610,1,w0,8986
610,2,z,7457
610,3,z,7459
610,4,z,7466
610,5,accept,10541
611,1,accept,10603
612,1,accept,10603
613,1,accept,10607
614,1,w0,8999
614,2,accept,10541
615,1,w0,9004
615,2,z,7455
615,3,w0,8904
615,4,z,7472
615,5,z,7463
615,6,w0,8911
615,7,w0,8911
615,8,w0,8905
615,9,accept,10541
616,1,z,7531
616,2,z,7478
616,3,z,7482
616,4,w0,8932
616,5,z,7457
616,6,z,7461
616,7,z,7452
616,8,w0,8914
616,9,accept,10540
617,1,w0,8987
617,2,accept,10540
618,1,accept,10603
619,1,z,7535
619,2,accept,10548
620,1,accept,10603
621,1,accept,10604
622,1,accept,10604
623,1,accept,10603
624,1,accept,10603
625,1,z,7541
625,2,z,7449
625,3,w0,8946
625,4,w0,8930
625,5,w0,8915
625,6,w0,8924
625,7,z,7478
625,8,accept,10540
626,1,w0,8995
626,2,z,7450
626,3,w0,8932
626,4,accept,10540
627,1,accept,10604
628,1,accept,10603
629,1,z,7527
629,2,accept,10548
630,1,accept,10603
631,1,z,7528
631,2,accept,10548
632,1,w0,8986
632,2,z,7447
632,3,z,7466
632,4,w0,8916
632,5,z,7467
632,6,z,7475
632,7,z,7464
632,8,z,7488
632,9,accept,10541
633,1,z,7504
633,2,accept,10548
634,1,accept,10603
635,1,z,7511
635,2,z,7450
635,3,z,7461
635,4,accept,10548
636,1,z,7519
636,2,w0,8914
636,3,accept,10540
637,1,z,7508
637,2,z,7482
637,3,accept,10548
638,1,w0,9004
638,2,z,7483
638,3,z,7467
638,4,z,7466
638,5,z,7465
638,6,w0,8936
638,7,z,7478
638,8,z,7465
638,9,z,7448
638,10,z,7480
638,11,z,7469
638,12,w0,8911
638,13,z,7451
638,14,w0,8920
638,15,accept,10540
639,1,w0,9000
639,2,w0,8930
639,3,w0,8908
639,4,z,7472
639,5,w0,8900
639,6,z,7470
639,7,w0,8907
639,8,w0,8931
639,9,z,7476
639,10,accept,10541
640,1,z,7507
640,2,w0,8927
640,3,accept,10541
641,1,w0,9001
641,2,w0,8925
641,3,z,7483
641,4,accept,10540
642,1,w0,9005
642,2,z,7471
642,3,z,7467
642,4,w0,8916
642,5,z,7456
642,6,accept,10541
643,1,z,7515
643,2,accept,10548
644,1,accept,10604
645,1,w0,8968
645,2,z,7452
645,3,z,7451
645,4,z,7460
645,5,accept,10540
646,1,z,7532
646,2,accept,10548
647,1,w0,8998
647,2,w0,8909
647,3,z,7481
647,4,w0,8918
647,5,z,7455
647,6,w0,8939
647,7,z,7461
647,8,accept,10540
648,1,w0,8985
648,2,w0,8924
648,3,accept,10540
649,1,w0,8988
649,2,z,7476
649,3,z,7454
649,4,z,7484
649,5,w0,8912
649,6,z,7458
649,7,z,7482
649,8,z,7462
649,9,z,7460
649,10,z,7452
649,11,w0,8911
649,12,z,7461
649,13,w0,8924
649,14,z,7456
649,15,z,7452
649,16,z,7478
649,17,w0,8903
649,18,accept,10540
650,1,accept,10603
651,1,z,7524
651,2,z,7478
651,3,w0,8915
651,4,z,7484
651,5,z,7459
651,6,z,7463
651,7,accept,10544
652,1,w0,9001
652,2,z,7475
652,3,w0,8914
652,4,z,7479
652,5,z,7469
652,6,z,7451
652,7,z,7465
652,8,w0,8919
652,9,accept,10540
653,1,w0,8988
653,2,z,7457
653,3,z,7477
653,4,w0,8926
653,5,z,7452
653,6,w0,8903
653,7,w0,8906
653,8,accept,10541
654,1,w0,9004
654,2,z,7479
654,3,w0,8938
654,4,accept,10541
655,1,w0,9015
655,2,w0,8901
655,3,z,7479
655,4,accept,10540
656,1,accept,10615
657,1,z,7511
657,2,accept,10549
658,1,w0,8980
658,2,accept,10540
659,1,w0,8968
659,2,accept,10540
660,1,w0,8999
660,2,z,7471
660,3,w0,8904
660,4,accept,10540
661,1,w0,9005
661,2,z,7460
661,3,z,7451
661,4,z,7479
661,5,z,7450
661,6,accept,10540
662,1,z,7542
662,2,w0,8941
662,3,z,7464
662,4,z,7460
662,5,z,7476
662,6,z,7476
662,7,z,7446
662,8,z,7451
662,9,accept,10541
663,1,z,7543
663,2,z,7473
663,3,z,7479
663,4,z,7450
663,5,accept,10548
664,1,z,7528
664,2,w0,8924
664,3,z,7452
664,4,accept,10540
665,1,w0,8974
665,2,accept,10540
666,1,accept,10604
667,1,accept,10615
668,1,z,7537
668,2,z,7469
668,3,accept,10548
669,1,w0,9001
669,2,w0,8917
669,3,w0,8910
669,4,accept,10540
670,1,z,7508
670,2,z,7470
670,3,accept,10548
671,1,z,7507
671,2,z,7451
671,3,z,7479
671,4,z,7462
671,5,accept,10548
672,1,w0,8996
672,2,accept,10540
673,1,w0,8971
673,2,w0,8914
673,3,z,7470
673,4,z,7450
673,5,z,7471
673,6,accept,10540
674,1,z,7508
674,2,z,7471
674,3,accept,10548
675,1,z,7506
675,2,accept,10548
676,1,accept,10603
677,1,z,7528
677,2,accept,10548
678,1,z,7509
678,2,z,7452
678,3,z,7454
678,4,z,7456
678,5,z,7450
678,6,accept,10551
679,1,w0,8974
679,2,accept,10540
680,1,w0,8986
680,2,accept,10541
681,1,w0,8980
681,2,accept,10540
682,1,w0,8977
682,2,z,7469
682,3,z,7485
682,4,z,7452
682,5,z,7475
682,6,w0,8907
682,7,z,7469
682,8,w0,8906
682,9,accept,10539
683,1,accept,10604
684,1,accept,10604
685,1,w0,8969
685,2,accept,10540
686,1,z,7521
686,2,z,7451
686,3,z,7474
686,4,w0,8915
686,5,w0,8908
686,6,z,7454
686,7,w0,8925
686,8,w0,8906
686,9,z,7449
686,10,z,7472
686,11,z,7451
686,12,z,7458
686,13,z,7474
686,14,w0,8933
686,15,accept,10540
687,1,w0,8985
687,2,w0,8921
687,3,z,7460
687,4,accept,10540
688,1,z,7517
688,2,z,7469
688,3,accept,10548
689,1,accept,10603
690,1,accept,10615
691,1,accept,10604
692,1,z,7521
692,2,accept,10548
693,1,w0,8968
693,2,z,7461
693,3,z,7455
693,4,z,7464
693,5,z,7458
693,6,z,7477
693,7,z,7456
693,8,z,7475
693,9,w0,8920
693,10,z,7478
693,11,z,7472
693,12,z,7479
693,13,z,7464
693,14,accept,10544
694,1,accept,10604
695,1,z,7515
695,2,w0,8932
695,3,z,7468
695,4,accept,10540
696,1,z,7514
696,2,accept,10553
697,1,w0,8974
697,2,accept,10540
698,1,z,7518
698,2,w0,8922
698,3,w0,8917
698,4,z,7462
698,5,z,7461
698,6,z,7468
698,7,accept,10539
699,1,z,7520
699,2,accept,10548
700,1,w0,9015
700,2,z,7460
700,3,z,7453
700,4,z,7454
700,5,w0,8904
700,6,accept,10541
701,1,accept,10607
702,1,z,7508
702,2,z,7488
702,3,w0,8919
702,4,z,7470
702,5,accept,10540
703,1,w0,8982
703,2,w0,8915
703,3,w0,8915
703,4,w0,8940
703,5,z,7475
703,6,z,7486
703,7,accept,10541
704,1,z,7528
704,2,z,7452
704,3,w0,8930
704,4,w0,8914
704,5,z,7482
704,6,w0,8908
704,7,z,7466
704,8,z,7477
704,9,z,7483
704,10,z,7483
704,11,z,7481
704,12,z,7479
704,13,z,7450
704,14,accept,10540
705,1,accept,10603
706,1,z,7539
706,2,w0,8924
706,3,z,7472
706,4,w0,8905
706,5,w0,8927
706,6,w0,8935
706,7,z,7457
706,8,z,7459
706,9,z,7460
706,10,w0,8923
706,11,z,7466
706,12,accept,10540
707,1,accept,10615
708,1,z,7540
708,2,z,7452
708,3,z,7455
708,4,w0,8941
708,5,w0,8910
708,6,z,7456
708,7,z,7462
708,8,w0,8923
708,9,z,7466
708,10,w0,8926
708,11,w0,8916
708,12,hint,10540
708,13,z,7479
708,14,accept,10536
709,1,accept,10603
710,1,w0,8987
710,2,z,7487
710,3,w0,8904
710,4,z,7465
710,5,accept,10540
711,1,z,7515
711,2,accept,10548
712,1,w0,9006
712,2,w0,8930
712,3,z,7466
712,4,z,7482
712,5,w0,8937
712,6,z,7481
712,7,w0,8905
712,8,z,7487
712,9,accept,10540
713,1,accept,10604
714,1,w0,9014
714,2,accept,10541
715,1,z,7525
715,2,w0,8920
715,3,accept,10540
716,1,accept,10604
717,1,z,7527
717,2,z,7461
717,3,w0,8913
717,4,w0,8908
717,5,w0,8910
717,6,accept,10540
718,1,w0,8968
718,2,z,7481
718,3,z,7483
718,4,accept,10540
719,1,z,7543
719,2,w0,8946
719,3,z,7462
719,4,accept,10540
720,1,w0,8989
720,2,accept,10540
721,1,w0,8969
721,2,z,7475
721,3,z,7456
721,4,z,7459
721,5,w0,8913
721,6,z,7457
721,7,w0,8915
721,8,w0,8907
721,9,w0,8930
721,10,z,7467
721,11,z,7487
721,12,z,7451
721,13,w0,8913
721,14,w0,8908
721,15,accept,10541
722,1,w0,8973
722,2,accept,10544
723,1,z,7516
723,2,z,7486
723,3,accept,10548
724,1,w0,9009
724,2,w0,8911
724,3,z,7466
724,4,z,7465
724,5,z,7450
724,6,w0,8911
724,7,z,7478
724,8,z,7457
724,9,z,7450
724,10,z,7474
724,11,accept,10540
725,1,z,7542
725,2,z,7479
725,3,w0,8939
725,4,z,7475
725,5,hint,10540
725,6,z,7478
725,7,accept,10536
726,1,z,7544
726,2,accept,10548
727,1,w0,8994
727,2,z,7451
727,3,accept,10540
728,1,z,7514
728,2,accept,10548
729,1,z,7511
729,2,w0,8920
729,3,accept,10540
730,1,z,7506
730,2,accept,10548
731,1,w0,8992
731,2,z,7452
731,3,w0,8925
731,4,accept,10541
732,1,z,7530
732,2,z,7478
732,3,w0,8931
732,4,z,7459
732,5,w0,8913
732,6,z,7470
732,7,z,7460
732,8,w0,8923
732,9,z,7466
732,10,z,7477
732,11,w0,8917
732,12,z,7446
732,13,z,7482
732,14,z,7456
732,15,accept,10541
733,1,w0,8973
733,2,z,7488
733,3,z,7481
733,4,w0,8912
733,5,w0,8922
733,6,z,7484
733,7,accept,10540
734,1,w0,8996
734,2,z,7481
734,3,w0,8925
734,4,z,7445
734,5,w0,8916
734,6,z,7451
734,7,z,7464
734,8,z,7481
734,9,w0,8927
734,10,w0,8923
734,11,accept,10540
735,1,w0,8997
735,2,w0,8931
735,3,accept,10540
736,1,w0,8999
736,2,accept,10540
737,1,accept,10604
738,1,accept,10604
739,1,w0,9000
739,2,w0,8908
739,3,w0,8925
739,4,z,7481
739,5,z,7459
739,6,w0,8910
739,7,z,7473
739,8,z,7475
739,9,w0,8910
739,10,z,7460
739,11,accept,10540
740,1,w0,8967
740,2,accept,10541
741,1,z,7509
741,2,w0,8929
741,3,w0,8901
741,4,z,7463
741,5,accept,10540
742,1,z,7506
742,2,z,7470
742,3,w0,8943
742,4,w0,8906
742,5,accept,10540
743,1,z,7523
743,2,w0,8936
743,3,z,7483
743,4,accept,10540
744,1,w0,8969
744,2,z,7463
744,3,z,7453
744,4,z,7471
744,5,w0,8907
744,6,w0,8918
744,7,z,7461
744,8,w0,8919
744,9,z,7468
744,10,z,7456
744,11,z,7456
744,12,z,7454
744,13,accept,10540
745,1,w0,8978
745,2,w0,8917
745,3,z,7454
745,4,w0,8924
745,5,w0,8935
745,6,w0,8904
745,7,z,7458
745,8,z,7461
745,9,z,7476
745,10,z,7454
745,11,w0,8921
745,12,w0,8926
745,13,w0,8923
745,14,w0,8934
745,15,accept,10541
746,1,z,7529
746,2,w0,8918
746,3,accept,10540
747,1,accept,10604
748,1,accept,10604
749,1,z,7524
749,2,accept,10548
750,1,accept,10603
751,1,w0,8987
751,2,accept,10541
752,1,w0,8972
752,2,w0,8913
752,3,z,7479
752,4,accept,10540
753,1,w0,8977
753,2,z,7477
753,3,accept,10540
754,1,accept,10616
755,1,accept,10615
756,1,z,7535
756,2,w0,8929
756,3,z,7450
756,4,z,7484
756,5,z,7453
756,6,w0,8908
756,7,accept,10540
757,1,z,7509
757,2,accept,10548
758,1,w0,9002
758,2,z,7487
758,3,z,7469
758,4,z,7460
758,5,accept,10540
759,1,z,7513
759,2,w0,8914
759,3,z,7470
759,4,z,7456
759,5,w0,8921
759,6,z,7472
759,7,z,7483
759,8,w0,8937
759,9,w0,8906
759,10,w0,8920
759,11,accept,10540
760,1,w0,8994
760,2,z,7464
760,3,accept,10540
761,1,w0,8969
761,2,z,7458
761,3,w0,8939
761,4,accept,10540
762,1,z,7527
762,2,z,7460
762,3,z,7479
762,4,w0,8939
762,5,z,7453
762,6,w0,8934
762,7,z,7465
762,8,z,7477
762,9,accept,10539
763,1,z,7537
763,2,accept,10548
764,1,w0,9003
764,2,accept,10540
765,1,w0,8991
765,2,w0,8918
765,3,w0,8911
765,4,accept,10540
766,1,z,7539
766,2,accept,10548
767,1,w0,8981
767,2,w0,8925
767,3,w0,8914
767,4,z,7474
767,5,z,7482
767,6,w0,8907
767,7,w0,8916
767,8,z,7452
767,9,z,7455
767,10,w0,8931
767,11,z,7460
767,12,w0,8936
767,13,w0,8917
767,14,z,7466
767,15,z,7480
767,16,z,7458
767,17,z,7477
767,18,z,7453
767,19,accept,10540
768,1,accept,10603
769,1,z,7540
769,2,accept,10548
770,1,w0,8972
770,2,z,7468
770,3,z,7466
770,4,accept,10540
771,1,w0,8972
771,2,accept,10540
772,1,w0,9000
772,2,w0,8911
772,3,accept,10540
773,1,z,7541
773,2,w0,8945
773,3,z,7466
773,4,accept,10540
774,1,w0,8977
774,2,z,7462
774,3,accept,10539
775,1,z,7542
775,2,w0,8936
775,3,z,7462
775,4,z,7482
775,5,w0,8905
775,6,z,7482
775,7,z,7465
775,8,z,7462
775,9,accept,10541
776,1,z,7531
776,2,accept,10548
777,1,z,7533
777,2,accept,10548
778,1,w0,8981
778,2,accept,10540
779,1,z,7504
779,2,w0,8937
779,3,accept,10540
780,1,accept,10615
781,1,accept,10604
782,1,w0,8983
782,2,z,7451
782,3,z,7473
782,4,z,7473
782,5,w0,8939
782,6,z,7453
782,7,z,7452
782,8,z,7469
782,9,w0,8919
782,10,z,7462
782,11,accept,10540
783,1,w0,8981
783,2,accept,10540
784,1,w0,8971
784,2,z,7476
784,3,z,7474
784,4,w0,8918
784,5,z,7479
784,6,w0,8907
784,7,w0,8922
784,8,accept,10540
785,1,z,7514
785,2,z,7477
785,3,w0,8914
785,4,w0,8922
785,5,z,7488
785,6,z,7478
785,7,z,7463
785,8,w0,8926
785,9,w0,8921
785,10,z,7452
785,11,accept,10539
786,1,w0,8971
786,2,z,7474
786,3,z,7451
786,4,z,7455
786,5,w0,8913
786,6,z,7464
786,7,z,7484
786,8,w0,8932
786,9,accept,10541
787,1,w0,8996
787,2,z,7484
787,3,w0,8922
787,4,z,7449
787,5,w0,8905
787,6,w0,8922
787,7,w0,8906
787,8,z,7468
787,9,accept,10541
788,1,z,7526
788,2,accept,10552
789,1,w0,8969
789,2,z,7485
789,3,z,7484
789,4,accept,10540
790,1,accept,10616
791,1,accept,10616
792,1,z,7521
792,2,w0,8946
792,3,z,7453
792,4,z,7456
792,5,z,7480
792,6,accept,10540
793,1,z,7527
793,2,z,7483
793,3,hint,10548
793,4,z,7485
793,5,w0,8920
793,6,w0,8938
793,7,accept,10536
794,1,z,7512
794,2,w0,8947
794,3,accept,10540
795,1,z,7533
795,2,accept,10548
796,1,accept,10607
797,1,z,7526
797,2,z,7473
797,3,w0,8912
797,4,z,7457
797,5,z,7449
797,6,w0,8921
797,7,w0,8909
797,8,w0,8919
797,9,z,7457
797,10,z,7467
797,11,z,7455
797,12,accept,10540
798,1,accept,10603
799,1,accept,10615
800,1,z,7539
800,2,accept,10548
801,1,z,7541
801,2,accept,10548
802,1,accept,10607
803,1,accept,10604
804,1,accept,10615
805,1,z,7523
805,2,w0,8913
805,3,z,7459
805,4,accept,10540
806,1,w0,8992
806,2,z,7477
806,3,z,7478
806,4,z,7484
806,5,w0,8932
806,6,accept,10540
807,1,w0,8979
807,2,accept,10540
808,1,w0,8980
808,2,w0,8922
808,3,z,7463
808,4,z,7457
808,5,w0,8909
808,6,w0,8924
808,7,z,7457
808,8,z,7450
808,9,z,7485
808,10,z,7464
808,11,w0,8919
808,12,accept,10540
809,1,accept,10604
810,1,z,7514
810,2,w0,8913
810,3,z,7471
810,4,w0,8934
810,5,accept,10541
811,1,w0,8969
811,2,w0,8911
811,3,w0,8911
811,4,w0,8913
811,5,z,7478
811,6,w0,8907
811,7,accept,10540
812,1,w0,8980
812,2,accept,10540
813,1,z,7513
813,2,z,7453
813,3,accept,10548
814,1,accept,10603
815,1,z,7518
815,2,z,7464
815,3,z,7451
815,4,z,7467
815,5,w0,8925
815,6,z,7452
815,7,accept,10541
816,1,w0,8994
816,2,z,7478
816,3,accept,10540
817,1,z,7512
817,2,accept,10548
818,1,z,7529
818,2,w0,8927
818,3,accept,10540
819,1,w0,8985
819,2,w0,8907
819,3,z,7479
819,4,w0,8901
819,5,w0,8906
819,6,accept,10540
820,1,z,7525
820,2,z,7467
820,3,z,7480
820,4,z,7467
820,5,z,7455
820,6,z,7450
820,7,w0,8929
820,8,w0,8907
820,9,w0,8921
820,10,z,7450
820,11,w0,8918
820,12,w0,8918
820,13,accept,10540
821,1,w0,8981
821,2,z,7466
821,3,z,7455
821,4,w0,8923
821,5,z,7486
821,6,accept,10540
822,1,w0,8980
822,2,accept,10544
823,1,w0,8999
823,2,z,7447
823,3,z,7458
823,4,accept,10540
824,1,accept,10615
825,1,z,7539
825,2,w0,8930
825,3,accept,10540
826,1,w0,8992
826,2,w0,8901
826,3,accept,10540
827,1,z,7553
827,2,w0,8940
827,3,z,7470
827,4,w0,8920
827,5,accept,10540
828,1,z,7517
828,2,z,7460
828,3,accept,10548
829,1,w0,8971
829,2,accept,10540
830,1,w0,8994
830,2,z,7454
830,3,z,7476
830,4,accept,10544
831,1,z,7526
831,2,z,7475
831,3,z,7481
831,4,z,7449
831,5,accept,10548
832,1,z,7511
832,2,z,7470
832,3,z,7467
832,4,w0,8918
832,5,z,7463
832,6,accept,10540
833,1,w0,8969
833,2,accept,10540
834,1,z,7542
834,2,z,7481
834,3,z,7484
834,4,z,7458
834,5,z,7453
834,6,accept,10548
835,1,accept,10603
836,1,z,7502
836,2,z,7460
836,3,accept,10547
837,1,z,7536
837,2,z,7474
837,3,z,7483
837,4,w0,8921
837,5,accept,10541
838,1,w0,8998
838,2,w0,8937
838,3,accept,10540
839,1,accept,10603
840,1,z,7534
840,2,w0,8948
840,3,z,7469
840,4,w0,8936
840,5,z,7478
840,6,w0,8930
840,7,z,7477
840,8,z,7451
840,9,w0,8931
840,10,w0,8935
840,11,accept,10540
841,1,w0,8971
841,2,w0,8917
841,3,w0,8907
841,4,accept,10540
842,1,z,7511
842,2,w0,8935
842,3,z,7479
842,4,accept,10540
843,1,w0,8990
843,2,z,7470
843,3,z,7485
843,4,w0,8909
843,5,w0,8909
843,6,w0,8908
843,7,accept,10540
844,1,z,7523
844,2,z,7476
844,3,accept,10548
845,1,w0,8982
845,2,z,7461
845,3,w0,8928
845,4,z,7461
845,5,w0,8918
845,6,z,7457
845,7,z,7454
845,8,z,7463
845,9,z,7481
845,10,w0,8939
845,11,w0,8926
845,12,accept,10540
846,1,z,7517
846,2,w0,8913
846,3,w0,8934
846,4,w0,8912
846,5,w0,8914
846,6,z,7453
846,7,w0,8915
846,8,w0,8918
846,9,z,7480
846,10,w0,8910
846,11,z,7446
846,12,w0,8910
846,13,z,7485
846,14,z,7483
846,15,accept,10540
847,1,accept,10615
848,1,z,7510
848,2,z,7487
848,3,accept,10547
849,1,w0,8992
849,2,accept,10540
850,1,w0,9009
850,2,z,7466
850,3,z,7461
850,4,z,7453
850,5,z,7453
850,6,z,7451
850,7,w0,8926
850,8,accept,10540
851,1,w0,8978
851,2,w0,8905
851,3,accept,10541
852,1,z,7506
852,2,z,7484
852,3,z,7479
852,4,accept,10552
853,1,w0,8974
853,2,w0,8913
853,3,z,7488
853,4,w0,8923
853,5,w0,8909
853,6,z,7478
853,7,z,7472
853,8,z,7474
853,9,w0,8929
853,10,accept,10540
854,1,z,7519
854,2,accept,10552
855,1,w0,8987
855,2,w0,8913
855,3,w0,8923
855,4,z,7468
855,5,z,7460
855,6,w0,8937
855,7,z,7471
855,8,w0,8933
855,9,accept,10540
856,1,w0,9004
856,2,z,7461
856,3,z,7449
856,4,z,7452
856,5,z,7480
856,6,w0,8915
856,7,z,7447
856,8,accept,10540
857,1,z,7536
857,2,z,7475
857,3,w0,8933
857,4,w0,8903
857,5,z,7454
857,6,z,7453
857,7,accept,10540
858,1,accept,10604
859,1,accept,10603
860,1,z,7511
860,2,w0,8915
860,3,z,7470
860,4,accept,10540
861,1,z,7505
861,2,z,7453
861,3,accept,10548
862,1,z,7505
862,2,accept,10547
863,1,z,7537
863,2,z,7450
863,3,w0,8943
863,4,z,7470
863,5,w0,8930
863,6,z,7487
863,7,z,7472
863,8,w0,8932
863,9,w0,8926
863,10,accept,10540
864,1,w0,9003
864,2,z,7462
864,3,z,7463
864,4,z,7456
864,5,accept,10540
865,1,w0,8989
865,2,accept,10540
866,1,w0,8968
866,2,accept,10540
867,1,accept,10603
868,1,z,7552
868,2,z,7482
868,3,z,7477
868,4,z,7477
868,5,accept,10552
869,1,accept,10616
870,1,accept,10603
871,1,z,7514
871,2,z,7480
871,3,accept,10548
872,1,w0,8979
872,2,z,7472
872,3,z,7459
872,4,accept,10540
873,1,z,7504
873,2,z,7460
873,3,z,7464
873,4,z,7470
873,5,z,7459
873,6,z,7463
873,7,z,7458
873,8,z,7481
873,9,z,7482
873,10,accept,10552
874,1,w0,8995
874,2,z,7459
874,3,z,7478
874,4,z,7482
874,5,z,7473
874,6,z,7469
874,7,z,7451
874,8,w0,8908
874,9,z,7463
874,10,w0,8935
874,11,z,7484
874,12,accept,10544
875,1,z,7512
875,2,w0,8939
875,3,w0,8913
875,4,z,7456
875,5,accept,10540
876,1,w0,8976
876,2,z,7476
876,3,z,7456
876,4,accept,10540
877,1,z,7516
877,2,w0,8947
877,3,z,7466
877,4,z,7462
877,5,w0,8928
877,6,accept,10540
878,1,w0,9001
878,2,z,7487
878,3,z,7455
878,4,accept,10540
879,1,w0,9000
879,2,w0,8923
879,3,w0,8914
879,4,w0,8917
879,5,w0,8924
879,6,accept,10541
880,1,z,7522
880,2,w0,8922
880,3,z,7482
880,4,w0,8925
880,5,w0,8907
880,6,accept,10540
881,1,w0,8990
881,2,z,7479
881,3,z,7468
881,4,accept,10540
882,1,w0,8988
882,2,w0,8904
882,3,z,7464
882,4,z,7476
882,5,z,7453
882,6,w0,8928
882,7,accept,10545
883,1,z,7516
883,2,z,7483
883,3,z,7450
883,4,z,7463
883,5,w0,8934
883,6,accept,10540
884,1,w0,8988
884,2,z,7478
884,3,z,7457
884,4,z,7450
884,5,w0,8943
884,6,w0,8903
884,7,w0,8924
884,8,z,7462
884,9,w0,8903
884,10,w0,8921
884,11,accept,10540
885,1,w0,8968
885,2,z,7450
885,3,w0,8913
885,4,z,7456
885,5,accept,10540
886,1,z,7532
886,2,z,7470
886,3,z,7470
886,4,z,7468
886,5,w0,8937
886,6,z,7480
886,7,w0,8940
886,8,z,7460
886,9,w0,8914
886,10,z,7484
886,11,w0,8933
886,12,z,7470
886,13,z,7467
886,14,w0,8937
886,15,w0,8914
886,16,z,7449
886,17,z,7452
886,18,z,7457
886,19,accept,10540
887,1,z,7530
887,2,z,7458
887,3,z,7455
887,4,w0,8938
887,5,w0,8907
887,6,accept,10540
888,1,w0,9007
888,2,z,7471
888,3,w0,8934
888,4,w0,8927
888,5,w0,8935
888,6,w0,8913
888,7,accept,10540
889,1,w0,8985
889,2,z,7485
889,3,w0,8922
889,4,z,7449
889,5,accept,10541
890,1,z,7514
890,2,w0,8913
890,3,z,7481
890,4,z,7453
890,5,w0,8908
890,6,w0,8913
890,7,z,7465
890,8,z,7480
890,9,z,7456
890,10,z,7461
890,11,z,7460
890,12,z,7470
890,13,z,7463
890,14,z,7458
890,15,w0,8915
890,16,z,7485
890,17,w0,8912
890,18,z,7455
890,19,w0,8926
890,20,accept,10541
891,1,z,7530
891,2,accept,10548
892,1,accept,10603
893,1,z,7504
893,2,accept,10548
894,1,w0,8986
894,2,w0,8925
894,3,z,7482
894,4,z,7461
894,5,w0,8935
894,6,z,7477
894,7,w0,8908
894,8,z,7466
894,9,w0,8923
894,10,w0,8943
894,11,w0,8922
894,12,z,7457
894,13,accept,10540
895,1,w0,8970
895,2,accept,10540
896,1,accept,10603
897,1,z,7506
897,2,z,7473
897,3,z,7461
897,4,z,7454
897,5,z,7453
897,6,w0,8912
897,7,accept,10540
898,1,z,7530
898,2,w0,8948
898,3,z,7470
898,4,w0,8915
898,5,z,7471
898,6,accept,10540
899,1,z,7529
899,2,z,7459
899,3,accept,10548
900,1,accept,10615
901,1,accept,10603
902,1,accept,10615
903,1,z,7540
903,2,accept,10548
904,1,accept,10608
905,1,accept,10604
906,1,w0,8970
906,2,z,7458
906,3,z,7473
906,4,z,7483
906,5,w0,8920
906,6,w0,8912
906,7,z,7460
906,8,accept,10540
907,1,z,7508
907,2,z,7478
907,3,accept,10548
908,1,w0,8978
908,2,z,7475
908,3,w0,8910
908,4,w0,8906
908,5,z,7474
908,6,w0,8915
908,7,z,7487
908,8,w0,8930
908,9,accept,10545
909,1,z,7506
909,2,z,7478
909,3,accept,10548
910,1,w0,9003
910,2,accept,10540
911,1,z,7544
911,2,z,7459
911,3,accept,10548
912,1,z,7513
912,2,z,7455
912,3,z,7465
912,4,z,7471
912,5,accept,10549
913,1,z,7526
913,2,accept,10548
914,1,accept,10615
915,1,accept,10604
916,1,z,7517
916,2,z,7452
916,3,accept,10548
917,1,w0,8976
917,2,w0,8942
917,3,w0,8906
917,4,z,7484
917,5,z,7453
917,6,accept,10540
918,1,z,7509
918,2,z,7458
918,3,z,7457
918,4,z,7481
918,5,z,7451
918,6,w0,8940
918,7,z,7480
918,8,w0,8917
918,9,accept,10541
919,1,z,7512
919,2,w0,8912
919,3,accept,10541
920,1,accept,10619
921,1,z,7510
921,2,accept,10548
922,1,z,7542
922,2,accept,10548
923,1,accept,10620
924,1,accept,10607
925,1,accept,10620
926,1,w0,8972
926,2,accept,10540
927,1,z,7530
927,2,accept,10548
928,1,w0,9017
928,2,w0,8913
928,3,z,7453
928,4,accept,10540
929,1,accept,10607
930,1,z,7512
930,2,w0,8917
930,3,accept,10540
931,1,accept,10607
932,1,accept,10607
933,1,z,7512
933,2,w0,8942
933,3,z,7476
933,4,w0,8925
933,5,accept,10540
934,1,w0,8978
934,2,z,7468
934,3,z,7457
934,4,w0,8941
934,5,w0,8908
934,6,w0,8912
934,7,z,7462
934,8,z,7484
934,9,accept,10541
935,1,accept,10619
936,1,z,7510
936,2,accept,10548
937,1,z,7529
937,2,accept,10547
938,1,z,7505
938,2,accept,10548
939,1,z,7511
939,2,z,7465
939,3,z,7454
939,4,accept,10548
940,1,z,7523
940,2,z,7480
940,3,z,7472
940,4,z,7477
940,5,z,7479
940,6,w0,8935
940,7,z,7488
940,8,w0,8913
940,9,z,7460
940,10,z,7446
940,11,accept,10540
941,1,z,7544
941,2,z,7485
941,3,z,7476
941,4,accept,10548
942,1,w0,8986
942,2,w0,8941
942,3,w0,8912
942,4,accept,10540
943,1,z,7510
943,2,z,7477
943,3,z,7458
943,4,w0,8937
943,5,accept,10541
944,1,z,7523
944,2,w0,8915
944,3,z,7459
944,4,z,7471
944,5,accept,10540
945,1,w0,8997
945,2,w0,8940
945,3,z,7450
945,4,accept,10545
946,1,z,7540
946,2,z,7466
946,3,z,7486
946,4,z,7488
946,5,z,7454
946,6,z,7458
946,7,z,7450
946,8,z,7451
946,9,w0,8911
946,10,w0,8915
946,11,accept,10540
947,1,accept,10608
948,1,w0,8976
948,2,w0,8941
948,3,z,7473
948,4,accept,10540
949,1,z,7516
949,2,z,7464
949,3,z,7473
949,4,z,7451
949,5,z,7449
949,6,accept,10548
950,1,z,7521
950,2,w0,8928
950,3,accept,10540
951,1,w0,8998
951,2,z,7485
951,3,z,7473
951,4,z,7470
951,5,z,7468
951,6,z,7464
951,7,w0,8919
951,8,z,7456
951,9,z,7459
951,10,accept,10540
952,1,z,7531
952,2,accept,10548
953,1,z,7536
953,2,w0,8925
953,3,z,7457
953,4,z,7464
953,5,w0,8920
953,6,accept,10541
954,1,w0,8979
954,2,z,7465
954,3,accept,10540
955,1,w0,8993
955,2,z,7460
955,3,w0,8928
955,4,accept,10541
956,1,w0,8972
956,2,z,7453
956,3,accept,10540
957,1,z,7543
957,2,accept,10548
958,1,w0,8996
958,2,z,7484
958,3,accept,10541
959,1,w0,9004
959,2,w0,8920
959,3,accept,10540
960,1,w0,8987
960,2,w0,8907
960,3,accept,10540
961,1,z,7511
961,2,w0,8912
961,3,w0,8931
961,4,z,7454
961,5,accept,10541
962,1,accept,10607
963,1,z,7542
963,2,z,7471
963,3,z,7479
963,4,z,7471
963,5,accept,10548
964,1,z,7522
964,2,z,7477
964,3,z,7467
964,4,z,7468
964,5,z,7484
964,6,z,7456
964,7,z,7481
964,8,z,7461
964,9,z,7451
964,10,z,7480
964,11,z,7466
964,12,z,7456
964,13,z,7458
964,14,w0,8935
964,15,z,7456
964,16,z,7482
964,17,accept,10540
965,1,z,7518
965,2,accept,10548
966,1,z,7521
966,2,accept,10548
967,1,w0,8980
967,2,w0,8927
967,3,w0,8917
967,4,w0,8931
967,5,z,7473
967,6,w0,8930
967,7,accept,10541
968,1,w0,8993
968,2,z,7481
968,3,z,7477
968,4,w0,8906
968,5,w0,8910
968,6,z,7456
968,7,accept,10545
969,1,z,7528
969,2,w0,8913
969,3,z,7474
969,4,accept,10543
970,1,accept,10619
971,1,z,7535
971,2,accept,10548
972,1,z,7528
972,2,w0,8920
972,3,w0,8919
972,4,z,7485
972,5,z,7462
972,6,z,7468
972,7,z,7460
972,8,w0,8936
972,9,w0,8935
972,10,z,7462
972,11,w0,8919
972,12,accept,10540
973,1,z,7557
973,2,z,7455
973,3,w0,8911
973,4,w0,8929
973,5,z,7457
973,6,accept,10540
974,1,accept,10619
975,1,w0,9016
975,2,w0,8908
975,3,accept,10540
976,1,w0,8994
976,2,z,7482
976,3,z,7457
976,4,z,7453
976,5,z,7453
976,6,w0,8904
976,7,accept,10544
977,1,w0,9005
977,2,w0,8918
977,3,w0,8904
977,4,z,7487
977,5,z,7452
977,6,accept,10540
978,1,z,7525
978,2,z,7462
978,3,z,7464
978,4,w0,8922
978,5,z,7464
978,6,z,7463
978,7,accept,10540
979,1,z,7512
979,2,z,7446
979,3,z,7457
979,4,w0,8927
979,5,z,7457
979,6,w0,8930
979,7,z,7454
979,8,w0,8920
979,9,w0,8907
979,10,w0,8922
979,11,w0,8924
979,12,z,7455
979,13,w0,8925
979,14,z,7462
979,15,z,7486
979,16,z,7474
979,17,w0,8907
979,18,w0,8925
979,19,z,7457
979,20,w0,8931
979,21,w0,8906
979,22,z,7466
979,23,w0,8921
979,24,z,7449
979,25,accept,10541
980,1,z,7533
980,2,accept,10548
981,1,accept,10608
982,1,z,7511
982,2,w0,8924
982,3,accept,10545
983,1,z,7551
983,2,w0,8926
983,3,z,7467
983,4,accept,10540
984,1,accept,10604
985,1,accept,10602
986,1,z,7511
986,2,accept,10548
987,1,w0,8982
987,2,z,7451
987,3,z,7453
987,4,accept,10540
988,1,accept,10603
989,1,w0,8969
989,2,z,7479
989,3,w0,8905
989,4,z,7474
989,5,z,7447
989,6,z,7460
989,7,accept,10540
990,1,accept,10603
991,1,w0,8991
991,2,accept,10540
992,1,z,7534
992,2,z,7471
992,3,accept,10548
993,1,z,7532
993,2,w0,8937
993,3,z,7448
993,4,z,7467
993,5,accept,10540
994,1,accept,10604
995,1,accept,10603
996,1,z,7521
996,2,w0,8919
996,3,z,7451
996,4,w0,8905
996,5,z,7458
996,6,z,7477
996,7,z,7453
996,8,w0,8935
996,9,z,7481
996,10,w0,8922
996,11,z,7452
996,12,z,7461
996,13,w0,8913
996,14,z,7461
996,15,z,7461
996,16,z,7480
996,17,accept,10540
997,1,z,7511
997,2,w0,8921
997,3,w0,8899
997,4,z,7467
997,5,accept,10540
998,1,accept,10603
999,1,z,7532
999,2,accept,10548
