platform,campaign,level,bin_us,kernel_sigma_bins,upper_quantile,assignment_hash,assignments_identical,B_us,B_deviation_pct,Rz_us,Rz_deviation_pct,Rlate_us,Rlate_deviation_pct
ESP32 deep,deep,44,8,0.9,0.75,39972dc6331a7c41167e2c2b3eafe01b8ac46b890addd9aefd4badee5f51bcfb,True,21514.140538231524,0.0,7476.673503514205,0.0,8929.929391838406,0.0
ESP32 deep,deep,44,8,0.9,0.8,39972dc6331a7c41167e2c2b3eafe01b8ac46b890addd9aefd4badee5f51bcfb,True,21514.140538231524,0.0,7476.673503514205,0.0,8929.929391838406,0.0
ESP32 deep,deep,44,8,0.9,0.85,39972dc6331a7c41167e2c2b3eafe01b8ac46b890addd9aefd4badee5f51bcfb,True,21514.140538231524,0.0,7476.673503514205,0.0,8929.929391838406,0.0
ESP32 deep,deep,44,8,1.2,0.75,39972dc6331a7c41167e2c2b3eafe01b8ac46b890addd9aefd4badee5f51bcfb,True,21514.140538231524,0.0,7476.673503514205,0.0,8929.929391838406,0.0
ESP32 deep,deep,44,8,1.2,0.8,39972dc6331a7c41167e2c2b3eafe01b8ac46b890addd9aefd4badee5f51bcfb,True,21514.140538231524,0.0,7476.673503514205,0.0,8929.929391838406,0.0
ESP32 deep,deep,44,8,1.2,0.85,39972dc6331a7c41167e2c2b3eafe01b8ac46b890addd9aefd4badee5f51bcfb,True,21514.140538231524,0.0,7476.673503514205,0.0,8929.929391838406,0.0
ESP32 deep,deep,44,8,1.5,0.75,39972dc6331a7c41167e2c2b3eafe01b8ac46b890addd9aefd4badee5f51bcfb,True,21514.140538231524,0.0,7476.673503514205,0.0,8929.929391838406,0.0
ESP32 deep,deep,44,8,1.5,0.8,39972dc6331a7c41167e2c2b3eafe01b8ac46b890addd9aefd4badee5f51bcfb,True,21514.140538231524,0.0,7476.673503514205,0.0,8929.929391838406,0.0
ESP32 deep,deep,44,8,1.5,0.85,39972dc6331a7c41167e2c2b3eafe01b8ac46b890addd9aefd4badee5f51bcfb,True,21514.140538231524,0.0,7476.673503514205,0.0,8929.929391838406,0.0
ESP32 deep,deep,44,10,0.9,0.75,39972dc6331a7c41167e2c2b3eafe01b8ac46b890addd9aefd4badee5f51bcfb,True,21514.140538231524,0.0,7476.673503514205,0.0,8929.929391838406,0.0
ESP32 deep,deep,44,10,0.9,0.8,39972dc6331a7c41167e2c2b3eafe01b8ac46b890addd9aefd4badee5f51bcfb,True,21514.140538231524,0.0,7476.673503514205,0.0,8929.929391838406,0.0
ESP32 deep,deep,44,10,0.9,0.85,39972dc6331a7c41167e2c2b3eafe01b8ac46b890addd9aefd4badee5f51bcfb,True,21514.140538231524,0.0,7476.673503514205,0.0,8929.929391838406,0.0
ESP32 deep,deep,44,10,1.2,0.75,39972dc6331a7c41167e2c2b3eafe01b8ac46b890addd9aefd4badee5f51bcfb,True,21514.140538231524,0.0,7476.673503514205,0.0,8929.929391838406,0.0
ESP32 deep,deep,44,10,1.2,0.8,39972dc6331a7c41167e2c2b3eafe01b8ac46b890addd9aefd4badee5f51bcfb,True,21514.140538231524,0.0,7476.673503514205,0.0,8929.929391838406,0.0
ESP32 deep,deep,44,10,1.2,0.85,39972dc6331a7c41167e2c2b3eafe01b8ac46b890addd9aefd4badee5f51bcfb,True,21514.140538231524,0.0,7476.673503514205,0.0,8929.929391838406,0.0
ESP32 deep,deep,44,10,1.5,0.75,39972dc6331a7c41167e2c2b3eafe01b8ac46b890addd9aefd4badee5f51bcfb,True,21514.140538231524,0.0,7476.673503514205,0.0,8929.929391838406,0.0
ESP32 deep,deep,44,10,1.5,0.8,39972dc6331a7c41167e2c2b3eafe01b8ac46b890addd9aefd4badee5f51bcfb,True,21514.140538231524,0.0,7476.673503514205,0.0,8929.929391838406,0.0
ESP32 deep,deep,44,10,1.5,0.85,39972dc6331a7c41167e2c2b3eafe01b8ac46b890addd9aefd4badee5f51bcfb,True,21514.140538231524,0.0,7476.673503514205,0.0,8929.929391838406,0.0
ESP32 deep,deep,44,12,0.9,0.75,39972dc6331a7c41167e2c2b3eafe01b8ac46b890addd9aefd4badee5f51bcfb,True,21514.140538231524,0.0,7476.673503514205,0.0,8929.929391838406,0.0
ESP32 deep,deep,44,12,0.9,0.8,39972dc6331a7c41167e2c2b3eafe01b8ac46b890addd9aefd4badee5f51bcfb,True,21514.140538231524,0.0,7476.673503514205,0.0,8929.929391838406,0.0
ESP32 deep,deep,44,12,0.9,0.85,39972dc6331a7c41167e2c2b3eafe01b8ac46b890addd9aefd4badee5f51bcfb,True,21514.140538231524,0.0,7476.673503514205,0.0,8929.929391838406,0.0
ESP32 deep,deep,44,12,1.2,0.75,39972dc6331a7c41167e2c2b3eafe01b8ac46b890addd9aefd4badee5f51bcfb,True,21514.140538231524,0.0,7476.673503514205,0.0,8929.929391838406,0.0
ESP32 deep,deep,44,12,1.2,0.8,39972dc6331a7c41167e2c2b3eafe01b8ac46b890addd9aefd4badee5f51bcfb,True,21514.140538231524,0.0,7476.673503514205,0.0,8929.929391838406,0.0
ESP32 deep,deep,44,12,1.2,0.85,39972dc6331a7c41167e2c2b3eafe01b8ac46b890addd9aefd4badee5f51bcfb,True,21514.140538231524,0.0,7476.673503514205,0.0,8929.929391838406,0.0
ESP32 deep,deep,44,12,1.5,0.75,39972dc6331a7c41167e2c2b3eafe01b8ac46b890addd9aefd4badee5f51bcfb,True,21514.140538231524,0.0,7476.673503514205,0.0,8929.929391838406,0.0
ESP32 deep,deep,44,12,1.5,0.8,39972dc6331a7c41167e2c2b3eafe01b8ac46b890addd9aefd4badee5f51bcfb,True,21514.140538231524,0.0,7476.673503514205,0.0,8929.929391838406,0.0
ESP32 deep,deep,44,12,1.5,0.85,39972dc6331a7c41167e2c2b3eafe01b8ac46b890addd9aefd4badee5f51bcfb,True,21514.140538231524,0.0,7476.673503514205,0.0,8929.929391838406,0.0
RP2040 deep,deep,44,40,0.9,0.75,7f15871b88fc1e9072b3016fdecf52201512d73cbd5b2a38e4c9b944f21136d0,True,80184.86743393009,0.0,28808.808712858896,0.0,34922.60373343981,0.0
RP2040 deep,deep,44,40,0.9,0.8,7f15871b88fc1e9072b3016fdecf52201512d73cbd5b2a38e4c9b944f21136d0,True,80184.86743393009,0.0,28808.808712858896,0.0,34922.60373343981,0.0
RP2040 deep,deep,44,40,0.9,0.85,7f15871b88fc1e9072b3016fdecf52201512d73cbd5b2a38e4c9b944f21136d0,True,80184.86743393009,0.0,28808.808712858896,0.0,34922.60373343981,0.0
RP2040 deep,deep,44,40,1.2,0.75,7f15871b88fc1e9072b3016fdecf52201512d73cbd5b2a38e4c9b944f21136d0,True,80184.86743393009,0.0,28808.808712858896,0.0,34922.60373343981,0.0
RP2040 deep,deep,44,40,1.2,0.8,7f15871b88fc1e9072b3016fdecf52201512d73cbd5b2a38e4c9b944f21136d0,True,80184.86743393009,0.0,28808.808712858896,0.0,34922.60373343981,0.0
RP2040 deep,deep,44,40,1.2,0.85,7f15871b88fc1e9072b3016fdecf52201512d73cbd5b2a38e4c9b944f21136d0,True,80184.86743393009,0.0,28808.808712858896,0.0,34922.60373343981,0.0
RP2040 deep,deep,44,40,1.5,0.75,7f15871b88fc1e9072b3016fdecf52201512d73cbd5b2a38e4c9b944f21136d0,True,80184.86743393009,0.0,28808.808712858896,0.0,34922.60373343981,0.0
RP2040 deep,deep,44,40,1.5,0.8,7f15871b88fc1e9072b3016fdecf52201512d73cbd5b2a38e4c9b944f21136d0,True,80184.86743393009,0.0,28808.808712858896,0.0,34922.60373343981,0.0
RP2040 deep,deep,44,40,1.5,0.85,7f15871b88fc1e9072b3016fdecf52201512d73cbd5b2a38e4c9b944f21136d0,True,80184.86743393009,0.0,28808.808712858896,0.0,34922.60373343981,0.0
RP2040 deep,deep,44,50,0.9,0.75,7f15871b88fc1e9072b3016fdecf52201512d73cbd5b2a38e4c9b944f21136d0,True,80184.86743393009,0.0,28808.808712858896,0.0,34922.60373343981,0.0
RP2040 deep,deep,44,50,0.9,0.8,7f15871b88fc1e9072b3016fdecf52201512d73cbd5b2a38e4c9b944f21136d0,True,80184.86743393009,0.0,28808.808712858896,0.0,34922.60373343981,0.0
RP2040 deep,deep,44,50,0.9,0.85,7f15871b88fc1e9072b3016fdecf52201512d73cbd5b2a38e4c9b944f21136d0,True,80184.86743393009,0.0,28808.808712858896,0.0,34922.60373343981,0.0
RP2040 deep,deep,44,50,1.2,0.75,7f15871b88fc1e9072b3016fdecf52201512d73cbd5b2a38e4c9b944f21136d0,True,80184.86743393009,0.0,28808.808712858896,0.0,34922.60373343981,0.0
RP2040 deep,deep,44,50,1.2,0.8,7f15871b88fc1e9072b3016fdecf52201512d73cbd5b2a38e4c9b944f21136d0,True,80184.86743393009,0.0,28808.808712858896,0.0,34922.60373343981,0.0
RP2040 deep,deep,44,50,1.2,0.85,7f15871b88fc1e9072b3016fdecf52201512d73cbd5b2a38e4c9b944f21136d0,True,80184.86743393009,0.0,28808.808712858896,0.0,34922.60373343981,0.0
RP2040 deep,deep,44,50,1.5,0.75,7f15871b88fc1e9072b3016fdecf52201512d73cbd5b2a38e4c9b944f21136d0,True,80184.86743393009,0.0,28808.808712858896,0.0,34922.60373343981,0.0
RP2040 deep,deep,44,50,1.5,0.8,7f15871b88fc1e9072b3016fdecf52201512d73cbd5b2a38e4c9b944f21136d0,True,80184.86743393009,0.0,28808.808712858896,0.0,34922.60373343981,0.0
RP2040 deep,deep,44,50,1.5,0.85,7f15871b88fc1e9072b3016fdecf52201512d73cbd5b2a38e4c9b944f21136d0,True,80184.86743393009,0.0,28808.808712858896,0.0,34922.60373343981,0.0
RP2040 deep,deep,44,60,0.9,0.75,7f15871b88fc1e9072b3016fdecf52201512d73cbd5b2a38e4c9b944f21136d0,True,80184.86743393009,0.0,28808.808712858896,0.0,34922.60373343981,0.0
RP2040 deep,deep,44,60,0.9,0.8,7f15871b88fc1e9072b3016fdecf52201512d73cbd5b2a38e4c9b944f21136d0,True,80184.86743393009,0.0,28808.808712858896,0.0,34922.60373343981,0.0
RP2040 deep,deep,44,60,0.9,0.85,7f15871b88fc1e9072b3016fdecf52201512d73cbd5b2a38e4c9b944f21136d0,True,80184.86743393009,0.0,28808.808712858896,0.0,34922.60373343981,0.0
RP2040 deep,deep,44,60,1.2,0.75,7f15871b88fc1e9072b3016fdecf52201512d73cbd5b2a38e4c9b944f21136d0,True,80184.86743393009,0.0,28808.808712858896,0.0,34922.60373343981,0.0
RP2040 deep,deep,44,60,1.2,0.8,7f15871b88fc1e9072b3016fdecf52201512d73cbd5b2a38e4c9b944f21136d0,True,80184.86743393009,0.0,28808.808712858896,0.0,34922.60373343981,0.0
RP2040 deep,deep,44,60,1.2,0.85,7f15871b88fc1e9072b3016fdecf52201512d73cbd5b2a38e4c9b944f21136d0,True,80184.86743393009,0.0,28808.808712858896,0.0,34922.60373343981,0.0
RP2040 deep,deep,44,60,1.5,0.75,7f15871b88fc1e9072b3016fdecf52201512d73cbd5b2a38e4c9b944f21136d0,True,80184.86743393009,0.0,28808.808712858896,0.0,34922.60373343981,0.0
RP2040 deep,deep,44,60,1.5,0.8,7f15871b88fc1e9072b3016fdecf52201512d73cbd5b2a38e4c9b944f21136d0,True,80184.86743393009,0.0,28808.808712858896,0.0,34922.60373343981,0.0
RP2040 deep,deep,44,60,1.5,0.85,7f15871b88fc1e9072b3016fdecf52201512d73cbd5b2a38e4c9b944f21136d0,True,80184.86743393009,0.0,28808.808712858896,0.0,34922.60373343981,0.0
RP2040 unit 1,inter-unit,44,40,0.9,0.75,dc85fbbf368451d47405c33e8e64cacdbe18e82e54e584e2ac3cfe47166e5cb6,True,68793.95901639345,0.0,25024.00906871294,0.0,30314.96745419479,0.0
RP2040 unit 1,inter-unit,44,40,0.9,0.8,dc85fbbf368451d47405c33e8e64cacdbe18e82e54e584e2ac3cfe47166e5cb6,True,68793.95901639345,0.0,25024.00906871294,0.0,30314.96745419479,0.0
RP2040 unit 1,inter-unit,44,40,0.9,0.85,dc85fbbf368451d47405c33e8e64cacdbe18e82e54e584e2ac3cfe47166e5cb6,True,68793.95901639345,0.0,25024.00906871294,0.0,30314.96745419479,0.0
RP2040 unit 1,inter-unit,44,40,1.2,0.75,dc85fbbf368451d47405c33e8e64cacdbe18e82e54e584e2ac3cfe47166e5cb6,True,68793.95901639345,0.0,25024.00906871294,0.0,30314.96745419479,0.0
RP2040 unit 1,inter-unit,44,40,1.2,0.8,dc85fbbf368451d47405c33e8e64cacdbe18e82e54e584e2ac3cfe47166e5cb6,True,68793.95901639345,0.0,25024.00906871294,0.0,30314.96745419479,0.0
RP2040 unit 1,inter-unit,44,40,1.2,0.85,dc85fbbf368451d47405c33e8e64cacdbe18e82e54e584e2ac3cfe47166e5cb6,True,68793.95901639345,0.0,25024.00906871294,0.0,30314.96745419479,0.0
RP2040 unit 1,inter-unit,44,40,1.5,0.75,dc85fbbf368451d47405c33e8e64cacdbe18e82e54e584e2ac3cfe47166e5cb6,True,68793.95901639345,0.0,25024.00906871294,0.0,30314.96745419479,0.0
RP2040 unit 1,inter-unit,44,40,1.5,0.8,dc85fbbf368451d47405c33e8e64cacdbe18e82e54e584e2ac3cfe47166e5cb6,True,68793.95901639345,0.0,25024.00906871294,0.0,30314.96745419479,0.0
RP2040 unit 1,inter-unit,44,40,1.5,0.85,dc85fbbf368451d47405c33e8e64cacdbe18e82e54e584e2ac3cfe47166e5cb6,True,68793.95901639345,0.0,25024.00906871294,0.0,30314.96745419479,0.0
RP2040 unit 1,inter-unit,44,50,0.9,0.75,dc85fbbf368451d47405c33e8e64cacdbe18e82e54e584e2ac3cfe47166e5cb6,True,68793.95901639345,0.0,25024.00906871294,0.0,30314.96745419479,0.0
RP2040 unit 1,inter-unit,44,50,0.9,0.8,dc85fbbf368451d47405c33e8e64cacdbe18e82e54e584e2ac3cfe47166e5cb6,True,68793.95901639345,0.0,25024.00906871294,0.0,30314.96745419479,0.0
RP2040 unit 1,inter-unit,44,50,0.9,0.85,dc85fbbf368451d47405c33e8e64cacdbe18e82e54e584e2ac3cfe47166e5cb6,True,68793.95901639345,0.0,25024.00906871294,0.0,30314.96745419479,0.0
RP2040 unit 1,inter-unit,44,50,1.2,0.75,dc85fbbf368451d47405c33e8e64cacdbe18e82e54e584e2ac3cfe47166e5cb6,True,68793.95901639345,0.0,25024.00906871294,0.0,30314.96745419479,0.0
RP2040 unit 1,inter-unit,44,50,1.2,0.8,dc85fbbf368451d47405c33e8e64cacdbe18e82e54e584e2ac3cfe47166e5cb6,True,68793.95901639345,0.0,25024.00906871294,0.0,30314.96745419479,0.0
RP2040 unit 1,inter-unit,44,50,1.2,0.85,dc85fbbf368451d47405c33e8e64cacdbe18e82e54e584e2ac3cfe47166e5cb6,True,68793.95901639345,0.0,25024.00906871294,0.0,30314.96745419479,0.0
RP2040 unit 1,inter-unit,44,50,1.5,0.75,dc85fbbf368451d47405c33e8e64cacdbe18e82e54e584e2ac3cfe47166e5cb6,True,68793.95901639345,0.0,25024.00906871294,0.0,30314.96745419479,0.0
RP2040 unit 1,inter-unit,44,50,1.5,0.8,dc85fbbf368451d47405c33e8e64cacdbe18e82e54e584e2ac3cfe47166e5cb6,True,68793.95901639345,0.0,25024.00906871294,0.0,30314.96745419479,0.0
RP2040 unit 1,inter-unit,44,50,1.5,0.85,dc85fbbf368451d47405c33e8e64cacdbe18e82e54e584e2ac3cfe47166e5cb6,True,68793.95901639345,0.0,25024.00906871294,0.0,30314.96745419479,0.0
RP2040 unit 1,inter-unit,44,60,0.9,0.75,dc85fbbf368451d47405c33e8e64cacdbe18e82e54e584e2ac3cfe47166e5cb6,True,68793.95901639345,0.0,25024.00906871294,0.0,30314.96745419479,0.0
RP2040 unit 1,inter-unit,44,60,0.9,0.8,dc85fbbf368451d47405c33e8e64cacdbe18e82e54e584e2ac3cfe47166e5cb6,True,68793.95901639345,0.0,25024.00906871294,0.0,30314.96745419479,0.0
RP2040 unit 1,inter-unit,44,60,0.9,0.85,dc85fbbf368451d47405c33e8e64cacdbe18e82e54e584e2ac3cfe47166e5cb6,True,68793.95901639345,0.0,25024.00906871294,0.0,30314.96745419479,0.0
RP2040 unit 1,inter-unit,44,60,1.2,0.75,dc85fbbf368451d47405c33e8e64cacdbe18e82e54e584e2ac3cfe47166e5cb6,True,68793.95901639345,0.0,25024.00906871294,0.0,30314.96745419479,0.0
RP2040 unit 1,inter-unit,44,60,1.2,0.8,dc85fbbf368451d47405c33e8e64cacdbe18e82e54e584e2ac3cfe47166e5cb6,True,68793.95901639345,0.0,25024.00906871294,0.0,30314.96745419479,0.0
RP2040 unit 1,inter-unit,44,60,1.2,0.85,dc85fbbf368451d47405c33e8e64cacdbe18e82e54e584e2ac3cfe47166e5cb6,True,68793.95901639345,0.0,25024.00906871294,0.0,30314.96745419479,0.0
RP2040 unit 1,inter-unit,44,60,1.5,0.75,dc85fbbf368451d47405c33e8e64cacdbe18e82e54e584e2ac3cfe47166e5cb6,True,68793.95901639345,0.0,25024.00906871294,0.0,30314.96745419479,0.0
RP2040 unit 1,inter-unit,44,60,1.5,0.8,dc85fbbf368451d47405c33e8e64cacdbe18e82e54e584e2ac3cfe47166e5cb6,True,68793.95901639345,0.0,25024.00906871294,0.0,30314.96745419479,0.0
RP2040 unit 1,inter-unit,44,60,1.5,0.85,dc85fbbf368451d47405c33e8e64cacdbe18e82e54e584e2ac3cfe47166e5cb6,True,68793.95901639345,0.0,25024.00906871294,0.0,30314.96745419479,0.0
RP2040 unit 2,inter-unit,44,40,0.9,0.75,f89134392a120b34ddf4c7255b9a0491036740c6c91e3f3bf3489b5935974bee,True,68793.93697478992,0.0,25023.785797487304,0.0,30320.628242601393,0.0
RP2040 unit 2,inter-unit,44,40,0.9,0.8,f89134392a120b34ddf4c7255b9a0491036740c6c91e3f3bf3489b5935974bee,True,68793.93697478992,0.0,25023.785797487304,0.0,30320.628242601393,0.0
RP2040 unit 2,inter-unit,44,40,0.9,0.85,f89134392a120b34ddf4c7255b9a0491036740c6c91e3f3bf3489b5935974bee,True,68793.93697478992,0.0,25023.785797487304,0.0,30320.628242601393,0.0
RP2040 unit 2,inter-unit,44,40,1.2,0.75,f89134392a120b34ddf4c7255b9a0491036740c6c91e3f3bf3489b5935974bee,True,68793.93697478992,0.0,25023.785797487304,0.0,30320.628242601393,0.0
RP2040 unit 2,inter-unit,44,40,1.2,0.8,f89134392a120b34ddf4c7255b9a0491036740c6c91e3f3bf3489b5935974bee,True,68793.93697478992,0.0,25023.785797487304,0.0,30320.628242601393,0.0
RP2040 unit 2,inter-unit,44,40,1.2,0.85,f89134392a120b34ddf4c7255b9a0491036740c6c91e3f3bf3489b5935974bee,True,68793.93697478992,0.0,25023.785797487304,0.0,30320.628242601393,0.0
RP2040 unit 2,inter-unit,44,40,1.5,0.75,f89134392a120b34ddf4c7255b9a0491036740c6c91e3f3bf3489b5935974bee,True,68793.93697478992,0.0,25023.785797487304,0.0,30320.628242601393,0.0
RP2040 unit 2,inter-unit,44,40,1.5,0.8,f89134392a120b34ddf4c7255b9a0491036740c6c91e3f3bf3489b5935974bee,True,68793.93697478992,0.0,25023.785797487304,0.0,30320.628242601393,0.0
RP2040 unit 2,inter-unit,44,40,1.5,0.85,f89134392a120b34ddf4c7255b9a0491036740c6c91e3f3bf3489b5935974bee,True,68793.93697478992,0.0,25023.785797487304,0.0,30320.628242601393,0.0
RP2040 unit 2,inter-unit,44,50,0.9,0.75,f89134392a120b34ddf4c7255b9a0491036740c6c91e3f3bf3489b5935974bee,True,68793.93697478992,0.0,25023.785797487304,0.0,30320.628242601393,0.0
RP2040 unit 2,inter-unit,44,50,0.9,0.8,f89134392a120b34ddf4c7255b9a0491036740c6c91e3f3bf3489b5935974bee,True,68793.93697478992,0.0,25023.785797487304,0.0,30320.628242601393,0.0
RP2040 unit 2,inter-unit,44,50,0.9,0.85,f89134392a120b34ddf4c7255b9a0491036740c6c91e3f3bf3489b5935974bee,True,68793.93697478992,0.0,25023.785797487304,0.0,30320.628242601393,0.0
RP2040 unit 2,inter-unit,44,50,1.2,0.75,f89134392a120b34ddf4c7255b9a0491036740c6c91e3f3bf3489b5935974bee,True,68793.93697478992,0.0,25023.785797487304,0.0,30320.628242601393,0.0
RP2040 unit 2,inter-unit,44,50,1.2,0.8,f89134392a120b34ddf4c7255b9a0491036740c6c91e3f3bf3489b5935974bee,True,68793.93697478992,0.0,25023.785797487304,0.0,30320.628242601393,0.0
RP2040 unit 2,inter-unit,44,50,1.2,0.85,f89134392a120b34ddf4c7255b9a0491036740c6c91e3f3bf3489b5935974bee,True,68793.93697478992,0.0,25023.785797487304,0.0,30320.628242601393,0.0
RP2040 unit 2,inter-unit,44,50,1.5,0.75,f89134392a120b34ddf4c7255b9a0491036740c6c91e3f3bf3489b5935974bee,True,68793.93697478992,0.0,25023.785797487304,0.0,30320.628242601393,0.0
RP2040 unit 2,inter-unit,44,50,1.5,0.8,f89134392a120b34ddf4c7255b9a0491036740c6c91e3f3bf3489b5935974bee,True,68793.93697478992,0.0,25023.785797487304,0.0,30320.628242601393,0.0
RP2040 unit 2,inter-unit,44,50,1.5,0.85,f89134392a120b34ddf4c7255b9a0491036740c6c91e3f3bf3489b5935974bee,True,68793.93697478992,0.0,25023.785797487304,0.0,30320.628242601393,0.0
RP2040 unit 2,inter-unit,44,60,0.9,0.75,f89134392a120b34ddf4c7255b9a0491036740c6c91e3f3bf3489b5935974bee,True,68793.93697478992,0.0,25023.785797487304,0.0,30320.628242601393,0.0
RP2040 unit 2,inter-unit,44,60,0.9,0.8,f89134392a120b34ddf4c7255b9a0491036740c6c91e3f3bf3489b5935974bee,True,68793.93697478992,0.0,25023.785797487304,0.0,30320.628242601393,0.0
RP2040 unit 2,inter-unit,44,60,0.9,0.85,f89134392a120b34ddf4c7255b9a0491036740c6c91e3f3bf3489b5935974bee,True,68793.93697478992,0.0,25023.785797487304,0.0,30320.628242601393,0.0
RP2040 unit 2,inter-unit,44,60,1.2,0.75,f89134392a120b34ddf4c7255b9a0491036740c6c91e3f3bf3489b5935974bee,True,68793.93697478992,0.0,25023.785797487304,0.0,30320.628242601393,0.0
RP2040 unit 2,inter-unit,44,60,1.2,0.8,f89134392a120b34ddf4c7255b9a0491036740c6c91e3f3bf3489b5935974bee,True,68793.93697478992,0.0,25023.785797487304,0.0,30320.628242601393,0.0
RP2040 unit 2,inter-unit,44,60,1.2,0.85,f89134392a120b34ddf4c7255b9a0491036740c6c91e3f3bf3489b5935974bee,True,68793.93697478992,0.0,25023.785797487304,0.0,30320.628242601393,0.0
RP2040 unit 2,inter-unit,44,60,1.5,0.75,f89134392a120b34ddf4c7255b9a0491036740c6c91e3f3bf3489b5935974bee,True,68793.93697478992,0.0,25023.785797487304,0.0,30320.628242601393,0.0
RP2040 unit 2,inter-unit,44,60,1.5,0.8,f89134392a120b34ddf4c7255b9a0491036740c6c91e3f3bf3489b5935974bee,True,68793.93697478992,0.0,25023.785797487304,0.0,30320.628242601393,0.0
RP2040 unit 2,inter-unit,44,60,1.5,0.85,f89134392a120b34ddf4c7255b9a0491036740c6c91e3f3bf3489b5935974bee,True,68793.93697478992,0.0,25023.785797487304,0.0,30320.628242601393,0.0
RP2040 unit 1,inter-unit,65,40,0.9,0.75,6bcf59fe5f07ad88021976bbdcd4e73227fda9a753536a363faf6b72a178ee5b,True,105465.85514018692,0.0,33696.57343124166,0.0,41611.77581219403,0.0
RP2040 unit 1,inter-unit,65,40,0.9,0.8,6bcf59fe5f07ad88021976bbdcd4e73227fda9a753536a363faf6b72a178ee5b,True,105465.85514018692,0.0,33696.57343124166,0.0,41611.77581219403,0.0
RP2040 unit 1,inter-unit,65,40,0.9,0.85,6bcf59fe5f07ad88021976bbdcd4e73227fda9a753536a363faf6b72a178ee5b,True,105465.85514018692,0.0,33696.57343124166,0.0,41611.77581219403,0.0
RP2040 unit 1,inter-unit,65,40,1.2,0.75,6bcf59fe5f07ad88021976bbdcd4e73227fda9a753536a363faf6b72a178ee5b,True,105465.85514018692,0.0,33696.57343124166,0.0,41611.77581219403,0.0
RP2040 unit 1,inter-unit,65,40,1.2,0.8,6bcf59fe5f07ad88021976bbdcd4e73227fda9a753536a363faf6b72a178ee5b,True,105465.85514018692,0.0,33696.57343124166,0.0,41611.77581219403,0.0
RP2040 unit 1,inter-unit,65,40,1.2,0.85,6bcf59fe5f07ad88021976bbdcd4e73227fda9a753536a363faf6b72a178ee5b,True,105465.85514018692,0.0,33696.57343124166,0.0,41611.77581219403,0.0
RP2040 unit 1,inter-unit,65,40,1.5,0.75,6bcf59fe5f07ad88021976bbdcd4e73227fda9a753536a363faf6b72a178ee5b,True,105465.85514018692,0.0,33696.57343124166,0.0,41611.77581219403,0.0
RP2040 unit 1,inter-unit,65,40,1.5,0.8,6bcf59fe5f07ad88021976bbdcd4e73227fda9a753536a363faf6b72a178ee5b,True,105465.85514018692,0.0,33696.57343124166,0.0,41611.77581219403,0.0
RP2040 unit 1,inter-unit,65,40,1.5,0.85,6bcf59fe5f07ad88021976bbdcd4e73227fda9a753536a363faf6b72a178ee5b,True,105465.85514018692,0.0,33696.57343124166,0.0,41611.77581219403,0.0
RP2040 unit 1,inter-unit,65,50,0.9,0.75,6bcf59fe5f07ad88021976bbdcd4e73227fda9a753536a363faf6b72a178ee5b,True,105465.85514018692,0.0,33696.57343124166,0.0,41611.77581219403,0.0
RP2040 unit 1,inter-unit,65,50,0.9,0.8,6bcf59fe5f07ad88021976bbdcd4e73227fda9a753536a363faf6b72a178ee5b,True,105465.85514018692,0.0,33696.57343124166,0.0,41611.77581219403,0.0
RP2040 unit 1,inter-unit,65,50,0.9,0.85,6bcf59fe5f07ad88021976bbdcd4e73227fda9a753536a363faf6b72a178ee5b,True,105465.85514018692,0.0,33696.57343124166,0.0,41611.77581219403,0.0
RP2040 unit 1,inter-unit,65,50,1.2,0.75,6bcf59fe5f07ad88021976bbdcd4e73227fda9a753536a363faf6b72a178ee5b,True,105465.85514018692,0.0,33696.57343124166,0.0,41611.77581219403,0.0
RP2040 unit 1,inter-unit,65,50,1.2,0.8,6bcf59fe5f07ad88021976bbdcd4e73227fda9a753536a363faf6b72a178ee5b,True,105465.85514018692,0.0,33696.57343124166,0.0,41611.77581219403,0.0
RP2040 unit 1,inter-unit,65,50,1.2,0.85,6bcf59fe5f07ad88021976bbdcd4e73227fda9a753536a363faf6b72a178ee5b,True,105465.85514018692,0.0,33696.57343124166,0.0,41611.77581219403,0.0
RP2040 unit 1,inter-unit,65,50,1.5,0.75,6bcf59fe5f07ad88021976bbdcd4e73227fda9a753536a363faf6b72a178ee5b,True,105465.85514018692,0.0,33696.57343124166,0.0,41611.77581219403,0.0
RP2040 unit 1,inter-unit,65,50,1.5,0.8,6bcf59fe5f07ad88021976bbdcd4e73227fda9a753536a363faf6b72a178ee5b,True,105465.85514018692,0.0,33696.57343124166,0.0,41611.77581219403,0.0
RP2040 unit 1,inter-unit,65,50,1.5,0.85,6bcf59fe5f07ad88021976bbdcd4e73227fda9a753536a363faf6b72a178ee5b,True,105465.85514018692,0.0,33696.57343124166,0.0,41611.77581219403,0.0
RP2040 unit 1,inter-unit,65,60,0.9,0.75,6bcf59fe5f07ad88021976bbdcd4e73227fda9a753536a363faf6b72a178ee5b,True,105465.85514018692,0.0,33696.57343124166,0.0,41611.77581219403,0.0
RP2040 unit 1,inter-unit,65,60,0.9,0.8,6bcf59fe5f07ad88021976bbdcd4e73227fda9a753536a363faf6b72a178ee5b,True,105465.85514018692,0.0,33696.57343124166,0.0,41611.77581219403,0.0
RP2040 unit 1,inter-unit,65,60,0.9,0.85,6bcf59fe5f07ad88021976bbdcd4e73227fda9a753536a363faf6b72a178ee5b,True,105465.85514018692,0.0,33696.57343124166,0.0,41611.77581219403,0.0
RP2040 unit 1,inter-unit,65,60,1.2,0.75,6bcf59fe5f07ad88021976bbdcd4e73227fda9a753536a363faf6b72a178ee5b,True,105465.85514018692,0.0,33696.57343124166,0.0,41611.77581219403,0.0
RP2040 unit 1,inter-unit,65,60,1.2,0.8,6bcf59fe5f07ad88021976bbdcd4e73227fda9a753536a363faf6b72a178ee5b,True,105465.85514018692,0.0,33696.57343124166,0.0,41611.77581219403,0.0
RP2040 unit 1,inter-unit,65,60,1.2,0.85,6bcf59fe5f07ad88021976bbdcd4e73227fda9a753536a363faf6b72a178ee5b,True,105465.85514018692,0.0,33696.57343124166,0.0,41611.77581219403,0.0
RP2040 unit 1,inter-unit,65,60,1.5,0.75,6bcf59fe5f07ad88021976bbdcd4e73227fda9a753536a363faf6b72a178ee5b,True,105465.85514018692,0.0,33696.57343124166,0.0,41611.77581219403,0.0
RP2040 unit 1,inter-unit,65,60,1.5,0.8,6bcf59fe5f07ad88021976bbdcd4e73227fda9a753536a363faf6b72a178ee5b,True,105465.85514018692,0.0,33696.57343124166,0.0,41611.77581219403,0.0
RP2040 unit 1,inter-unit,65,60,1.5,0.85,6bcf59fe5f07ad88021976bbdcd4e73227fda9a753536a363faf6b72a178ee5b,True,105465.85514018692,0.0,33696.57343124166,0.0,41611.77581219403,0.0
RP2040 unit 2,inter-unit,65,40,0.9,0.75,06f7a41892da56b74da138c05265e3256856a804061cf4882a2fccc3de1d5098,True,105464.8956043956,0.0,33691.31027795735,0.0,41606.74913244651,0.0
RP2040 unit 2,inter-unit,65,40,0.9,0.8,06f7a41892da56b74da138c05265e3256856a804061cf4882a2fccc3de1d5098,True,105464.8956043956,0.0,33691.31027795735,0.0,41606.74913244651,0.0
RP2040 unit 2,inter-unit,65,40,0.9,0.85,06f7a41892da56b74da138c05265e3256856a804061cf4882a2fccc3de1d5098,True,105464.8956043956,0.0,33691.31027795735,0.0,41606.74913244651,0.0
RP2040 unit 2,inter-unit,65,40,1.2,0.75,06f7a41892da56b74da138c05265e3256856a804061cf4882a2fccc3de1d5098,True,105464.8956043956,0.0,33691.31027795735,0.0,41606.74913244651,0.0
RP2040 unit 2,inter-unit,65,40,1.2,0.8,06f7a41892da56b74da138c05265e3256856a804061cf4882a2fccc3de1d5098,True,105464.8956043956,0.0,33691.31027795735,0.0,41606.74913244651,0.0
RP2040 unit 2,inter-unit,65,40,1.2,0.85,06f7a41892da56b74da138c05265e3256856a804061cf4882a2fccc3de1d5098,True,105464.8956043956,0.0,33691.31027795735,0.0,41606.74913244651,0.0
RP2040 unit 2,inter-unit,65,40,1.5,0.75,06f7a41892da56b74da138c05265e3256856a804061cf4882a2fccc3de1d5098,True,105464.8956043956,0.0,33691.31027795735,0.0,41606.74913244651,0.0
RP2040 unit 2,inter-unit,65,40,1.5,0.8,06f7a41892da56b74da138c05265e3256856a804061cf4882a2fccc3de1d5098,True,105464.8956043956,0.0,33691.31027795735,0.0,41606.74913244651,0.0
RP2040 unit 2,inter-unit,65,40,1.5,0.85,06f7a41892da56b74da138c05265e3256856a804061cf4882a2fccc3de1d5098,True,105464.8956043956,0.0,33691.31027795735,0.0,41606.74913244651,0.0
RP2040 unit 2,inter-unit,65,50,0.9,0.75,06f7a41892da56b74da138c05265e3256856a804061cf4882a2fccc3de1d5098,True,105464.8956043956,0.0,33691.31027795735,0.0,41606.74913244651,0.0
RP2040 unit 2,inter-unit,65,50,0.9,0.8,06f7a41892da56b74da138c05265e3256856a804061cf4882a2fccc3de1d5098,True,105464.8956043956,0.0,33691.31027795735,0.0,41606.74913244651,0.0
RP2040 unit 2,inter-unit,65,50,0.9,0.85,06f7a41892da56b74da138c05265e3256856a804061cf4882a2fccc3de1d5098,True,105464.8956043956,0.0,33691.31027795735,0.0,41606.74913244651,0.0
RP2040 unit 2,inter-unit,65,50,1.2,0.75,06f7a41892da56b74da138c05265e3256856a804061cf4882a2fccc3de1d5098,True,105464.8956043956,0.0,33691.31027795735,0.0,41606.74913244651,0.0
RP2040 unit 2,inter-unit,65,50,1.2,0.8,06f7a41892da56b74da138c05265e3256856a804061cf4882a2fccc3de1d5098,True,105464.8956043956,0.0,33691.31027795735,0.0,41606.74913244651,0.0
RP2040 unit 2,inter-unit,65,50,1.2,0.85,06f7a41892da56b74da138c05265e3256856a804061cf4882a2fccc3de1d5098,True,105464.8956043956,0.0,33691.31027795735,0.0,41606.74913244651,0.0
RP2040 unit 2,inter-unit,65,50,1.5,0.75,06f7a41892da56b74da138c05265e3256856a804061cf4882a2fccc3de1d5098,True,105464.8956043956,0.0,33691.31027795735,0.0,41606.74913244651,0.0
RP2040 unit 2,inter-unit,65,50,1.5,0.8,06f7a41892da56b74da138c05265e3256856a804061cf4882a2fccc3de1d5098,True,105464.8956043956,0.0,33691.31027795735,0.0,41606.74913244651,0.0
RP2040 unit 2,inter-unit,65,50,1.5,0.85,06f7a41892da56b74da138c05265e3256856a804061cf4882a2fccc3de1d5098,True,105464.8956043956,0.0,33691.31027795735,0.0,41606.74913244651,0.0
RP2040 unit 2,inter-unit,65,60,0.9,0.75,06f7a41892da56b74da138c05265e3256856a804061cf4882a2fccc3de1d5098,True,105464.8956043956,0.0,33691.31027795735,0.0,41606.74913244651,0.0
RP2040 unit 2,inter-unit,65,60,0.9,0.8,06f7a41892da56b74da138c05265e3256856a804061cf4882a2fccc3de1d5098,True,105464.8956043956,0.0,33691.31027795735,0.0,41606.74913244651,0.0
RP2040 unit 2,inter-unit,65,60,0.9,0.85,06f7a41892da56b74da138c05265e3256856a804061cf4882a2fccc3de1d5098,True,105464.8956043956,0.0,33691.31027795735,0.0,41606.74913244651,0.0
RP2040 unit 2,inter-unit,65,60,1.2,0.75,06f7a41892da56b74da138c05265e3256856a804061cf4882a2fccc3de1d5098,True,105464.8956043956,0.0,33691.31027795735,0.0,41606.74913244651,0.0
RP2040 unit 2,inter-unit,65,60,1.2,0.8,06f7a41892da56b74da138c05265e3256856a804061cf4882a2fccc3de1d5098,True,105464.8956043956,0.0,33691.31027795735,0.0,41606.74913244651,0.0
RP2040 unit 2,inter-unit,65,60,1.2,0.85,06f7a41892da56b74da138c05265e3256856a804061cf4882a2fccc3de1d5098,True,105464.8956043956,0.0,33691.31027795735,0.0,41606.74913244651,0.0
RP2040 unit 2,inter-unit,65,60,1.5,0.75,06f7a41892da56b74da138c05265e3256856a804061cf4882a2fccc3de1d5098,True,105464.8956043956,0.0,33691.31027795735,0.0,41606.74913244651,0.0
RP2040 unit 2,inter-unit,65,60,1.5,0.8,06f7a41892da56b74da138c05265e3256856a804061cf4882a2fccc3de1d5098,True,105464.8956043956,0.0,33691.31027795735,0.0,41606.74913244651,0.0
RP2040 unit 2,inter-unit,65,60,1.5,0.85,06f7a41892da56b74da138c05265e3256856a804061cf4882a2fccc3de1d5098,True,105464.8956043956,0.0,33691.31027795735,0.0,41606.74913244651,0.0
RP2040 unit 1,inter-unit,87,40,0.9,0.75,98cd6f61793d9d1864031a9323ee90fd4112e49d79e6eddd4caa0ffcc4d4ec9c,True,165298.332,0.0,48876.10329411764,0.0,59430.21345454545,0.0
RP2040 unit 1,inter-unit,87,40,0.9,0.8,98cd6f61793d9d1864031a9323ee90fd4112e49d79e6eddd4caa0ffcc4d4ec9c,True,165298.332,0.0,48876.10329411764,0.0,59430.21345454545,0.0
RP2040 unit 1,inter-unit,87,40,0.9,0.85,98cd6f61793d9d1864031a9323ee90fd4112e49d79e6eddd4caa0ffcc4d4ec9c,True,165298.332,0.0,48876.10329411764,0.0,59430.21345454545,0.0
RP2040 unit 1,inter-unit,87,40,1.2,0.75,98cd6f61793d9d1864031a9323ee90fd4112e49d79e6eddd4caa0ffcc4d4ec9c,True,165298.332,0.0,48876.10329411764,0.0,59430.21345454545,0.0
RP2040 unit 1,inter-unit,87,40,1.2,0.8,98cd6f61793d9d1864031a9323ee90fd4112e49d79e6eddd4caa0ffcc4d4ec9c,True,165298.332,0.0,48876.10329411764,0.0,59430.21345454545,0.0
RP2040 unit 1,inter-unit,87,40,1.2,0.85,98cd6f61793d9d1864031a9323ee90fd4112e49d79e6eddd4caa0ffcc4d4ec9c,True,165298.332,0.0,48876.10329411764,0.0,59430.21345454545,0.0
RP2040 unit 1,inter-unit,87,40,1.5,0.75,98cd6f61793d9d1864031a9323ee90fd4112e49d79e6eddd4caa0ffcc4d4ec9c,True,165298.332,0.0,48876.10329411764,0.0,59430.21345454545,0.0
RP2040 unit 1,inter-unit,87,40,1.5,0.8,98cd6f61793d9d1864031a9323ee90fd4112e49d79e6eddd4caa0ffcc4d4ec9c,True,165298.332,0.0,48876.10329411764,0.0,59430.21345454545,0.0
RP2040 unit 1,inter-unit,87,40,1.5,0.85,98cd6f61793d9d1864031a9323ee90fd4112e49d79e6eddd4caa0ffcc4d4ec9c,True,165298.332,0.0,48876.10329411764,0.0,59430.21345454545,0.0
RP2040 unit 1,inter-unit,87,50,0.9,0.75,98cd6f61793d9d1864031a9323ee90fd4112e49d79e6eddd4caa0ffcc4d4ec9c,True,165298.332,0.0,48876.10329411764,0.0,59430.21345454545,0.0
RP2040 unit 1,inter-unit,87,50,0.9,0.8,98cd6f61793d9d1864031a9323ee90fd4112e49d79e6eddd4caa0ffcc4d4ec9c,True,165298.332,0.0,48876.10329411764,0.0,59430.21345454545,0.0
RP2040 unit 1,inter-unit,87,50,0.9,0.85,98cd6f61793d9d1864031a9323ee90fd4112e49d79e6eddd4caa0ffcc4d4ec9c,True,165298.332,0.0,48876.10329411764,0.0,59430.21345454545,0.0
RP2040 unit 1,inter-unit,87,50,1.2,0.75,98cd6f61793d9d1864031a9323ee90fd4112e49d79e6eddd4caa0ffcc4d4ec9c,True,165298.332,0.0,48876.10329411764,0.0,59430.21345454545,0.0
RP2040 unit 1,inter-unit,87,50,1.2,0.8,98cd6f61793d9d1864031a9323ee90fd4112e49d79e6eddd4caa0ffcc4d4ec9c,True,165298.332,0.0,48876.10329411764,0.0,59430.21345454545,0.0
RP2040 unit 1,inter-unit,87,50,1.2,0.85,98cd6f61793d9d1864031a9323ee90fd4112e49d79e6eddd4caa0ffcc4d4ec9c,True,165298.332,0.0,48876.10329411764,0.0,59430.21345454545,0.0
RP2040 unit 1,inter-unit,87,50,1.5,0.75,98cd6f61793d9d1864031a9323ee90fd4112e49d79e6eddd4caa0ffcc4d4ec9c,True,165298.332,0.0,48876.10329411764,0.0,59430.21345454545,0.0
RP2040 unit 1,inter-unit,87,50,1.5,0.8,98cd6f61793d9d1864031a9323ee90fd4112e49d79e6eddd4caa0ffcc4d4ec9c,True,165298.332,0.0,48876.10329411764,0.0,59430.21345454545,0.0
RP2040 unit 1,inter-unit,87,50,1.5,0.85,98cd6f61793d9d1864031a9323ee90fd4112e49d79e6eddd4caa0ffcc4d4ec9c,True,165298.332,0.0,48876.10329411764,0.0,59430.21345454545,0.0
RP2040 unit 1,inter-unit,87,60,0.9,0.75,98cd6f61793d9d1864031a9323ee90fd4112e49d79e6eddd4caa0ffcc4d4ec9c,True,165298.332,0.0,48876.10329411764,0.0,59430.21345454545,0.0
RP2040 unit 1,inter-unit,87,60,0.9,0.8,98cd6f61793d9d1864031a9323ee90fd4112e49d79e6eddd4caa0ffcc4d4ec9c,True,165298.332,0.0,48876.10329411764,0.0,59430.21345454545,0.0
RP2040 unit 1,inter-unit,87,60,0.9,0.85,98cd6f61793d9d1864031a9323ee90fd4112e49d79e6eddd4caa0ffcc4d4ec9c,True,165298.332,0.0,48876.10329411764,0.0,59430.21345454545,0.0
RP2040 unit 1,inter-unit,87,60,1.2,0.75,98cd6f61793d9d1864031a9323ee90fd4112e49d79e6eddd4caa0ffcc4d4ec9c,True,165298.332,0.0,48876.10329411764,0.0,59430.21345454545,0.0
RP2040 unit 1,inter-unit,87,60,1.2,0.8,98cd6f61793d9d1864031a9323ee90fd4112e49d79e6eddd4caa0ffcc4d4ec9c,True,165298.332,0.0,48876.10329411764,0.0,59430.21345454545,0.0
RP2040 unit 1,inter-unit,87,60,1.2,0.85,98cd6f61793d9d1864031a9323ee90fd4112e49d79e6eddd4caa0ffcc4d4ec9c,True,165298.332,0.0,48876.10329411764,0.0,59430.21345454545,0.0
RP2040 unit 1,inter-unit,87,60,1.5,0.75,98cd6f61793d9d1864031a9323ee90fd4112e49d79e6eddd4caa0ffcc4d4ec9c,True,165298.332,0.0,48876.10329411764,0.0,59430.21345454545,0.0
RP2040 unit 1,inter-unit,87,60,1.5,0.8,98cd6f61793d9d1864031a9323ee90fd4112e49d79e6eddd4caa0ffcc4d4ec9c,True,165298.332,0.0,48876.10329411764,0.0,59430.21345454545,0.0
RP2040 unit 1,inter-unit,87,60,1.5,0.85,98cd6f61793d9d1864031a9323ee90fd4112e49d79e6eddd4caa0ffcc4d4ec9c,True,165298.332,0.0,48876.10329411764,0.0,59430.21345454545,0.0
RP2040 unit 2,inter-unit,87,40,0.9,0.75,d185375a5f4286e7e05dea9b82bffdcac090f8238b2cb806122adf1550f4fea5,True,165296.85820895524,0.0,48867.84705420266,0.0,59439.24705420266,0.0
RP2040 unit 2,inter-unit,87,40,0.9,0.8,d185375a5f4286e7e05dea9b82bffdcac090f8238b2cb806122adf1550f4fea5,True,165296.85820895524,0.0,48867.84705420266,0.0,59439.24705420266,0.0
RP2040 unit 2,inter-unit,87,40,0.9,0.85,d185375a5f4286e7e05dea9b82bffdcac090f8238b2cb806122adf1550f4fea5,True,165296.85820895524,0.0,48867.84705420266,0.0,59439.24705420266,0.0
RP2040 unit 2,inter-unit,87,40,1.2,0.75,d185375a5f4286e7e05dea9b82bffdcac090f8238b2cb806122adf1550f4fea5,True,165296.85820895524,0.0,48867.84705420266,0.0,59439.24705420266,0.0
RP2040 unit 2,inter-unit,87,40,1.2,0.8,d185375a5f4286e7e05dea9b82bffdcac090f8238b2cb806122adf1550f4fea5,True,165296.85820895524,0.0,48867.84705420266,0.0,59439.24705420266,0.0
RP2040 unit 2,inter-unit,87,40,1.2,0.85,d185375a5f4286e7e05dea9b82bffdcac090f8238b2cb806122adf1550f4fea5,True,165296.85820895524,0.0,48867.84705420266,0.0,59439.24705420266,0.0
RP2040 unit 2,inter-unit,87,40,1.5,0.75,d185375a5f4286e7e05dea9b82bffdcac090f8238b2cb806122adf1550f4fea5,True,165296.85820895524,0.0,48867.84705420266,0.0,59439.24705420266,0.0
RP2040 unit 2,inter-unit,87,40,1.5,0.8,d185375a5f4286e7e05dea9b82bffdcac090f8238b2cb806122adf1550f4fea5,True,165296.85820895524,0.0,48867.84705420266,0.0,59439.24705420266,0.0
RP2040 unit 2,inter-unit,87,40,1.5,0.85,d185375a5f4286e7e05dea9b82bffdcac090f8238b2cb806122adf1550f4fea5,True,165296.85820895524,0.0,48867.84705420266,0.0,59439.24705420266,0.0
RP2040 unit 2,inter-unit,87,50,0.9,0.75,d185375a5f4286e7e05dea9b82bffdcac090f8238b2cb806122adf1550f4fea5,True,165296.85820895524,0.0,48867.84705420266,0.0,59439.24705420266,0.0
RP2040 unit 2,inter-unit,87,50,0.9,0.8,d185375a5f4286e7e05dea9b82bffdcac090f8238b2cb806122adf1550f4fea5,True,165296.85820895524,0.0,48867.84705420266,0.0,59439.24705420266,0.0
RP2040 unit 2,inter-unit,87,50,0.9,0.85,d185375a5f4286e7e05dea9b82bffdcac090f8238b2cb806122adf1550f4fea5,True,165296.85820895524,0.0,48867.84705420266,0.0,59439.24705420266,0.0
RP2040 unit 2,inter-unit,87,50,1.2,0.75,d185375a5f4286e7e05dea9b82bffdcac090f8238b2cb806122adf1550f4fea5,True,165296.85820895524,0.0,48867.84705420266,0.0,59439.24705420266,0.0
RP2040 unit 2,inter-unit,87,50,1.2,0.8,d185375a5f4286e7e05dea9b82bffdcac090f8238b2cb806122adf1550f4fea5,True,165296.85820895524,0.0,48867.84705420266,0.0,59439.24705420266,0.0
RP2040 unit 2,inter-unit,87,50,1.2,0.85,d185375a5f4286e7e05dea9b82bffdcac090f8238b2cb806122adf1550f4fea5,True,165296.85820895524,0.0,48867.84705420266,0.0,59439.24705420266,0.0
RP2040 unit 2,inter-unit,87,50,1.5,0.75,d185375a5f4286e7e05dea9b82bffdcac090f8238b2cb806122adf1550f4fea5,True,165296.85820895524,0.0,48867.84705420266,0.0,59439.24705420266,0.0
RP2040 unit 2,inter-unit,87,50,1.5,0.8,d185375a5f4286e7e05dea9b82bffdcac090f8238b2cb806122adf1550f4fea5,True,165296.85820895524,0.0,48867.84705420266,0.0,59439.24705420266,0.0
RP2040 unit 2,inter-unit,87,50,1.5,0.85,d185375a5f4286e7e05dea9b82bffdcac090f8238b2cb806122adf1550f4fea5,True,165296.85820895524,0.0,48867.84705420266,0.0,59439.24705420266,0.0
RP2040 unit 2,inter-unit,87,60,0.9,0.75,d185375a5f4286e7e05dea9b82bffdcac090f8238b2cb806122adf1550f4fea5,True,165296.85820895524,0.0,48867.84705420266,0.0,59439.24705420266,0.0
RP2040 unit 2,inter-unit,87,60,0.9,0.8,d185375a5f4286e7e05dea9b82bffdcac090f8238b2cb806122adf1550f4fea5,True,165296.85820895524,0.0,48867.84705420266,0.0,59439.24705420266,0.0
RP2040 unit 2,inter-unit,87,60,0.9,0.85,d185375a5f4286e7e05dea9b82bffdcac090f8238b2cb806122adf1550f4fea5,True,165296.85820895524,0.0,48867.84705420266,0.0,59439.24705420266,0.0
RP2040 unit 2,inter-unit,87,60,1.2,0.75,d185375a5f4286e7e05dea9b82bffdcac090f8238b2cb806122adf1550f4fea5,True,165296.85820895524,0.0,48867.84705420266,0.0,59439.24705420266,0.0
RP2040 unit 2,inter-unit,87,60,1.2,0.8,d185375a5f4286e7e05dea9b82bffdcac090f8238b2cb806122adf1550f4fea5,True,165296.85820895524,0.0,48867.84705420266,0.0,59439.24705420266,0.0
RP2040 unit 2,inter-unit,87,60,1.2,0.85,d185375a5f4286e7e05dea9b82bffdcac090f8238b2cb806122adf1550f4fea5,True,165296.85820895524,0.0,48867.84705420266,0.0,59439.24705420266,0.0
RP2040 unit 2,inter-unit,87,60,1.5,0.75,d185375a5f4286e7e05dea9b82bffdcac090f8238b2cb806122adf1550f4fea5,True,165296.85820895524,0.0,48867.84705420266,0.0,59439.24705420266,0.0
RP2040 unit 2,inter-unit,87,60,1.5,0.8,d185375a5f4286e7e05dea9b82bffdcac090f8238b2cb806122adf1550f4fea5,True,165296.85820895524,0.0,48867.84705420266,0.0,59439.24705420266,0.0
RP2040 unit 2,inter-unit,87,60,1.5,0.85,d185375a5f4286e7e05dea9b82bffdcac090f8238b2cb806122adf1550f4fea5,True,165296.85820895524,0.0,48867.84705420266,0.0,59439.24705420266,0.0
