algorithm,operation,security_level,time_us,run_number
ML-DSA,sign,44,124167,1
ML-DSA,sign,44,68842,2
ML-DSA,sign,44,68797,3
ML-DSA,sign,44,124125,4
ML-DSA,sign,44,174087,5
ML-DSA,sign,44,93802,6
ML-DSA,sign,44,99084,7
ML-DSA,sign,44,259830,8
ML-DSA,sign,44,204343,9
ML-DSA,sign,44,124146,10
ML-DSA,sign,44,68771,11
ML-DSA,sign,44,129383,12
ML-DSA,sign,44,199181,13
ML-DSA,sign,44,68796,14
ML-DSA,sign,44,174154,15
ML-DSA,sign,44,68797,16
ML-DSA,sign,44,254438,17
ML-DSA,sign,44,68782,18
ML-DSA,sign,44,68789,19
ML-DSA,sign,44,143903,20
ML-DSA,sign,44,304435,21
ML-DSA,sign,44,93786,22
ML-DSA,sign,44,99131,23
ML-DSA,sign,44,154439,24
ML-DSA,sign,44,93861,25
ML-DSA,sign,44,99121,26
ML-DSA,sign,44,68786,27
ML-DSA,sign,44,68805,28
ML-DSA,sign,44,179375,29
ML-DSA,sign,44,259564,30
ML-DSA,sign,44,68791,31
ML-DSA,sign,44,99107,32
ML-DSA,sign,44,143836,33
ML-DSA,sign,44,179364,34
ML-DSA,sign,44,93847,35
ML-DSA,sign,44,93860,36
ML-DSA,sign,44,143848,37
ML-DSA,sign,44,273972,38
ML-DSA,sign,44,68779,39
ML-DSA,sign,44,68781,40
ML-DSA,sign,44,93848,41
ML-DSA,sign,44,68809,42
ML-DSA,sign,44,99098,43
ML-DSA,sign,44,479488,44
ML-DSA,sign,44,179463,45
ML-DSA,sign,44,93783,46
ML-DSA,sign,44,68802,47
ML-DSA,sign,44,154418,48
ML-DSA,sign,44,143731,49
ML-DSA,sign,44,99105,50
ML-DSA,sign,44,259810,51
ML-DSA,sign,44,68805,52
ML-DSA,sign,44,99097,53
ML-DSA,sign,44,149125,54
ML-DSA,sign,44,68780,55
ML-DSA,sign,44,199090,56
ML-DSA,sign,44,204429,57
ML-DSA,sign,44,68789,58
ML-DSA,sign,44,99141,59
ML-DSA,sign,44,93838,60
ML-DSA,sign,44,179312,61
ML-DSA,sign,44,324160,62
ML-DSA,sign,44,254385,63
ML-DSA,sign,44,179372,64
ML-DSA,sign,44,99123,65
ML-DSA,sign,44,209646,66
ML-DSA,sign,44,450514,67
ML-DSA,sign,44,99048,68
ML-DSA,sign,44,143827,69
ML-DSA,sign,44,68799,70
ML-DSA,sign,44,224059,71
ML-DSA,sign,44,184667,72
ML-DSA,sign,44,304415,73
ML-DSA,sign,44,99125,74
ML-DSA,sign,44,199051,75
ML-DSA,sign,44,398892,76
ML-DSA,sign,44,370200,77
ML-DSA,sign,44,68801,78
ML-DSA,sign,44,93822,79
ML-DSA,sign,44,68824,80
ML-DSA,sign,44,118763,81
ML-DSA,sign,44,99071,82
ML-DSA,sign,44,68823,83
ML-DSA,sign,44,118802,84
ML-DSA,sign,44,68807,85
ML-DSA,sign,44,380892,86
ML-DSA,sign,44,254343,87
ML-DSA,sign,44,174125,88
ML-DSA,sign,44,68805,89
ML-DSA,sign,44,93869,90
ML-DSA,sign,44,534739,91
ML-DSA,sign,44,68783,92
ML-DSA,sign,44,118834,93
ML-DSA,sign,44,204367,94
ML-DSA,sign,44,68795,95
ML-DSA,sign,44,118854,96
ML-DSA,sign,44,99097,97
ML-DSA,sign,44,124099,98
ML-DSA,sign,44,154399,99
ML-DSA,sign,44,149068,100
ML-DSA,sign,44,179455,101
ML-DSA,sign,44,149142,102
ML-DSA,sign,44,239992,103
ML-DSA,sign,44,124097,104
ML-DSA,sign,44,174149,105
ML-DSA,sign,44,124065,106
ML-DSA,sign,44,149074,107
ML-DSA,sign,44,99122,108
ML-DSA,sign,44,68820,109
ML-DSA,sign,44,289985,110
ML-DSA,sign,44,209798,111
ML-DSA,sign,44,99088,112
ML-DSA,sign,44,345351,113
ML-DSA,sign,44,68825,114
ML-DSA,sign,44,149068,115
ML-DSA,sign,44,149130,116
ML-DSA,sign,44,129341,117
ML-DSA,sign,44,204404,118
ML-DSA,sign,44,254314,119
ML-DSA,sign,44,179338,120
ML-DSA,sign,44,204323,121
ML-DSA,sign,44,118828,122
ML-DSA,sign,44,99097,123
ML-DSA,sign,44,149130,124
ML-DSA,sign,44,249232,125
ML-DSA,sign,44,68789,126
ML-DSA,sign,44,93801,127
ML-DSA,sign,44,68807,128
ML-DSA,sign,44,68793,129
ML-DSA,sign,44,143873,130
ML-DSA,sign,44,199116,131
ML-DSA,sign,44,174184,132
ML-DSA,sign,44,334768,133
ML-DSA,sign,44,68798,134
ML-DSA,sign,44,174136,135
ML-DSA,sign,44,93799,136
ML-DSA,sign,44,68788,137
ML-DSA,sign,44,118882,138
ML-DSA,sign,44,149254,139
ML-DSA,sign,44,68778,140
ML-DSA,sign,44,68792,141
ML-DSA,sign,44,425538,142
ML-DSA,sign,44,143752,143
ML-DSA,sign,44,68800,144
ML-DSA,sign,44,129446,145
ML-DSA,sign,44,68784,146
ML-DSA,sign,44,99114,147
ML-DSA,sign,44,309782,148
ML-DSA,sign,44,93865,149
ML-DSA,sign,44,320307,150
ML-DSA,sign,44,118848,151
ML-DSA,sign,44,143780,152
ML-DSA,sign,44,254345,153
ML-DSA,sign,44,68766,154
ML-DSA,sign,44,149129,155
ML-DSA,sign,44,124166,156
ML-DSA,sign,44,93850,157
ML-DSA,sign,44,270347,158
ML-DSA,sign,44,143811,159
ML-DSA,sign,44,295340,160
ML-DSA,sign,44,118820,161
ML-DSA,sign,44,68790,162
ML-DSA,sign,44,295385,163
ML-DSA,sign,44,174080,164
ML-DSA,sign,44,68795,165
ML-DSA,sign,44,124132,166
ML-DSA,sign,44,93795,167
ML-DSA,sign,44,320267,168
ML-DSA,sign,44,99121,169
ML-DSA,sign,44,99129,170
ML-DSA,sign,44,93802,171
ML-DSA,sign,44,93818,172
ML-DSA,sign,44,229449,173
ML-DSA,sign,44,68793,174
ML-DSA,sign,44,149079,175
ML-DSA,sign,44,68783,176
ML-DSA,sign,44,289992,177
ML-DSA,sign,44,118883,178
ML-DSA,sign,44,68748,179
ML-DSA,sign,44,68811,180
ML-DSA,sign,44,68797,181
ML-DSA,sign,44,199097,182
ML-DSA,sign,44,168792,183
ML-DSA,sign,44,68810,184
ML-DSA,sign,44,550549,185
ML-DSA,sign,44,580515,186
ML-DSA,sign,44,279373,187
ML-DSA,sign,44,475523,188
ML-DSA,sign,44,389951,189
ML-DSA,sign,44,99093,190
ML-DSA,sign,44,149078,191
ML-DSA,sign,44,68774,192
ML-DSA,sign,44,330898,193
ML-DSA,sign,44,118840,194
ML-DSA,sign,44,174076,195
ML-DSA,sign,44,124175,196
ML-DSA,sign,44,99102,197
ML-DSA,sign,44,68790,198
ML-DSA,sign,44,229409,199
ML-DSA,sign,44,299207,200
ML-DSA,sign,44,93883,201
ML-DSA,sign,44,330764,202
ML-DSA,sign,44,93870,203
ML-DSA,sign,44,204458,204
ML-DSA,sign,44,68784,205
ML-DSA,sign,44,284491,206
ML-DSA,sign,44,174071,207
ML-DSA,sign,44,184689,208
ML-DSA,sign,44,289967,209
ML-DSA,sign,44,184742,210
ML-DSA,sign,44,99165,211
ML-DSA,sign,44,124132,212
ML-DSA,sign,44,279411,213
ML-DSA,sign,44,124116,214
ML-DSA,sign,44,99090,215
ML-DSA,sign,44,68792,216
ML-DSA,sign,44,199143,217
ML-DSA,sign,44,68791,218
ML-DSA,sign,44,209723,219
ML-DSA,sign,44,309897,220
ML-DSA,sign,44,93823,221
ML-DSA,sign,44,68752,222
ML-DSA,sign,44,118788,223
ML-DSA,sign,44,118812,224
ML-DSA,sign,44,243769,225
ML-DSA,sign,44,99153,226
ML-DSA,sign,44,284765,227
ML-DSA,sign,44,124108,228
ML-DSA,sign,44,179512,229
ML-DSA,sign,44,68829,230
ML-DSA,sign,44,68810,231
ML-DSA,sign,44,68806,232
ML-DSA,sign,44,300570,233
ML-DSA,sign,44,304508,234
ML-DSA,sign,44,93866,235
ML-DSA,sign,44,93809,236
ML-DSA,sign,44,199131,237
ML-DSA,sign,44,99130,238
ML-DSA,sign,44,154395,239
ML-DSA,sign,44,68783,240
ML-DSA,sign,44,68801,241
ML-DSA,sign,44,174140,242
ML-DSA,sign,44,345151,243
ML-DSA,sign,44,439771,244
ML-DSA,sign,44,68794,245
ML-DSA,sign,44,289855,246
ML-DSA,sign,44,154497,247
ML-DSA,sign,44,304449,248
ML-DSA,sign,44,129348,249
ML-DSA,sign,44,299115,250
ML-DSA,sign,44,174104,251
ML-DSA,sign,44,124056,252
ML-DSA,sign,44,68792,253
ML-DSA,sign,44,154397,254
ML-DSA,sign,44,129360,255
ML-DSA,sign,44,99177,256
ML-DSA,sign,44,224061,257
ML-DSA,sign,44,143789,258
ML-DSA,sign,44,474003,259
ML-DSA,sign,44,68795,260
ML-DSA,sign,44,259767,261
ML-DSA,sign,44,340067,262
ML-DSA,sign,44,93803,263
ML-DSA,sign,44,143845,264
ML-DSA,sign,44,264984,265
ML-DSA,sign,44,68822,266
ML-DSA,sign,44,174061,267
ML-DSA,sign,44,304384,268
ML-DSA,sign,44,259816,269
ML-DSA,sign,44,149124,270
ML-DSA,sign,44,68808,271
ML-DSA,sign,44,199176,272
ML-DSA,sign,44,124169,273
ML-DSA,sign,44,179348,274
ML-DSA,sign,44,254380,275
ML-DSA,sign,44,124118,276
ML-DSA,sign,44,124059,277
ML-DSA,sign,44,154334,278
ML-DSA,sign,44,68785,279
ML-DSA,sign,44,124077,280
ML-DSA,sign,44,68773,281
ML-DSA,sign,44,174151,282
ML-DSA,sign,44,68787,283
ML-DSA,sign,44,395255,284
ML-DSA,sign,44,149173,285
ML-DSA,sign,44,414949,286
ML-DSA,sign,44,68785,287
ML-DSA,sign,44,118819,288
ML-DSA,sign,44,199164,289
ML-DSA,sign,44,99166,290
ML-DSA,sign,44,179413,291
ML-DSA,sign,44,254353,292
ML-DSA,sign,44,218851,293
ML-DSA,sign,44,118739,294
ML-DSA,sign,44,274038,295
ML-DSA,sign,44,118820,296
ML-DSA,sign,44,68772,297
ML-DSA,sign,44,68805,298
ML-DSA,sign,44,174145,299
ML-DSA,sign,44,315229,300
ML-DSA,sign,44,93777,301
ML-DSA,sign,44,68816,302
ML-DSA,sign,44,99110,303
ML-DSA,sign,44,68800,304
ML-DSA,sign,44,68791,305
ML-DSA,sign,44,68805,306
ML-DSA,sign,44,68788,307
ML-DSA,sign,44,68820,308
ML-DSA,sign,44,279521,309
ML-DSA,sign,44,124206,310
ML-DSA,sign,44,68767,311
ML-DSA,sign,44,149198,312
ML-DSA,sign,44,118916,313
ML-DSA,sign,44,249108,314
ML-DSA,sign,44,93807,315
ML-DSA,sign,44,68803,316
ML-DSA,sign,44,93787,317
ML-DSA,sign,44,99108,318
ML-DSA,sign,44,93828,319
ML-DSA,sign,44,68791,320
ML-DSA,sign,44,259668,321
ML-DSA,sign,44,68801,322
ML-DSA,sign,44,99119,323
ML-DSA,sign,44,234667,324
ML-DSA,sign,44,93775,325
ML-DSA,sign,44,93800,326
ML-DSA,sign,44,68801,327
ML-DSA,sign,44,445161,328
ML-DSA,sign,44,93861,329
ML-DSA,sign,44,93819,330
ML-DSA,sign,44,149163,331
ML-DSA,sign,44,149077,332
ML-DSA,sign,44,179374,333
ML-DSA,sign,44,591302,334
ML-DSA,sign,44,400551,335
ML-DSA,sign,44,93855,336
ML-DSA,sign,44,536102,337
ML-DSA,sign,44,68791,338
ML-DSA,sign,44,143920,339
ML-DSA,sign,44,68786,340
ML-DSA,sign,44,68811,341
ML-DSA,sign,44,68794,342
ML-DSA,sign,44,118794,343
ML-DSA,sign,44,68777,344
ML-DSA,sign,44,359476,345
ML-DSA,sign,44,430673,346
ML-DSA,sign,44,249033,347
ML-DSA,sign,44,184641,348
ML-DSA,sign,44,118820,349
ML-DSA,sign,44,124146,350
ML-DSA,sign,44,174106,351
ML-DSA,sign,44,68778,352
ML-DSA,sign,44,99094,353
ML-DSA,sign,44,118873,354
ML-DSA,sign,44,68820,355
ML-DSA,sign,44,234663,356
ML-DSA,sign,44,229362,357
ML-DSA,sign,44,93871,358
ML-DSA,sign,44,118903,359
ML-DSA,sign,44,179440,360
ML-DSA,sign,44,124063,361
ML-DSA,sign,44,68802,362
ML-DSA,sign,44,93785,363
ML-DSA,sign,44,149112,364
ML-DSA,sign,44,124111,365
ML-DSA,sign,44,68784,366
ML-DSA,sign,44,99077,367
ML-DSA,sign,44,350518,368
ML-DSA,sign,44,300443,369
ML-DSA,sign,44,234721,370
ML-DSA,sign,44,234632,371
ML-DSA,sign,44,193779,372
ML-DSA,sign,44,154392,373
ML-DSA,sign,44,224065,374
ML-DSA,sign,44,279495,375
ML-DSA,sign,44,149139,376
ML-DSA,sign,44,68795,377
ML-DSA,sign,44,99092,378
ML-DSA,sign,44,149127,379
ML-DSA,sign,44,93824,380
ML-DSA,sign,44,68803,381
ML-DSA,sign,44,93858,382
ML-DSA,sign,44,199016,383
ML-DSA,sign,44,118748,384
ML-DSA,sign,44,124106,385
ML-DSA,sign,44,320277,386
ML-DSA,sign,44,174185,387
ML-DSA,sign,44,129446,388
ML-DSA,sign,44,289966,389
ML-DSA,sign,44,68800,390
ML-DSA,sign,44,143764,391
ML-DSA,sign,44,118842,392
ML-DSA,sign,44,93803,393
ML-DSA,sign,44,68795,394
ML-DSA,sign,44,118800,395
ML-DSA,sign,44,154393,396
ML-DSA,sign,44,154465,397
ML-DSA,sign,44,124128,398
ML-DSA,sign,44,93826,399
ML-DSA,sign,44,229361,400
ML-DSA,sign,44,68800,401
ML-DSA,sign,44,204409,402
ML-DSA,sign,44,199046,403
ML-DSA,sign,44,295554,404
ML-DSA,sign,44,68809,405
ML-DSA,sign,44,118850,406
ML-DSA,sign,44,184641,407
ML-DSA,sign,44,290045,408
ML-DSA,sign,44,93825,409
ML-DSA,sign,44,229318,410
ML-DSA,sign,44,204505,411
ML-DSA,sign,44,174142,412
ML-DSA,sign,44,118816,413
ML-DSA,sign,44,545161,414
ML-DSA,sign,44,124176,415
ML-DSA,sign,44,209624,416
ML-DSA,sign,44,315136,417
ML-DSA,sign,44,124119,418
ML-DSA,sign,44,143860,419
ML-DSA,sign,44,304737,420
ML-DSA,sign,44,68785,421
ML-DSA,sign,44,68787,422
ML-DSA,sign,44,143823,423
ML-DSA,sign,44,68766,424
ML-DSA,sign,44,199044,425
ML-DSA,sign,44,365081,426
ML-DSA,sign,44,154369,427
ML-DSA,sign,44,68819,428
ML-DSA,sign,44,118798,429
ML-DSA,sign,44,204361,430
ML-DSA,sign,44,309557,431
ML-DSA,sign,44,395186,432
ML-DSA,sign,44,149159,433
ML-DSA,sign,44,68791,434
ML-DSA,sign,44,68833,435
ML-DSA,sign,44,279377,436
ML-DSA,sign,44,149130,437
ML-DSA,sign,44,149163,438
ML-DSA,sign,44,154413,439
ML-DSA,sign,44,174098,440
ML-DSA,sign,44,234673,441
ML-DSA,sign,44,68780,442
ML-DSA,sign,44,284654,443
ML-DSA,sign,44,68791,444
ML-DSA,sign,44,68771,445
ML-DSA,sign,44,199211,446
ML-DSA,sign,44,204536,447
ML-DSA,sign,44,93827,448
ML-DSA,sign,44,520174,449
ML-DSA,sign,44,68796,450
ML-DSA,sign,44,154400,451
ML-DSA,sign,44,259677,452
ML-DSA,sign,44,93785,453
ML-DSA,sign,44,179420,454
ML-DSA,sign,44,229348,455
ML-DSA,sign,44,68781,456
ML-DSA,sign,44,184712,457
ML-DSA,sign,44,68798,458
ML-DSA,sign,44,68798,459
ML-DSA,sign,44,204422,460
ML-DSA,sign,44,274118,461
ML-DSA,sign,44,68799,462
ML-DSA,sign,44,68787,463
ML-DSA,sign,44,124184,464
ML-DSA,sign,44,149131,465
ML-DSA,sign,44,99075,466
ML-DSA,sign,44,68815,467
ML-DSA,sign,44,68798,468
ML-DSA,sign,44,174082,469
ML-DSA,sign,44,254450,470
ML-DSA,sign,44,118807,471
ML-DSA,sign,44,93828,472
ML-DSA,sign,44,218875,473
ML-DSA,sign,44,68794,474
ML-DSA,sign,44,68783,475
ML-DSA,sign,44,99118,476
ML-DSA,sign,44,124123,477
ML-DSA,sign,44,265044,478
ML-DSA,sign,44,224136,479
ML-DSA,sign,44,173950,480
ML-DSA,sign,44,68778,481
ML-DSA,sign,44,99102,482
ML-DSA,sign,44,124125,483
ML-DSA,sign,44,68798,484
ML-DSA,sign,44,239972,485
ML-DSA,sign,44,68774,486
ML-DSA,sign,44,129414,487
ML-DSA,sign,44,143830,488
ML-DSA,sign,44,68776,489
ML-DSA,sign,44,149111,490
ML-DSA,sign,44,370346,491
ML-DSA,sign,44,118787,492
ML-DSA,sign,44,99133,493
ML-DSA,sign,44,124150,494
ML-DSA,sign,44,68796,495
ML-DSA,sign,44,118799,496
ML-DSA,sign,44,345237,497
ML-DSA,sign,44,99108,498
ML-DSA,sign,44,400678,499
ML-DSA,sign,44,315255,500
ML-DSA,sign,44,124056,501
ML-DSA,sign,44,124091,502
ML-DSA,sign,44,68795,503
ML-DSA,sign,44,179396,504
ML-DSA,sign,44,174127,505
ML-DSA,sign,44,124098,506
ML-DSA,sign,44,68819,507
ML-DSA,sign,44,415012,508
ML-DSA,sign,44,149053,509
ML-DSA,sign,44,68793,510
ML-DSA,sign,44,68805,511
ML-DSA,sign,44,284840,512
ML-DSA,sign,44,229443,513
ML-DSA,sign,44,229452,514
ML-DSA,sign,44,68784,515
ML-DSA,sign,44,124097,516
ML-DSA,sign,44,370214,517
ML-DSA,sign,44,149230,518
ML-DSA,sign,44,68792,519
ML-DSA,sign,44,93835,520
ML-DSA,sign,44,118808,521
ML-DSA,sign,44,68796,522
ML-DSA,sign,44,143837,523
ML-DSA,sign,44,99146,524
ML-DSA,sign,44,124066,525
ML-DSA,sign,44,179346,526
ML-DSA,sign,44,93901,527
ML-DSA,sign,44,179416,528
ML-DSA,sign,44,93775,529
ML-DSA,sign,44,265023,530
ML-DSA,sign,44,143811,531
ML-DSA,sign,44,68808,532
ML-DSA,sign,44,179402,533
ML-DSA,sign,44,68811,534
ML-DSA,sign,44,99161,535
ML-DSA,sign,44,300611,536
ML-DSA,sign,44,129324,537
ML-DSA,sign,44,68791,538
ML-DSA,sign,44,93876,539
ML-DSA,sign,44,264976,540
ML-DSA,sign,44,68756,541
ML-DSA,sign,44,124141,542
ML-DSA,sign,44,129428,543
ML-DSA,sign,44,118941,544
ML-DSA,sign,44,289851,545
ML-DSA,sign,44,93776,546
ML-DSA,sign,44,239996,547
ML-DSA,sign,44,229401,548
ML-DSA,sign,44,240053,549
ML-DSA,sign,44,229357,550
ML-DSA,sign,44,259732,551
ML-DSA,sign,44,184566,552
ML-DSA,sign,44,68800,553
ML-DSA,sign,44,99157,554
ML-DSA,sign,44,284736,555
ML-DSA,sign,44,179490,556
ML-DSA,sign,44,179388,557
ML-DSA,sign,44,93806,558
ML-DSA,sign,44,68791,559
ML-DSA,sign,44,129415,560
ML-DSA,sign,44,315072,561
ML-DSA,sign,44,99083,562
ML-DSA,sign,44,68783,563
ML-DSA,sign,44,68817,564
ML-DSA,sign,44,204403,565
ML-DSA,sign,44,124125,566
ML-DSA,sign,44,93878,567
ML-DSA,sign,44,174028,568
ML-DSA,sign,44,174153,569
ML-DSA,sign,44,68805,570
ML-DSA,sign,44,68794,571
ML-DSA,sign,44,93788,572
ML-DSA,sign,44,124108,573
ML-DSA,sign,44,93789,574
ML-DSA,sign,44,124090,575
ML-DSA,sign,44,68798,576
ML-DSA,sign,44,93778,577
ML-DSA,sign,44,149093,578
ML-DSA,sign,44,99128,579
ML-DSA,sign,44,93763,580
ML-DSA,sign,44,68826,581
ML-DSA,sign,44,124087,582
ML-DSA,sign,44,209844,583
ML-DSA,sign,44,93848,584
ML-DSA,sign,44,118784,585
ML-DSA,sign,44,154450,586
ML-DSA,sign,44,154410,587
ML-DSA,sign,44,149192,588
ML-DSA,sign,44,68796,589
ML-DSA,sign,44,143846,590
ML-DSA,sign,44,124137,591
ML-DSA,sign,44,204334,592
ML-DSA,sign,44,99132,593
ML-DSA,sign,44,68791,594
ML-DSA,sign,44,425394,595
ML-DSA,sign,44,93809,596
ML-DSA,sign,44,93832,597
ML-DSA,sign,44,259571,598
ML-DSA,sign,44,93787,599
ML-DSA,sign,44,68788,600
ML-DSA,sign,44,93857,601
ML-DSA,sign,44,68788,602
ML-DSA,sign,44,68790,603
ML-DSA,sign,44,143843,604
ML-DSA,sign,44,179426,605
ML-DSA,sign,44,99172,606
ML-DSA,sign,44,495323,607
ML-DSA,sign,44,118830,608
ML-DSA,sign,44,124138,609
ML-DSA,sign,44,118897,610
ML-DSA,sign,44,304414,611
ML-DSA,sign,44,209689,612
ML-DSA,sign,44,68791,613
ML-DSA,sign,44,93810,614
ML-DSA,sign,44,124102,615
ML-DSA,sign,44,320203,616
ML-DSA,sign,44,118776,617
ML-DSA,sign,44,124106,618
ML-DSA,sign,44,279148,619
ML-DSA,sign,44,229306,620
ML-DSA,sign,44,68785,621
ML-DSA,sign,44,68791,622
ML-DSA,sign,44,68772,623
ML-DSA,sign,44,174242,624
ML-DSA,sign,44,68797,625
ML-DSA,sign,44,68785,626
ML-DSA,sign,44,93778,627
ML-DSA,sign,44,245187,628
ML-DSA,sign,44,68789,629
ML-DSA,sign,44,118799,630
ML-DSA,sign,44,290101,631
ML-DSA,sign,44,204248,632
ML-DSA,sign,44,204418,633
ML-DSA,sign,44,99154,634
ML-DSA,sign,44,129407,635
ML-DSA,sign,44,93788,636
ML-DSA,sign,44,325378,637
ML-DSA,sign,44,93860,638
ML-DSA,sign,44,179419,639
ML-DSA,sign,44,154457,640
ML-DSA,sign,44,99101,641
ML-DSA,sign,44,68796,642
ML-DSA,sign,44,159747,643
ML-DSA,sign,44,68789,644
ML-DSA,sign,44,68814,645
ML-DSA,sign,44,199111,646
ML-DSA,sign,44,118766,647
ML-DSA,sign,44,68809,648
ML-DSA,sign,44,215050,649
ML-DSA,sign,44,143892,650
ML-DSA,sign,44,179412,651
ML-DSA,sign,44,199053,652
ML-DSA,sign,44,93788,653
ML-DSA,sign,44,93848,654
ML-DSA,sign,44,199137,655
ML-DSA,sign,44,234595,656
ML-DSA,sign,44,68774,657
ML-DSA,sign,44,68786,658
ML-DSA,sign,44,99083,659
ML-DSA,sign,44,68805,660
ML-DSA,sign,44,279387,661
ML-DSA,sign,44,174110,662
ML-DSA,sign,44,149120,663
ML-DSA,sign,44,124052,664
ML-DSA,sign,44,118905,665
ML-DSA,sign,44,118853,666
ML-DSA,sign,44,364820,667
ML-DSA,sign,44,68799,668
ML-DSA,sign,44,118856,669
ML-DSA,sign,44,68790,670
ML-DSA,sign,44,124120,671
ML-DSA,sign,44,68802,672
ML-DSA,sign,44,68824,673
ML-DSA,sign,44,93774,674
ML-DSA,sign,44,129441,675
ML-DSA,sign,44,234787,676
ML-DSA,sign,44,99062,677
ML-DSA,sign,44,68793,678
ML-DSA,sign,44,93837,679
ML-DSA,sign,44,245392,680
ML-DSA,sign,44,204343,681
ML-DSA,sign,44,184743,682
ML-DSA,sign,44,240024,683
ML-DSA,sign,44,68809,684
ML-DSA,sign,44,199173,685
ML-DSA,sign,44,93792,686
ML-DSA,sign,44,124033,687
ML-DSA,sign,44,68792,688
ML-DSA,sign,44,93792,689
ML-DSA,sign,44,395562,690
ML-DSA,sign,44,143865,691
ML-DSA,sign,44,279430,692
ML-DSA,sign,44,93872,693
ML-DSA,sign,44,68790,694
ML-DSA,sign,44,99124,695
ML-DSA,sign,44,354451,696
ML-DSA,sign,44,214956,697
ML-DSA,sign,44,325366,698
ML-DSA,sign,44,229415,699
ML-DSA,sign,44,68793,700
ML-DSA,sign,44,240056,701
ML-DSA,sign,44,118887,702
ML-DSA,sign,44,99128,703
ML-DSA,sign,44,68799,704
ML-DSA,sign,44,149202,705
ML-DSA,sign,44,124069,706
ML-DSA,sign,44,174096,707
ML-DSA,sign,44,124118,708
ML-DSA,sign,44,68793,709
ML-DSA,sign,44,118861,710
ML-DSA,sign,44,93761,711
ML-DSA,sign,44,184776,712
ML-DSA,sign,44,193927,713
ML-DSA,sign,44,93861,714
ML-DSA,sign,44,229384,715
ML-DSA,sign,44,93780,716
ML-DSA,sign,44,315044,717
ML-DSA,sign,44,124078,718
ML-DSA,sign,44,124179,719
ML-DSA,sign,44,93793,720
ML-DSA,sign,44,118895,721
ML-DSA,sign,44,309719,722
ML-DSA,sign,44,68789,723
ML-DSA,sign,44,68783,724
ML-DSA,sign,44,93784,725
ML-DSA,sign,44,118814,726
ML-DSA,sign,44,68797,727
ML-DSA,sign,44,224134,728
ML-DSA,sign,44,93830,729
ML-DSA,sign,44,184698,730
ML-DSA,sign,44,179442,731
ML-DSA,sign,44,93838,732
ML-DSA,sign,44,99092,733
ML-DSA,sign,44,154362,734
ML-DSA,sign,44,118874,735
ML-DSA,sign,44,159625,736
ML-DSA,sign,44,93793,737
ML-DSA,sign,44,93858,738
ML-DSA,sign,44,174007,739
ML-DSA,sign,44,99108,740
ML-DSA,sign,44,99074,741
ML-DSA,sign,44,159710,742
ML-DSA,sign,44,314922,743
ML-DSA,sign,44,315019,744
ML-DSA,sign,44,199027,745
ML-DSA,sign,44,229433,746
ML-DSA,sign,44,143874,747
ML-DSA,sign,44,605979,748
ML-DSA,sign,44,143893,749
ML-DSA,sign,44,124034,750
ML-DSA,sign,44,68785,751
ML-DSA,sign,44,124116,752
ML-DSA,sign,44,68792,753
ML-DSA,sign,44,259628,754
ML-DSA,sign,44,68821,755
ML-DSA,sign,44,218789,756
ML-DSA,sign,44,99114,757
ML-DSA,sign,44,284774,758
ML-DSA,sign,44,124151,759
ML-DSA,sign,44,68791,760
ML-DSA,sign,44,289900,761
ML-DSA,sign,44,68794,762
ML-DSA,sign,44,124052,763
ML-DSA,sign,44,179399,764
ML-DSA,sign,44,93793,765
ML-DSA,sign,44,168883,766
ML-DSA,sign,44,149167,767
ML-DSA,sign,44,124048,768
ML-DSA,sign,44,93825,769
ML-DSA,sign,44,68802,770
ML-DSA,sign,44,309530,771
ML-DSA,sign,44,68783,772
ML-DSA,sign,44,93852,773
ML-DSA,sign,44,289996,774
ML-DSA,sign,44,99136,775
ML-DSA,sign,44,340128,776
ML-DSA,sign,44,329375,777
ML-DSA,sign,44,289901,778
ML-DSA,sign,44,395369,779
ML-DSA,sign,44,143850,780
ML-DSA,sign,44,68788,781
ML-DSA,sign,44,99077,782
ML-DSA,sign,44,339950,783
ML-DSA,sign,44,314911,784
ML-DSA,sign,44,284722,785
ML-DSA,sign,44,149090,786
ML-DSA,sign,44,68801,787
ML-DSA,sign,44,68800,788
ML-DSA,sign,44,174156,789
ML-DSA,sign,44,124013,790
ML-DSA,sign,44,68782,791
ML-DSA,sign,44,254329,792
ML-DSA,sign,44,68781,793
ML-DSA,sign,44,68818,794
ML-DSA,sign,44,129360,795
ML-DSA,sign,44,99134,796
ML-DSA,sign,44,68801,797
ML-DSA,sign,44,174231,798
ML-DSA,sign,44,68775,799
ML-DSA,sign,44,416500,800
ML-DSA,sign,44,68783,801
ML-DSA,sign,44,68815,802
ML-DSA,sign,44,68824,803
ML-DSA,sign,44,68779,804
ML-DSA,sign,44,224030,805
ML-DSA,sign,44,254344,806
ML-DSA,sign,44,93797,807
ML-DSA,sign,44,68773,808
ML-DSA,sign,44,259688,809
ML-DSA,sign,44,154364,810
ML-DSA,sign,44,93830,811
ML-DSA,sign,44,204330,812
ML-DSA,sign,44,159670,813
ML-DSA,sign,44,124143,814
ML-DSA,sign,44,284726,815
ML-DSA,sign,44,179436,816
ML-DSA,sign,44,259784,817
ML-DSA,sign,44,99136,818
ML-DSA,sign,44,68784,819
ML-DSA,sign,44,516414,820
ML-DSA,sign,44,129417,821
ML-DSA,sign,44,143826,822
ML-DSA,sign,44,209627,823
ML-DSA,sign,44,149238,824
ML-DSA,sign,44,214899,825
ML-DSA,sign,44,289913,826
ML-DSA,sign,44,68797,827
ML-DSA,sign,44,99123,828
ML-DSA,sign,44,143740,829
ML-DSA,sign,44,375551,830
ML-DSA,sign,44,93776,831
ML-DSA,sign,44,199094,832
ML-DSA,sign,44,265114,833
ML-DSA,sign,44,199064,834
ML-DSA,sign,44,154353,835
ML-DSA,sign,44,93777,836
ML-DSA,sign,44,68780,837
ML-DSA,sign,44,400562,838
ML-DSA,sign,44,68783,839
ML-DSA,sign,44,149090,840
ML-DSA,sign,44,68804,841
ML-DSA,sign,44,68791,842
ML-DSA,sign,44,174113,843
ML-DSA,sign,44,265008,844
ML-DSA,sign,44,68783,845
ML-DSA,sign,44,662780,846
ML-DSA,sign,44,124109,847
ML-DSA,sign,44,168830,848
ML-DSA,sign,44,234619,849
ML-DSA,sign,44,209648,850
ML-DSA,sign,44,229318,851
ML-DSA,sign,44,184560,852
ML-DSA,sign,44,204365,853
ML-DSA,sign,44,149057,854
ML-DSA,sign,44,309805,855
ML-DSA,sign,44,149111,856
ML-DSA,sign,44,199083,857
ML-DSA,sign,44,68786,858
ML-DSA,sign,44,143800,859
ML-DSA,sign,44,209732,860
ML-DSA,sign,44,99087,861
ML-DSA,sign,44,68787,862
ML-DSA,sign,44,68793,863
ML-DSA,sign,44,93778,864
ML-DSA,sign,44,93843,865
ML-DSA,sign,44,68801,866
ML-DSA,sign,44,68785,867
ML-DSA,sign,44,68810,868
ML-DSA,sign,44,299041,869
ML-DSA,sign,44,309646,870
ML-DSA,sign,44,149054,871
ML-DSA,sign,44,93783,872
ML-DSA,sign,44,154321,873
ML-DSA,sign,44,495272,874
ML-DSA,sign,44,259735,875
ML-DSA,sign,44,204408,876
ML-DSA,sign,44,204299,877
ML-DSA,sign,44,68772,878
ML-DSA,sign,44,93811,879
ML-DSA,sign,44,68790,880
ML-DSA,sign,44,179332,881
ML-DSA,sign,44,159623,882
ML-DSA,sign,44,68807,883
ML-DSA,sign,44,224158,884
ML-DSA,sign,44,264977,885
ML-DSA,sign,44,99167,886
ML-DSA,sign,44,184761,887
ML-DSA,sign,44,495276,888
ML-DSA,sign,44,354312,889
ML-DSA,sign,44,68773,890
ML-DSA,sign,44,224090,891
ML-DSA,sign,44,99140,892
ML-DSA,sign,44,204490,893
ML-DSA,sign,44,179395,894
ML-DSA,sign,44,93797,895
ML-DSA,sign,44,118859,896
ML-DSA,sign,44,124154,897
ML-DSA,sign,44,68791,898
ML-DSA,sign,44,129411,899
ML-DSA,sign,44,68798,900
ML-DSA,sign,44,129447,901
ML-DSA,sign,44,464976,902
ML-DSA,sign,44,254438,903
ML-DSA,sign,44,284632,904
ML-DSA,sign,44,118843,905
ML-DSA,sign,44,160002,906
ML-DSA,sign,44,199050,907
ML-DSA,sign,44,68794,908
ML-DSA,sign,44,185093,909
ML-DSA,sign,44,68752,910
ML-DSA,sign,44,129332,911
ML-DSA,sign,44,124044,912
ML-DSA,sign,44,68793,913
ML-DSA,sign,44,198967,914
ML-DSA,sign,44,234619,915
ML-DSA,sign,44,259620,916
ML-DSA,sign,44,68797,917
ML-DSA,sign,44,149105,918
ML-DSA,sign,44,174058,919
ML-DSA,sign,44,174016,920
ML-DSA,sign,44,149104,921
ML-DSA,sign,44,199192,922
ML-DSA,sign,44,93792,923
ML-DSA,sign,44,68770,924
ML-DSA,sign,44,154417,925
ML-DSA,sign,44,68781,926
ML-DSA,sign,44,68810,927
ML-DSA,sign,44,179450,928
ML-DSA,sign,44,99067,929
ML-DSA,sign,44,68801,930
ML-DSA,sign,44,118786,931
ML-DSA,sign,44,118895,932
ML-DSA,sign,44,68798,933
ML-DSA,sign,44,93824,934
ML-DSA,sign,44,68801,935
ML-DSA,sign,44,124168,936
ML-DSA,sign,44,240010,937
ML-DSA,sign,44,68771,938
ML-DSA,sign,44,68778,939
ML-DSA,sign,44,68787,940
ML-DSA,sign,44,68803,941
ML-DSA,sign,44,68794,942
ML-DSA,sign,44,215059,943
ML-DSA,sign,44,93774,944
ML-DSA,sign,44,93782,945
ML-DSA,sign,44,68799,946
ML-DSA,sign,44,561152,947
ML-DSA,sign,44,68803,948
ML-DSA,sign,44,68789,949
ML-DSA,sign,44,68807,950
ML-DSA,sign,44,124019,951
ML-DSA,sign,44,204420,952
ML-DSA,sign,44,93822,953
ML-DSA,sign,44,68776,954
ML-DSA,sign,44,93808,955
ML-DSA,sign,44,174125,956
ML-DSA,sign,44,259596,957
ML-DSA,sign,44,229304,958
ML-DSA,sign,44,154371,959
ML-DSA,sign,44,425500,960
ML-DSA,sign,44,350444,961
ML-DSA,sign,44,149071,962
ML-DSA,sign,44,124106,963
ML-DSA,sign,44,93816,964
ML-DSA,sign,44,68795,965
ML-DSA,sign,44,143790,966
ML-DSA,sign,44,99187,967
ML-DSA,sign,44,124122,968
ML-DSA,sign,44,234595,969
ML-DSA,sign,44,99075,970
ML-DSA,sign,44,68799,971
ML-DSA,sign,44,68796,972
ML-DSA,sign,44,118831,973
ML-DSA,sign,44,93857,974
ML-DSA,sign,44,93811,975
ML-DSA,sign,44,104714,976
ML-DSA,sign,44,168791,977
ML-DSA,sign,44,199051,978
ML-DSA,sign,44,99168,979
ML-DSA,sign,44,118840,980
ML-DSA,sign,44,68805,981
ML-DSA,sign,44,350565,982
ML-DSA,sign,44,68803,983
ML-DSA,sign,44,118821,984
ML-DSA,sign,44,68804,985
ML-DSA,sign,44,68783,986
ML-DSA,sign,44,118810,987
ML-DSA,sign,44,93862,988
ML-DSA,sign,44,68777,989
ML-DSA,sign,44,209635,990
ML-DSA,sign,44,124101,991
ML-DSA,sign,44,168807,992
ML-DSA,sign,44,179411,993
ML-DSA,sign,44,99078,994
ML-DSA,sign,44,99080,995
ML-DSA,sign,44,93804,996
ML-DSA,sign,44,149197,997
ML-DSA,sign,44,68798,998
ML-DSA,sign,44,264906,999
ML-DSA,sign,44,68780,1000
ML-DSA,sign,65,790914,1
ML-DSA,sign,65,357091,2
ML-DSA,sign,65,289635,3
ML-DSA,sign,65,372778,4
ML-DSA,sign,65,147030,5
ML-DSA,sign,65,372969,6
ML-DSA,sign,65,222348,7
ML-DSA,sign,65,105450,8
ML-DSA,sign,65,373012,9
ML-DSA,sign,65,105480,10
ML-DSA,sign,65,139125,11
ML-DSA,sign,65,105455,12
ML-DSA,sign,65,873871,13
ML-DSA,sign,65,105461,14
ML-DSA,sign,65,248202,15
ML-DSA,sign,65,466121,16
ML-DSA,sign,65,798718,17
ML-DSA,sign,65,105475,18
ML-DSA,sign,65,139120,19
ML-DSA,sign,65,105461,20
ML-DSA,sign,65,339294,21
ML-DSA,sign,65,105473,22
ML-DSA,sign,65,105445,23
ML-DSA,sign,65,172858,24
ML-DSA,sign,65,180775,25
ML-DSA,sign,65,339062,26
ML-DSA,sign,65,255976,27
ML-DSA,sign,65,222316,28
ML-DSA,sign,65,666158,29
ML-DSA,sign,65,365166,30
ML-DSA,sign,65,105467,31
ML-DSA,sign,65,172859,32
ML-DSA,sign,65,263828,33
ML-DSA,sign,65,380807,34
ML-DSA,sign,65,289650,35
ML-DSA,sign,65,188680,36
ML-DSA,sign,65,147050,37
ML-DSA,sign,65,139166,38
ML-DSA,sign,65,147044,39
ML-DSA,sign,65,105469,40
ML-DSA,sign,65,139181,41
ML-DSA,sign,65,105454,42
ML-DSA,sign,65,281812,43
ML-DSA,sign,65,147155,44
ML-DSA,sign,65,206584,45
ML-DSA,sign,65,406472,46
ML-DSA,sign,65,364943,47
ML-DSA,sign,65,222394,48
ML-DSA,sign,65,331365,49
ML-DSA,sign,65,214506,50
ML-DSA,sign,65,364908,51
ML-DSA,sign,65,222409,52
ML-DSA,sign,65,473967,53
ML-DSA,sign,65,380750,54
ML-DSA,sign,65,139103,55
ML-DSA,sign,65,188644,56
ML-DSA,sign,65,396711,57
ML-DSA,sign,65,256167,58
ML-DSA,sign,65,105475,59
ML-DSA,sign,65,105467,60
ML-DSA,sign,65,147100,61
ML-DSA,sign,65,139202,62
ML-DSA,sign,65,188557,63
ML-DSA,sign,65,105459,64
ML-DSA,sign,65,230402,65
ML-DSA,sign,65,139119,66
ML-DSA,sign,65,455931,67
ML-DSA,sign,65,222345,68
ML-DSA,sign,65,105476,69
ML-DSA,sign,65,105458,70
ML-DSA,sign,65,147003,71
ML-DSA,sign,65,256123,72
ML-DSA,sign,65,188640,73
ML-DSA,sign,65,139144,74
ML-DSA,sign,65,222289,75
ML-DSA,sign,65,214370,76
ML-DSA,sign,65,263921,77
ML-DSA,sign,65,147105,78
ML-DSA,sign,65,263908,79
ML-DSA,sign,65,222424,80
ML-DSA,sign,65,172816,81
ML-DSA,sign,65,172907,82
ML-DSA,sign,65,105463,83
ML-DSA,sign,65,390721,84
ML-DSA,sign,65,263883,85
ML-DSA,sign,65,105470,86
ML-DSA,sign,65,658036,87
ML-DSA,sign,65,339194,88
ML-DSA,sign,65,214488,89
ML-DSA,sign,65,440471,90
ML-DSA,sign,65,339399,91
ML-DSA,sign,65,406432,92
ML-DSA,sign,65,214429,93
ML-DSA,sign,65,105447,94
ML-DSA,sign,65,105474,95
ML-DSA,sign,65,180805,96
ML-DSA,sign,65,640362,97
ML-DSA,sign,65,147026,98
ML-DSA,sign,65,147050,99
ML-DSA,sign,65,188575,100
ML-DSA,sign,65,230228,101
ML-DSA,sign,65,180859,102
ML-DSA,sign,65,206471,103
ML-DSA,sign,65,456300,104
ML-DSA,sign,65,222284,105
ML-DSA,sign,65,372764,106
ML-DSA,sign,65,590528,107
ML-DSA,sign,65,230403,108
ML-DSA,sign,65,180891,109
ML-DSA,sign,65,105463,110
ML-DSA,sign,65,139117,111
ML-DSA,sign,65,222330,112
ML-DSA,sign,65,105461,113
ML-DSA,sign,65,139166,114
ML-DSA,sign,65,523474,115
ML-DSA,sign,65,783211,116
ML-DSA,sign,65,222276,117
ML-DSA,sign,65,289717,118
ML-DSA,sign,65,614472,119
ML-DSA,sign,65,689681,120
ML-DSA,sign,65,297679,121
ML-DSA,sign,65,382972,122
ML-DSA,sign,65,565175,123
ML-DSA,sign,65,305621,124
ML-DSA,sign,65,323223,125
ML-DSA,sign,65,489692,126
ML-DSA,sign,65,357210,127
ML-DSA,sign,65,105484,128
ML-DSA,sign,65,188673,129
ML-DSA,sign,65,105471,130
ML-DSA,sign,65,222330,131
ML-DSA,sign,65,147103,132
ML-DSA,sign,65,1006785,133
ML-DSA,sign,65,373031,134
ML-DSA,sign,65,455987,135
ML-DSA,sign,65,455951,136
ML-DSA,sign,65,139119,137
ML-DSA,sign,65,147063,138
ML-DSA,sign,65,105470,139
ML-DSA,sign,65,372909,140
ML-DSA,sign,65,172820,141
ML-DSA,sign,65,240155,142
ML-DSA,sign,65,105491,143
ML-DSA,sign,65,180748,144
ML-DSA,sign,65,105454,145
ML-DSA,sign,65,263845,146
ML-DSA,sign,65,840490,147
ML-DSA,sign,65,715593,148
ML-DSA,sign,65,297766,149
ML-DSA,sign,65,180721,150
ML-DSA,sign,65,105470,151
ML-DSA,sign,65,471755,152
ML-DSA,sign,65,188682,153
ML-DSA,sign,65,105440,154
ML-DSA,sign,65,263823,155
ML-DSA,sign,65,139121,156
ML-DSA,sign,65,596751,157
ML-DSA,sign,65,549143,158
ML-DSA,sign,65,263943,159
ML-DSA,sign,65,214469,160
ML-DSA,sign,65,105485,161
ML-DSA,sign,65,572937,162
ML-DSA,sign,65,105483,163
ML-DSA,sign,65,382798,164
ML-DSA,sign,65,731562,165
ML-DSA,sign,65,105449,166
ML-DSA,sign,65,1266245,167
ML-DSA,sign,65,222332,168
ML-DSA,sign,65,172859,169
ML-DSA,sign,65,180761,170
ML-DSA,sign,65,188574,171
ML-DSA,sign,65,230251,172
ML-DSA,sign,65,105442,173
ML-DSA,sign,65,255947,174
ML-DSA,sign,65,263751,175
ML-DSA,sign,65,139118,176
ML-DSA,sign,65,305539,177
ML-DSA,sign,65,305678,178
ML-DSA,sign,65,289785,179
ML-DSA,sign,65,281709,180
ML-DSA,sign,65,481994,181
ML-DSA,sign,65,1201247,182
ML-DSA,sign,65,147041,183
ML-DSA,sign,65,105478,184
ML-DSA,sign,65,180811,185
ML-DSA,sign,65,139150,186
ML-DSA,sign,65,139157,187
ML-DSA,sign,65,105493,188
ML-DSA,sign,65,147078,189
ML-DSA,sign,65,188701,190
ML-DSA,sign,65,263984,191
ML-DSA,sign,65,339189,192
ML-DSA,sign,65,139228,193
ML-DSA,sign,65,105454,194
ML-DSA,sign,65,105454,195
ML-DSA,sign,65,147025,196
ML-DSA,sign,65,440249,197
ML-DSA,sign,65,222362,198
ML-DSA,sign,65,105461,199
ML-DSA,sign,65,640189,200
ML-DSA,sign,65,230239,201
ML-DSA,sign,65,414527,202
ML-DSA,sign,65,147087,203
ML-DSA,sign,65,105475,204
ML-DSA,sign,65,105455,205
ML-DSA,sign,65,105476,206
ML-DSA,sign,65,105456,207
ML-DSA,sign,65,147152,208
ML-DSA,sign,65,505755,209
ML-DSA,sign,65,297544,210
ML-DSA,sign,65,323470,211
ML-DSA,sign,65,105476,212
ML-DSA,sign,65,230347,213
ML-DSA,sign,65,507682,214
ML-DSA,sign,65,230167,215
ML-DSA,sign,65,214530,216
ML-DSA,sign,65,264008,217
ML-DSA,sign,65,440273,218
ML-DSA,sign,65,105473,219
ML-DSA,sign,65,105461,220
ML-DSA,sign,65,499609,221
ML-DSA,sign,65,147068,222
ML-DSA,sign,65,289878,223
ML-DSA,sign,65,1092263,224
ML-DSA,sign,65,856087,225
ML-DSA,sign,65,147032,226
ML-DSA,sign,65,323414,227
ML-DSA,sign,65,147091,228
ML-DSA,sign,65,481871,229
ML-DSA,sign,65,147144,230
ML-DSA,sign,65,139102,231
ML-DSA,sign,65,147011,232
ML-DSA,sign,65,222261,233
ML-DSA,sign,65,180818,234
ML-DSA,sign,65,466098,235
ML-DSA,sign,65,598599,236
ML-DSA,sign,65,616586,237
ML-DSA,sign,65,640023,238
ML-DSA,sign,65,248161,239
ML-DSA,sign,65,432419,240
ML-DSA,sign,65,271946,241
ML-DSA,sign,65,339208,242
ML-DSA,sign,65,214403,243
ML-DSA,sign,65,230437,244
ML-DSA,sign,65,240215,245
ML-DSA,sign,65,214366,246
ML-DSA,sign,65,206462,247
ML-DSA,sign,65,214461,248
ML-DSA,sign,65,372900,249
ML-DSA,sign,65,105481,250
ML-DSA,sign,65,147081,251
ML-DSA,sign,65,180855,252
ML-DSA,sign,65,139223,253
ML-DSA,sign,65,230329,254
ML-DSA,sign,65,188676,255
ML-DSA,sign,65,341161,256
ML-DSA,sign,65,105481,257
ML-DSA,sign,65,473851,258
ML-DSA,sign,65,188653,259
ML-DSA,sign,65,473985,260
ML-DSA,sign,65,188577,261
ML-DSA,sign,65,263992,262
ML-DSA,sign,65,406602,263
ML-DSA,sign,65,105468,264
ML-DSA,sign,65,105466,265
ML-DSA,sign,65,840389,266
ML-DSA,sign,65,147077,267
ML-DSA,sign,65,172918,268
ML-DSA,sign,65,172810,269
ML-DSA,sign,65,590747,270
ML-DSA,sign,65,230326,271
ML-DSA,sign,65,105471,272
ML-DSA,sign,65,206541,273
ML-DSA,sign,65,474042,274
ML-DSA,sign,65,139146,275
ML-DSA,sign,65,139115,276
ML-DSA,sign,65,473817,277
ML-DSA,sign,65,105442,278
ML-DSA,sign,65,515364,279
ML-DSA,sign,65,505699,280
ML-DSA,sign,65,180763,281
ML-DSA,sign,65,481783,282
ML-DSA,sign,65,448068,283
ML-DSA,sign,65,188665,284
ML-DSA,sign,65,105451,285
ML-DSA,sign,65,432479,286
ML-DSA,sign,65,188731,287
ML-DSA,sign,65,222231,288
ML-DSA,sign,65,222259,289
ML-DSA,sign,65,365151,290
ML-DSA,sign,65,172865,291
ML-DSA,sign,65,364871,292
ML-DSA,sign,65,105446,293
ML-DSA,sign,65,647893,294
ML-DSA,sign,65,105465,295
ML-DSA,sign,65,689561,296
ML-DSA,sign,65,147018,297
ML-DSA,sign,65,105466,298
ML-DSA,sign,65,180753,299
ML-DSA,sign,65,339113,300
ML-DSA,sign,65,230157,301
ML-DSA,sign,65,323384,302
ML-DSA,sign,65,248122,303
ML-DSA,sign,65,188604,304
ML-DSA,sign,65,289799,305
ML-DSA,sign,65,172826,306
ML-DSA,sign,65,406597,307
ML-DSA,sign,65,230394,308
ML-DSA,sign,65,147178,309
ML-DSA,sign,65,147054,310
ML-DSA,sign,65,297791,311
ML-DSA,sign,65,206554,312
ML-DSA,sign,65,339225,313
ML-DSA,sign,65,414531,314
ML-DSA,sign,65,147051,315
ML-DSA,sign,65,206618,316
ML-DSA,sign,65,147049,317
ML-DSA,sign,65,263825,318
ML-DSA,sign,65,188682,319
ML-DSA,sign,65,105470,320
ML-DSA,sign,65,139107,321
ML-DSA,sign,65,105465,322
ML-DSA,sign,65,188623,323
ML-DSA,sign,65,172840,324
ML-DSA,sign,65,222297,325
ML-DSA,sign,65,147103,326
ML-DSA,sign,65,222334,327
ML-DSA,sign,65,339298,328
ML-DSA,sign,65,422530,329
ML-DSA,sign,65,172772,330
ML-DSA,sign,65,105482,331
ML-DSA,sign,65,297753,332
ML-DSA,sign,65,481665,333
ML-DSA,sign,65,180803,334
ML-DSA,sign,65,105493,335
ML-DSA,sign,65,289779,336
ML-DSA,sign,65,105498,337
ML-DSA,sign,65,372944,338
ML-DSA,sign,65,105461,339
ML-DSA,sign,65,172874,340
ML-DSA,sign,65,222355,341
ML-DSA,sign,65,822594,342
ML-DSA,sign,65,263925,343
ML-DSA,sign,65,297492,344
ML-DSA,sign,65,281712,345
ML-DSA,sign,65,139200,346
ML-DSA,sign,65,582977,347
ML-DSA,sign,65,331317,348
ML-DSA,sign,65,188642,349
ML-DSA,sign,65,599090,350
ML-DSA,sign,65,105474,351
ML-DSA,sign,65,206458,352
ML-DSA,sign,65,458038,353
ML-DSA,sign,65,147127,354
ML-DSA,sign,65,139120,355
ML-DSA,sign,65,214443,356
ML-DSA,sign,65,248197,357
ML-DSA,sign,65,105473,358
ML-DSA,sign,65,105453,359
ML-DSA,sign,65,105466,360
ML-DSA,sign,65,105454,361
ML-DSA,sign,65,147038,362
ML-DSA,sign,65,339197,363
ML-DSA,sign,65,105483,364
ML-DSA,sign,65,180745,365
ML-DSA,sign,65,147086,366
ML-DSA,sign,65,456109,367
ML-DSA,sign,65,188614,368
ML-DSA,sign,65,214351,369
ML-DSA,sign,65,507674,370
ML-DSA,sign,65,222366,371
ML-DSA,sign,65,523470,372
ML-DSA,sign,65,147074,373
ML-DSA,sign,65,180759,374
ML-DSA,sign,65,172796,375
ML-DSA,sign,65,715801,376
ML-DSA,sign,65,105463,377
ML-DSA,sign,65,105471,378
ML-DSA,sign,65,388771,379
ML-DSA,sign,65,147102,380
ML-DSA,sign,65,105466,381
ML-DSA,sign,65,147134,382
ML-DSA,sign,65,390748,383
ML-DSA,sign,65,214514,384
ML-DSA,sign,65,105461,385
ML-DSA,sign,65,255997,386
ML-DSA,sign,65,180849,387
ML-DSA,sign,65,557018,388
ML-DSA,sign,65,497676,389
ML-DSA,sign,65,741241,390
ML-DSA,sign,65,147041,391
ML-DSA,sign,65,139202,392
ML-DSA,sign,65,891838,393
ML-DSA,sign,65,640043,394
ML-DSA,sign,65,256181,395
ML-DSA,sign,65,139150,396
ML-DSA,sign,65,331290,397
ML-DSA,sign,65,289574,398
ML-DSA,sign,65,180810,399
ML-DSA,sign,65,105463,400
ML-DSA,sign,65,180742,401
ML-DSA,sign,65,390817,402
ML-DSA,sign,65,180782,403
ML-DSA,sign,65,372983,404
ML-DSA,sign,65,147033,405
ML-DSA,sign,65,372599,406
ML-DSA,sign,65,105447,407
ML-DSA,sign,65,372730,408
ML-DSA,sign,65,180685,409
ML-DSA,sign,65,139131,410
ML-DSA,sign,65,188614,411
ML-DSA,sign,65,390844,412
ML-DSA,sign,65,180718,413
ML-DSA,sign,65,297494,414
ML-DSA,sign,65,180784,415
ML-DSA,sign,65,390880,416
ML-DSA,sign,65,147056,417
ML-DSA,sign,65,214477,418
ML-DSA,sign,65,180698,419
ML-DSA,sign,65,172910,420
ML-DSA,sign,65,147117,421
ML-DSA,sign,65,180780,422
ML-DSA,sign,65,214428,423
ML-DSA,sign,65,289790,424
ML-DSA,sign,65,105467,425
ML-DSA,sign,65,658197,426
ML-DSA,sign,65,188581,427
ML-DSA,sign,65,139179,428
ML-DSA,sign,65,105438,429
ML-DSA,sign,65,188575,430
ML-DSA,sign,65,105449,431
ML-DSA,sign,65,315579,432
ML-DSA,sign,65,305504,433
ML-DSA,sign,65,297641,434
ML-DSA,sign,65,273897,435
ML-DSA,sign,65,172856,436
ML-DSA,sign,65,172848,437
ML-DSA,sign,65,357081,438
ML-DSA,sign,65,147076,439
ML-DSA,sign,65,608755,440
ML-DSA,sign,65,256064,441
ML-DSA,sign,65,222362,442
ML-DSA,sign,65,147044,443
ML-DSA,sign,65,105465,444
ML-DSA,sign,65,105454,445
ML-DSA,sign,65,105489,446
ML-DSA,sign,65,440185,447
ML-DSA,sign,65,105477,448
ML-DSA,sign,65,609102,449
ML-DSA,sign,65,172845,450
ML-DSA,sign,65,139214,451
ML-DSA,sign,65,172818,452
ML-DSA,sign,65,105466,453
ML-DSA,sign,65,515684,454
ML-DSA,sign,65,289814,455
ML-DSA,sign,65,531414,456
ML-DSA,sign,65,105444,457
ML-DSA,sign,65,105478,458
ML-DSA,sign,65,105482,459
ML-DSA,sign,65,339054,460
ML-DSA,sign,65,406547,461
ML-DSA,sign,65,188726,462
ML-DSA,sign,65,230302,463
ML-DSA,sign,65,264019,464
ML-DSA,sign,65,139127,465
ML-DSA,sign,65,105465,466
ML-DSA,sign,65,339069,467
ML-DSA,sign,65,147102,468
ML-DSA,sign,65,289734,469
ML-DSA,sign,65,105458,470
ML-DSA,sign,65,172853,471
ML-DSA,sign,65,214355,472
ML-DSA,sign,65,214480,473
ML-DSA,sign,65,139156,474
ML-DSA,sign,65,139221,475
ML-DSA,sign,65,497866,476
ML-DSA,sign,65,105472,477
ML-DSA,sign,65,347183,478
ML-DSA,sign,65,147013,479
ML-DSA,sign,65,640475,480
ML-DSA,sign,65,147063,481
ML-DSA,sign,65,180760,482
ML-DSA,sign,65,105467,483
ML-DSA,sign,65,515232,484
ML-DSA,sign,65,331131,485
ML-DSA,sign,65,105484,486
ML-DSA,sign,65,139194,487
ML-DSA,sign,65,248095,488
ML-DSA,sign,65,448290,489
ML-DSA,sign,65,105481,490
ML-DSA,sign,65,255885,491
ML-DSA,sign,65,139157,492
ML-DSA,sign,65,281609,493
ML-DSA,sign,65,188788,494
ML-DSA,sign,65,214470,495
ML-DSA,sign,65,222296,496
ML-DSA,sign,65,297652,497
ML-DSA,sign,65,105461,498
ML-DSA,sign,65,180772,499
ML-DSA,sign,65,305445,500
ML-DSA,sign,65,248055,501
ML-DSA,sign,65,531261,502
ML-DSA,sign,65,105449,503
ML-DSA,sign,65,105452,504
ML-DSA,sign,65,356920,505
ML-DSA,sign,65,364983,506
ML-DSA,sign,65,172741,507
ML-DSA,sign,65,499884,508
ML-DSA,sign,65,264021,509
ML-DSA,sign,65,139178,510
ML-DSA,sign,65,222290,511
ML-DSA,sign,65,172809,512
ML-DSA,sign,65,188734,513
ML-DSA,sign,65,372961,514
ML-DSA,sign,65,105474,515
ML-DSA,sign,65,289777,516
ML-DSA,sign,65,305584,517
ML-DSA,sign,65,188677,518
ML-DSA,sign,65,406527,519
ML-DSA,sign,65,331237,520
ML-DSA,sign,65,331250,521
ML-DSA,sign,65,188606,522
ML-DSA,sign,65,723201,523
ML-DSA,sign,65,139236,524
ML-DSA,sign,65,339329,525
ML-DSA,sign,65,473901,526
ML-DSA,sign,65,248206,527
ML-DSA,sign,65,255920,528
ML-DSA,sign,65,147100,529
ML-DSA,sign,65,147017,530
ML-DSA,sign,65,139166,531
ML-DSA,sign,65,357113,532
ML-DSA,sign,65,741338,533
ML-DSA,sign,65,214442,534
ML-DSA,sign,65,105460,535
ML-DSA,sign,65,214345,536
ML-DSA,sign,65,255940,537
ML-DSA,sign,65,172920,538
ML-DSA,sign,65,105441,539
ML-DSA,sign,65,139103,540
ML-DSA,sign,65,105458,541
ML-DSA,sign,65,347148,542
ML-DSA,sign,65,172831,543
ML-DSA,sign,65,105444,544
ML-DSA,sign,65,105445,545
ML-DSA,sign,65,372735,546
ML-DSA,sign,65,256000,547
ML-DSA,sign,65,180695,548
ML-DSA,sign,65,331427,549
ML-DSA,sign,65,447971,550
ML-DSA,sign,65,539512,551
ML-DSA,sign,65,255820,552
ML-DSA,sign,65,297596,553
ML-DSA,sign,65,206493,554
ML-DSA,sign,65,139181,555
ML-DSA,sign,65,139187,556
ML-DSA,sign,65,139232,557
ML-DSA,sign,65,432314,558
ML-DSA,sign,65,440414,559
ML-DSA,sign,65,139159,560
ML-DSA,sign,65,339178,561
ML-DSA,sign,65,105470,562
ML-DSA,sign,65,139162,563
ML-DSA,sign,65,240269,564
ML-DSA,sign,65,263954,565
ML-DSA,sign,65,347290,566
ML-DSA,sign,65,331100,567
ML-DSA,sign,65,842466,568
ML-DSA,sign,65,147076,569
ML-DSA,sign,65,105464,570
ML-DSA,sign,65,289663,571
ML-DSA,sign,65,105479,572
ML-DSA,sign,65,105481,573
ML-DSA,sign,65,222342,574
ML-DSA,sign,65,139095,575
ML-DSA,sign,65,180671,576
ML-DSA,sign,65,139088,577
ML-DSA,sign,65,105471,578
ML-DSA,sign,65,240315,579
ML-DSA,sign,65,188615,580
ML-DSA,sign,65,248289,581
ML-DSA,sign,65,180787,582
ML-DSA,sign,65,105452,583
ML-DSA,sign,65,105496,584
ML-DSA,sign,65,214428,585
ML-DSA,sign,65,214290,586
ML-DSA,sign,65,230280,587
ML-DSA,sign,65,390837,588
ML-DSA,sign,65,273831,589
ML-DSA,sign,65,414565,590
ML-DSA,sign,65,139195,591
ML-DSA,sign,65,700138,592
ML-DSA,sign,65,105441,593
ML-DSA,sign,65,380591,594
ML-DSA,sign,65,747279,595
ML-DSA,sign,65,147020,596
ML-DSA,sign,65,541234,597
ML-DSA,sign,65,214474,598
ML-DSA,sign,65,515383,599
ML-DSA,sign,65,105442,600
ML-DSA,sign,65,147043,601
ML-DSA,sign,65,206592,602
ML-DSA,sign,65,331254,603
ML-DSA,sign,65,465779,604
ML-DSA,sign,65,372834,605
ML-DSA,sign,65,105456,606
ML-DSA,sign,65,147032,607
ML-DSA,sign,65,214481,608
ML-DSA,sign,65,255975,609
ML-DSA,sign,65,690077,610
ML-DSA,sign,65,139091,611
ML-DSA,sign,65,105457,612
ML-DSA,sign,65,206438,613
ML-DSA,sign,65,365163,614
ML-DSA,sign,65,289840,615
ML-DSA,sign,65,248226,616
ML-DSA,sign,65,372731,617
ML-DSA,sign,65,105446,618
ML-DSA,sign,65,240225,619
ML-DSA,sign,65,105494,620
ML-DSA,sign,65,180839,621
ML-DSA,sign,65,230329,622
ML-DSA,sign,65,147029,623
ML-DSA,sign,65,339095,624
ML-DSA,sign,65,665978,625
ML-DSA,sign,65,188600,626
ML-DSA,sign,65,147067,627
ML-DSA,sign,65,264065,628
ML-DSA,sign,65,139195,629
ML-DSA,sign,65,357003,630
ML-DSA,sign,65,256092,631
ML-DSA,sign,65,271877,632
ML-DSA,sign,65,614493,633
ML-DSA,sign,65,248136,634
ML-DSA,sign,65,373047,635
ML-DSA,sign,65,263974,636
ML-DSA,sign,65,741376,637
ML-DSA,sign,65,180815,638
ML-DSA,sign,65,180761,639
ML-DSA,sign,65,180782,640
ML-DSA,sign,65,105475,641
ML-DSA,sign,65,172962,642
ML-DSA,sign,65,256036,643
ML-DSA,sign,65,824461,644
ML-DSA,sign,65,188662,645
ML-DSA,sign,65,323343,646
ML-DSA,sign,65,139128,647
ML-DSA,sign,65,315294,648
ML-DSA,sign,65,180705,649
ML-DSA,sign,65,188618,650
ML-DSA,sign,65,172856,651
ML-DSA,sign,65,206417,652
ML-DSA,sign,65,105459,653
ML-DSA,sign,65,365035,654
ML-DSA,sign,65,105480,655
ML-DSA,sign,65,139102,656
ML-DSA,sign,65,139168,657
ML-DSA,sign,65,406428,658
ML-DSA,sign,65,230317,659
ML-DSA,sign,65,139142,660
ML-DSA,sign,65,180805,661
ML-DSA,sign,65,188658,662
ML-DSA,sign,65,323370,663
ML-DSA,sign,65,222263,664
ML-DSA,sign,65,105470,665
ML-DSA,sign,65,188746,666
ML-DSA,sign,65,105475,667
ML-DSA,sign,65,139150,668
ML-DSA,sign,65,297764,669
ML-DSA,sign,65,105454,670
ML-DSA,sign,65,214394,671
ML-DSA,sign,65,105469,672
ML-DSA,sign,65,357033,673
ML-DSA,sign,65,489810,674
ML-DSA,sign,65,147045,675
ML-DSA,sign,65,105458,676
ML-DSA,sign,65,172751,677
ML-DSA,sign,65,331322,678
ML-DSA,sign,65,139190,679
ML-DSA,sign,65,188687,680
ML-DSA,sign,65,406516,681
ML-DSA,sign,65,147155,682
ML-DSA,sign,65,632454,683
ML-DSA,sign,65,263978,684
ML-DSA,sign,65,256090,685
ML-DSA,sign,65,147177,686
ML-DSA,sign,65,105458,687
ML-DSA,sign,65,263851,688
ML-DSA,sign,65,105444,689
ML-DSA,sign,65,105451,690
ML-DSA,sign,65,305531,691
ML-DSA,sign,65,206543,692
ML-DSA,sign,65,523442,693
ML-DSA,sign,65,105471,694
ML-DSA,sign,65,214417,695
ML-DSA,sign,65,139134,696
ML-DSA,sign,65,105464,697
ML-DSA,sign,65,180799,698
ML-DSA,sign,65,263891,699
ML-DSA,sign,65,105464,700
ML-DSA,sign,65,188594,701
ML-DSA,sign,65,105467,702
ML-DSA,sign,65,214391,703
ML-DSA,sign,65,105473,704
ML-DSA,sign,65,614411,705
ML-DSA,sign,65,105467,706
ML-DSA,sign,65,105440,707
ML-DSA,sign,65,214316,708
ML-DSA,sign,65,105463,709
ML-DSA,sign,65,180775,710
ML-DSA,sign,65,105462,711
ML-DSA,sign,65,256016,712
ML-DSA,sign,65,248019,713
ML-DSA,sign,65,147118,714
ML-DSA,sign,65,339129,715
ML-DSA,sign,65,222284,716
ML-DSA,sign,65,214413,717
ML-DSA,sign,65,263846,718
ML-DSA,sign,65,180790,719
ML-DSA,sign,65,691523,720
ML-DSA,sign,65,814700,721
ML-DSA,sign,65,240197,722
ML-DSA,sign,65,105472,723
ML-DSA,sign,65,455924,724
ML-DSA,sign,65,172837,725
ML-DSA,sign,65,105455,726
ML-DSA,sign,65,147065,727
ML-DSA,sign,65,281888,728
ML-DSA,sign,65,372784,729
ML-DSA,sign,65,505574,730
ML-DSA,sign,65,105476,731
ML-DSA,sign,65,105476,732
ML-DSA,sign,65,139104,733
ML-DSA,sign,65,139108,734
ML-DSA,sign,65,105495,735
ML-DSA,sign,65,489624,736
ML-DSA,sign,65,549226,737
ML-DSA,sign,65,230306,738
ML-DSA,sign,65,147093,739
ML-DSA,sign,65,339160,740
ML-DSA,sign,65,105464,741
ML-DSA,sign,65,347141,742
ML-DSA,sign,65,271822,743
ML-DSA,sign,65,256073,744
ML-DSA,sign,65,339011,745
ML-DSA,sign,65,263932,746
ML-DSA,sign,65,549464,747
ML-DSA,sign,65,424553,748
ML-DSA,sign,65,172787,749
ML-DSA,sign,65,214561,750
ML-DSA,sign,65,264016,751
ML-DSA,sign,65,105470,752
ML-DSA,sign,65,188548,753
ML-DSA,sign,65,289736,754
ML-DSA,sign,65,105460,755
ML-DSA,sign,65,139183,756
ML-DSA,sign,65,523482,757
ML-DSA,sign,65,699631,758
ML-DSA,sign,65,240101,759
ML-DSA,sign,65,180687,760
ML-DSA,sign,65,105463,761
ML-DSA,sign,65,105467,762
ML-DSA,sign,65,206421,763
ML-DSA,sign,65,297600,764
ML-DSA,sign,65,147026,765
ML-DSA,sign,65,497826,766
ML-DSA,sign,65,440127,767
ML-DSA,sign,65,331217,768
ML-DSA,sign,65,539466,769
ML-DSA,sign,65,105452,770
ML-DSA,sign,65,365033,771
ML-DSA,sign,65,105452,772
ML-DSA,sign,65,214417,773
ML-DSA,sign,65,422376,774
ML-DSA,sign,65,147038,775
ML-DSA,sign,65,147016,776
ML-DSA,sign,65,323253,777
ML-DSA,sign,65,481710,778
ML-DSA,sign,65,398676,779
ML-DSA,sign,65,941483,780
ML-DSA,sign,65,180704,781
ML-DSA,sign,65,180735,782
ML-DSA,sign,65,263841,783
ML-DSA,sign,65,305535,784
ML-DSA,sign,65,364811,785
ML-DSA,sign,65,315670,786
ML-DSA,sign,65,147092,787
ML-DSA,sign,65,180759,788
ML-DSA,sign,65,147037,789
ML-DSA,sign,65,105457,790
ML-DSA,sign,65,289522,791
ML-DSA,sign,65,147098,792
ML-DSA,sign,65,105459,793
ML-DSA,sign,65,147037,794
ML-DSA,sign,65,172789,795
ML-DSA,sign,65,105458,796
ML-DSA,sign,65,255960,797
ML-DSA,sign,65,323329,798
ML-DSA,sign,65,531381,799
ML-DSA,sign,65,240098,800
ML-DSA,sign,65,230184,801
ML-DSA,sign,65,263909,802
ML-DSA,sign,65,271715,803
ML-DSA,sign,65,180681,804
ML-DSA,sign,65,105478,805
ML-DSA,sign,65,105472,806
ML-DSA,sign,65,347651,807
ML-DSA,sign,65,848710,808
ML-DSA,sign,65,515530,809
ML-DSA,sign,65,105457,810
ML-DSA,sign,65,180776,811
ML-DSA,sign,65,105458,812
ML-DSA,sign,65,180793,813
ML-DSA,sign,65,557042,814
ML-DSA,sign,65,289806,815
ML-DSA,sign,65,648181,816
ML-DSA,sign,65,105472,817
ML-DSA,sign,65,147046,818
ML-DSA,sign,65,172787,819
ML-DSA,sign,65,105472,820
ML-DSA,sign,65,222355,821
ML-DSA,sign,65,673905,822
ML-DSA,sign,65,691933,823
ML-DSA,sign,65,422326,824
ML-DSA,sign,65,255964,825
ML-DSA,sign,65,297462,826
ML-DSA,sign,65,666096,827
ML-DSA,sign,65,297580,828
ML-DSA,sign,65,347061,829
ML-DSA,sign,65,188690,830
ML-DSA,sign,65,105466,831
ML-DSA,sign,65,214387,832
ML-DSA,sign,65,180813,833
ML-DSA,sign,65,230282,834
ML-DSA,sign,65,222287,835
ML-DSA,sign,65,256079,836
ML-DSA,sign,65,105474,837
ML-DSA,sign,65,180723,838
ML-DSA,sign,65,147084,839
ML-DSA,sign,65,289753,840
ML-DSA,sign,65,222436,841
ML-DSA,sign,65,222261,842
ML-DSA,sign,65,264201,843
ML-DSA,sign,65,406594,844
ML-DSA,sign,65,347104,845
ML-DSA,sign,65,380912,846
ML-DSA,sign,65,230228,847
ML-DSA,sign,65,373054,848
ML-DSA,sign,65,105437,849
ML-DSA,sign,65,248073,850
ML-DSA,sign,65,222278,851
ML-DSA,sign,65,147072,852
ML-DSA,sign,65,214446,853
ML-DSA,sign,65,139175,854
ML-DSA,sign,65,263910,855
ML-DSA,sign,65,105445,856
ML-DSA,sign,65,390612,857
ML-DSA,sign,65,331342,858
ML-DSA,sign,65,222311,859
ML-DSA,sign,65,648116,860
ML-DSA,sign,65,139160,861
ML-DSA,sign,65,147172,862
ML-DSA,sign,65,323320,863
ML-DSA,sign,65,105480,864
ML-DSA,sign,65,414651,865
ML-DSA,sign,65,305538,866
ML-DSA,sign,65,105455,867
ML-DSA,sign,65,222298,868
ML-DSA,sign,65,850213,869
ML-DSA,sign,65,105476,870
ML-DSA,sign,65,323472,871
ML-DSA,sign,65,230249,872
ML-DSA,sign,65,222377,873
ML-DSA,sign,65,105442,874
ML-DSA,sign,65,648337,875
ML-DSA,sign,65,105458,876
ML-DSA,sign,65,305499,877
ML-DSA,sign,65,372972,878
ML-DSA,sign,65,105465,879
ML-DSA,sign,65,139196,880
ML-DSA,sign,65,256068,881
ML-DSA,sign,65,105437,882
ML-DSA,sign,65,256038,883
ML-DSA,sign,65,172854,884
ML-DSA,sign,65,206489,885
ML-DSA,sign,65,523393,886
ML-DSA,sign,65,481871,887
ML-DSA,sign,65,188715,888
ML-DSA,sign,65,305498,889
ML-DSA,sign,65,188599,890
ML-DSA,sign,65,489616,891
ML-DSA,sign,65,105471,892
ML-DSA,sign,65,692149,893
ML-DSA,sign,65,105448,894
ML-DSA,sign,65,230258,895
ML-DSA,sign,65,256047,896
ML-DSA,sign,65,263937,897
ML-DSA,sign,65,765056,898
ML-DSA,sign,65,697803,899
ML-DSA,sign,65,747655,900
ML-DSA,sign,65,222373,901
ML-DSA,sign,65,105497,902
ML-DSA,sign,65,248185,903
ML-DSA,sign,65,139226,904
ML-DSA,sign,65,147042,905
ML-DSA,sign,65,455899,906
ML-DSA,sign,65,305423,907
ML-DSA,sign,65,448356,908
ML-DSA,sign,65,505724,909
ML-DSA,sign,65,406678,910
ML-DSA,sign,65,188731,911
ML-DSA,sign,65,147110,912
ML-DSA,sign,65,471854,913
ML-DSA,sign,65,105466,914
ML-DSA,sign,65,380703,915
ML-DSA,sign,65,263803,916
ML-DSA,sign,65,139188,917
ML-DSA,sign,65,272467,918
ML-DSA,sign,65,206504,919
ML-DSA,sign,65,1167231,920
ML-DSA,sign,65,263903,921
ML-DSA,sign,65,297667,922
ML-DSA,sign,65,430505,923
ML-DSA,sign,65,188681,924
ML-DSA,sign,65,180798,925
ML-DSA,sign,65,255901,926
ML-DSA,sign,65,323375,927
ML-DSA,sign,65,188639,928
ML-DSA,sign,65,390648,929
ML-DSA,sign,65,139152,930
ML-DSA,sign,65,523375,931
ML-DSA,sign,65,188607,932
ML-DSA,sign,65,357202,933
ML-DSA,sign,65,414433,934
ML-DSA,sign,65,180706,935
ML-DSA,sign,65,105477,936
ML-DSA,sign,65,533333,937
ML-DSA,sign,65,347114,938
ML-DSA,sign,65,172844,939
ML-DSA,sign,65,248155,940
ML-DSA,sign,65,456331,941
ML-DSA,sign,65,147074,942
ML-DSA,sign,65,357067,943
ML-DSA,sign,65,105470,944
ML-DSA,sign,65,256136,945
ML-DSA,sign,65,289619,946
ML-DSA,sign,65,180788,947
ML-DSA,sign,65,372990,948
ML-DSA,sign,65,105436,949
ML-DSA,sign,65,139215,950
ML-DSA,sign,65,707739,951
ML-DSA,sign,65,172873,952
ML-DSA,sign,65,180747,953
ML-DSA,sign,65,105476,954
ML-DSA,sign,65,264038,955
ML-DSA,sign,65,388824,956
ML-DSA,sign,65,105466,957
ML-DSA,sign,65,549232,958
ML-DSA,sign,65,414356,959
ML-DSA,sign,65,172883,960
ML-DSA,sign,65,180790,961
ML-DSA,sign,65,214425,962
ML-DSA,sign,65,139184,963
ML-DSA,sign,65,565067,964
ML-DSA,sign,65,105475,965
ML-DSA,sign,65,147072,966
ML-DSA,sign,65,331419,967
ML-DSA,sign,65,139114,968
ML-DSA,sign,65,105482,969
ML-DSA,sign,65,640245,970
ML-DSA,sign,65,105453,971
ML-DSA,sign,65,172949,972
ML-DSA,sign,65,147118,973
ML-DSA,sign,65,398681,974
ML-DSA,sign,65,289667,975
ML-DSA,sign,65,297630,976
ML-DSA,sign,65,105458,977
ML-DSA,sign,65,339297,978
ML-DSA,sign,65,147048,979
ML-DSA,sign,65,172877,980
ML-DSA,sign,65,105461,981
ML-DSA,sign,65,180669,982
ML-DSA,sign,65,315611,983
ML-DSA,sign,65,139150,984
ML-DSA,sign,65,105449,985
ML-DSA,sign,65,640280,986
ML-DSA,sign,65,289734,987
ML-DSA,sign,65,230248,988
ML-DSA,sign,65,139105,989
ML-DSA,sign,65,339402,990
ML-DSA,sign,65,349038,991
ML-DSA,sign,65,105481,992
ML-DSA,sign,65,105477,993
ML-DSA,sign,65,172817,994
ML-DSA,sign,65,240194,995
ML-DSA,sign,65,147051,996
ML-DSA,sign,65,105481,997
ML-DSA,sign,65,372888,998
ML-DSA,sign,65,247975,999
ML-DSA,sign,65,917766,1000
ML-DSA,sign,87,608889,1
ML-DSA,sign,87,214220,2
ML-DSA,sign,87,549423,3
ML-DSA,sign,87,381720,4
ML-DSA,sign,87,165299,5
ML-DSA,sign,87,214130,6
ML-DSA,sign,87,224704,7
ML-DSA,sign,87,214145,8
ML-DSA,sign,87,165289,9
ML-DSA,sign,87,165299,10
ML-DSA,sign,87,311803,11
ML-DSA,sign,87,273458,12
ML-DSA,sign,87,511020,13
ML-DSA,sign,87,322431,14
ML-DSA,sign,87,283988,15
ML-DSA,sign,87,392481,16
ML-DSA,sign,87,332988,17
ML-DSA,sign,87,165295,18
ML-DSA,sign,87,332982,19
ML-DSA,sign,87,165299,20
ML-DSA,sign,87,165324,21
ML-DSA,sign,87,332800,22
ML-DSA,sign,87,333078,23
ML-DSA,sign,87,165303,24
ML-DSA,sign,87,224780,25
ML-DSA,sign,87,224731,26
ML-DSA,sign,87,490259,27
ML-DSA,sign,87,647126,28
ML-DSA,sign,87,165295,29
ML-DSA,sign,87,214179,30
ML-DSA,sign,87,214238,31
ML-DSA,sign,87,787324,32
ML-DSA,sign,87,273653,33
ML-DSA,sign,87,685360,34
ML-DSA,sign,87,500822,35
ML-DSA,sign,87,273567,36
ML-DSA,sign,87,165312,37
ML-DSA,sign,87,332962,38
ML-DSA,sign,87,273526,39
ML-DSA,sign,87,766004,40
ML-DSA,sign,87,165299,41
ML-DSA,sign,87,462476,42
ML-DSA,sign,87,468891,43
ML-DSA,sign,87,343693,44
ML-DSA,sign,87,165279,45
ML-DSA,sign,87,322601,46
ML-DSA,sign,87,273652,47
ML-DSA,sign,87,381783,48
ML-DSA,sign,87,803989,49
ML-DSA,sign,87,322470,50
ML-DSA,sign,87,549564,51
ML-DSA,sign,87,392568,52
ML-DSA,sign,87,311971,53
ML-DSA,sign,87,214104,54
ML-DSA,sign,87,273542,55
ML-DSA,sign,87,165288,56
ML-DSA,sign,87,165289,57
ML-DSA,sign,87,224706,58
ML-DSA,sign,87,224761,59
ML-DSA,sign,87,165295,60
ML-DSA,sign,87,224712,61
ML-DSA,sign,87,381944,62
ML-DSA,sign,87,224710,63
ML-DSA,sign,87,490022,64
ML-DSA,sign,87,165279,65
ML-DSA,sign,87,608804,66
ML-DSA,sign,87,263061,67
ML-DSA,sign,87,451938,68
ML-DSA,sign,87,165312,69
ML-DSA,sign,87,224801,70
ML-DSA,sign,87,284226,71
ML-DSA,sign,87,214190,72
ML-DSA,sign,87,664368,73
ML-DSA,sign,87,500662,74
ML-DSA,sign,87,284171,75
ML-DSA,sign,87,322422,76
ML-DSA,sign,87,381890,77
ML-DSA,sign,87,381820,78
ML-DSA,sign,87,165282,79
ML-DSA,sign,87,165295,80
ML-DSA,sign,87,165293,81
ML-DSA,sign,87,441165,82
ML-DSA,sign,87,165282,83
ML-DSA,sign,87,490202,84
ML-DSA,sign,87,224700,85
ML-DSA,sign,87,381832,86
ML-DSA,sign,87,311752,87
ML-DSA,sign,87,165309,88
ML-DSA,sign,87,224772,89
ML-DSA,sign,87,371206,90
ML-DSA,sign,87,165307,91
ML-DSA,sign,87,165299,92
ML-DSA,sign,87,165288,93
ML-DSA,sign,87,224760,94
ML-DSA,sign,87,165299,95
ML-DSA,sign,87,451791,96
ML-DSA,sign,87,322394,97
ML-DSA,sign,87,322495,98
ML-DSA,sign,87,284235,99
ML-DSA,sign,87,797668,100
ML-DSA,sign,87,381999,101
ML-DSA,sign,87,284058,102
ML-DSA,sign,87,165293,103
ML-DSA,sign,87,165287,104
ML-DSA,sign,87,333031,105
ML-DSA,sign,87,333116,106
ML-DSA,sign,87,311902,107
ML-DSA,sign,87,165296,108
ML-DSA,sign,87,224757,109
ML-DSA,sign,87,165294,110
ML-DSA,sign,87,549826,111
ML-DSA,sign,87,332985,112
ML-DSA,sign,87,273566,113
ML-DSA,sign,87,214112,114
ML-DSA,sign,87,263078,115
ML-DSA,sign,87,224819,116
ML-DSA,sign,87,263147,117
ML-DSA,sign,87,284104,118
ML-DSA,sign,87,619305,119
ML-DSA,sign,87,214195,120
ML-DSA,sign,87,284125,121
ML-DSA,sign,87,165287,122
ML-DSA,sign,87,284020,123
ML-DSA,sign,87,717131,124
ML-DSA,sign,87,165281,125
ML-DSA,sign,87,490273,126
ML-DSA,sign,87,322372,127
ML-DSA,sign,87,165290,128
ML-DSA,sign,87,165317,129
ML-DSA,sign,87,263106,130
ML-DSA,sign,87,165293,131
ML-DSA,sign,87,224753,132
ML-DSA,sign,87,381736,133
ML-DSA,sign,87,224661,134
ML-DSA,sign,87,392590,135
ML-DSA,sign,87,538760,136
ML-DSA,sign,87,165306,137
ML-DSA,sign,87,559670,138
ML-DSA,sign,87,511127,139
ML-DSA,sign,87,696210,140
ML-DSA,sign,87,322413,141
ML-DSA,sign,87,402761,142
ML-DSA,sign,87,560223,143
ML-DSA,sign,87,165325,144
ML-DSA,sign,87,165292,145
ML-DSA,sign,87,311967,146
ML-DSA,sign,87,165273,147
ML-DSA,sign,87,273672,148
ML-DSA,sign,87,214240,149
ML-DSA,sign,87,165289,150
ML-DSA,sign,87,808361,151
ML-DSA,sign,87,322548,152
ML-DSA,sign,87,284092,153
ML-DSA,sign,87,214149,154
ML-DSA,sign,87,273463,155
ML-DSA,sign,87,165297,156
ML-DSA,sign,87,165299,157
ML-DSA,sign,87,333039,158
ML-DSA,sign,87,165289,159
ML-DSA,sign,87,343516,160
ML-DSA,sign,87,214169,161
ML-DSA,sign,87,165284,162
ML-DSA,sign,87,825389,163
ML-DSA,sign,87,165293,164
ML-DSA,sign,87,371503,165
ML-DSA,sign,87,381883,166
ML-DSA,sign,87,165308,167
ML-DSA,sign,87,165300,168
ML-DSA,sign,87,165296,169
ML-DSA,sign,87,549540,170
ML-DSA,sign,87,214109,171
ML-DSA,sign,87,479518,172
ML-DSA,sign,87,224719,173
ML-DSA,sign,87,224674,174
ML-DSA,sign,87,273548,175
ML-DSA,sign,87,371403,176
ML-DSA,sign,87,609088,177
ML-DSA,sign,87,214094,178
ML-DSA,sign,87,528312,179
ML-DSA,sign,87,322318,180
ML-DSA,sign,87,343648,181
ML-DSA,sign,87,165301,182
ML-DSA,sign,87,165301,183
ML-DSA,sign,87,165305,184
ML-DSA,sign,87,371411,185
ML-DSA,sign,87,224661,186
ML-DSA,sign,87,441297,187
ML-DSA,sign,87,441194,188
ML-DSA,sign,87,284115,189
ML-DSA,sign,87,343582,190
ML-DSA,sign,87,165291,191
ML-DSA,sign,87,165290,192
ML-DSA,sign,87,165323,193
ML-DSA,sign,87,224857,194
ML-DSA,sign,87,776464,195
ML-DSA,sign,87,333020,196
ML-DSA,sign,87,224722,197
ML-DSA,sign,87,284144,198
ML-DSA,sign,87,165318,199
ML-DSA,sign,87,490172,200
ML-DSA,sign,87,165293,201
ML-DSA,sign,87,273591,202
ML-DSA,sign,87,311874,203
ML-DSA,sign,87,165292,204
ML-DSA,sign,87,214216,205
ML-DSA,sign,87,165308,206
ML-DSA,sign,87,992967,207
ML-DSA,sign,87,263131,208
ML-DSA,sign,87,283961,209
ML-DSA,sign,87,214250,210
ML-DSA,sign,87,165291,211
ML-DSA,sign,87,1042009,212
ML-DSA,sign,87,490058,213
ML-DSA,sign,87,322417,214
ML-DSA,sign,87,165295,215
ML-DSA,sign,87,333018,216
ML-DSA,sign,87,333011,217
ML-DSA,sign,87,214131,218
ML-DSA,sign,87,332899,219
ML-DSA,sign,87,295316,220
ML-DSA,sign,87,430618,221
ML-DSA,sign,87,165291,222
ML-DSA,sign,87,263134,223
ML-DSA,sign,87,430741,224
ML-DSA,sign,87,1182189,225
ML-DSA,sign,87,284020,226
ML-DSA,sign,87,165294,227
ML-DSA,sign,87,273554,228
ML-DSA,sign,87,165310,229
ML-DSA,sign,87,224812,230
ML-DSA,sign,87,322469,231
ML-DSA,sign,87,165300,232
ML-DSA,sign,87,343520,233
ML-DSA,sign,87,165270,234
ML-DSA,sign,87,273504,235
ML-DSA,sign,87,165299,236
ML-DSA,sign,87,479396,237
ML-DSA,sign,87,273720,238
ML-DSA,sign,87,490164,239
ML-DSA,sign,87,539228,240
ML-DSA,sign,87,165291,241
ML-DSA,sign,87,224736,242
ML-DSA,sign,87,570689,243
ML-DSA,sign,87,479211,244
ML-DSA,sign,87,165315,245
ML-DSA,sign,87,468824,246
ML-DSA,sign,87,500722,247
ML-DSA,sign,87,214252,248
ML-DSA,sign,87,343450,249
ML-DSA,sign,87,165282,250
ML-DSA,sign,87,224847,251
ML-DSA,sign,87,382015,252
ML-DSA,sign,87,273631,253
ML-DSA,sign,87,214101,254
ML-DSA,sign,87,224799,255
ML-DSA,sign,87,262983,256
ML-DSA,sign,87,273628,257
ML-DSA,sign,87,322360,258
ML-DSA,sign,87,322570,259
ML-DSA,sign,87,165296,260
ML-DSA,sign,87,322373,261
ML-DSA,sign,87,165303,262
ML-DSA,sign,87,214132,263
ML-DSA,sign,87,332926,264
ML-DSA,sign,87,165293,265
ML-DSA,sign,87,1080143,266
ML-DSA,sign,87,392318,267
ML-DSA,sign,87,343515,268
ML-DSA,sign,87,678776,269
ML-DSA,sign,87,165329,270
ML-DSA,sign,87,371388,271
ML-DSA,sign,87,322331,272
ML-DSA,sign,87,224699,273
ML-DSA,sign,87,214236,274
ML-DSA,sign,87,165293,275
ML-DSA,sign,87,441392,276
ML-DSA,sign,87,214142,277
ML-DSA,sign,87,273499,278
ML-DSA,sign,87,441348,279
ML-DSA,sign,87,371142,280
ML-DSA,sign,87,165304,281
ML-DSA,sign,87,626033,282
ML-DSA,sign,87,224708,283
ML-DSA,sign,87,214206,284
ML-DSA,sign,87,165299,285
ML-DSA,sign,87,392536,286
ML-DSA,sign,87,165308,287
ML-DSA,sign,87,214231,288
ML-DSA,sign,87,165296,289
ML-DSA,sign,87,165277,290
ML-DSA,sign,87,381825,291
ML-DSA,sign,87,538887,292
ML-DSA,sign,87,657584,293
ML-DSA,sign,87,165299,294
ML-DSA,sign,87,214108,295
ML-DSA,sign,87,441976,296
ML-DSA,sign,87,165302,297
ML-DSA,sign,87,284034,298
ML-DSA,sign,87,165305,299
ML-DSA,sign,87,262911,300
ML-DSA,sign,87,332926,301
ML-DSA,sign,87,381848,302
ML-DSA,sign,87,165305,303
ML-DSA,sign,87,283983,304
ML-DSA,sign,87,165312,305
ML-DSA,sign,87,165303,306
ML-DSA,sign,87,214113,307
ML-DSA,sign,87,165285,308
ML-DSA,sign,87,333076,309
ML-DSA,sign,87,165306,310
ML-DSA,sign,87,630733,311
ML-DSA,sign,87,1020814,312
ML-DSA,sign,87,343501,313
ML-DSA,sign,87,441520,314
ML-DSA,sign,87,381723,315
ML-DSA,sign,87,224812,316
ML-DSA,sign,87,598406,317
ML-DSA,sign,87,165297,318
ML-DSA,sign,87,441288,319
ML-DSA,sign,87,1112103,320
ML-DSA,sign,87,165274,321
ML-DSA,sign,87,738414,322
ML-DSA,sign,87,381766,323
ML-DSA,sign,87,165293,324
ML-DSA,sign,87,165289,325
ML-DSA,sign,87,165300,326
ML-DSA,sign,87,273636,327
ML-DSA,sign,87,165305,328
ML-DSA,sign,87,224798,329
ML-DSA,sign,87,224693,330
ML-DSA,sign,87,273508,331
ML-DSA,sign,87,165288,332
ML-DSA,sign,87,343428,333
ML-DSA,sign,87,451600,334
ML-DSA,sign,87,273634,335
ML-DSA,sign,87,1447286,336
ML-DSA,sign,87,441218,337
ML-DSA,sign,87,273630,338
ML-DSA,sign,87,165295,339
ML-DSA,sign,87,332855,340
ML-DSA,sign,87,490038,341
ML-DSA,sign,87,469474,342
ML-DSA,sign,87,451925,343
ML-DSA,sign,87,165283,344
ML-DSA,sign,87,214223,345
ML-DSA,sign,87,381911,346
ML-DSA,sign,87,441493,347
ML-DSA,sign,87,392315,348
ML-DSA,sign,87,165292,349
ML-DSA,sign,87,263092,350
ML-DSA,sign,87,263120,351
ML-DSA,sign,87,332904,352
ML-DSA,sign,87,214113,353
ML-DSA,sign,87,668173,354
ML-DSA,sign,87,804321,355
ML-DSA,sign,87,165298,356
ML-DSA,sign,87,165305,357
ML-DSA,sign,87,392455,358
ML-DSA,sign,87,587762,359
ML-DSA,sign,87,165323,360
ML-DSA,sign,87,214139,361
ML-DSA,sign,87,549432,362
ML-DSA,sign,87,479566,363
ML-DSA,sign,87,891201,364
ML-DSA,sign,87,165286,365
ML-DSA,sign,87,165288,366
ML-DSA,sign,87,165312,367
ML-DSA,sign,87,165281,368
ML-DSA,sign,87,165315,369
ML-DSA,sign,87,284205,370
ML-DSA,sign,87,332853,371
ML-DSA,sign,87,500478,372
ML-DSA,sign,87,263097,373
ML-DSA,sign,87,165291,374
ML-DSA,sign,87,214222,375
ML-DSA,sign,87,224676,376
ML-DSA,sign,87,224767,377
ML-DSA,sign,87,343550,378
ML-DSA,sign,87,214107,379
ML-DSA,sign,87,165297,380
ML-DSA,sign,87,312088,381
ML-DSA,sign,87,214139,382
ML-DSA,sign,87,332957,383
ML-DSA,sign,87,263021,384
ML-DSA,sign,87,165289,385
ML-DSA,sign,87,214121,386
ML-DSA,sign,87,165296,387
ML-DSA,sign,87,273630,388
ML-DSA,sign,87,224817,389
ML-DSA,sign,87,570875,390
ML-DSA,sign,87,430603,391
ML-DSA,sign,87,214221,392
ML-DSA,sign,87,430541,393
ML-DSA,sign,87,273520,394
ML-DSA,sign,87,727488,395
ML-DSA,sign,87,332918,396
ML-DSA,sign,87,489947,397
ML-DSA,sign,87,549380,398
ML-DSA,sign,87,263017,399
ML-DSA,sign,87,262972,400
ML-DSA,sign,87,371228,401
ML-DSA,sign,87,284119,402
ML-DSA,sign,87,311859,403
ML-DSA,sign,87,224709,404
ML-DSA,sign,87,273675,405
ML-DSA,sign,87,165303,406
ML-DSA,sign,87,490031,407
ML-DSA,sign,87,165293,408
ML-DSA,sign,87,165286,409
ML-DSA,sign,87,165294,410
ML-DSA,sign,87,165311,411
ML-DSA,sign,87,332866,412
ML-DSA,sign,87,392656,413
ML-DSA,sign,87,224700,414
ML-DSA,sign,87,479721,415
ML-DSA,sign,87,381757,416
ML-DSA,sign,87,214117,417
ML-DSA,sign,87,165294,418
ML-DSA,sign,87,284158,419
ML-DSA,sign,87,214104,420
ML-DSA,sign,87,451775,421
ML-DSA,sign,87,284167,422
ML-DSA,sign,87,224684,423
ML-DSA,sign,87,333172,424
ML-DSA,sign,87,165300,425
ML-DSA,sign,87,165301,426
ML-DSA,sign,87,598364,427
ML-DSA,sign,87,381934,428
ML-DSA,sign,87,381864,429
ML-DSA,sign,87,165276,430
ML-DSA,sign,87,165299,431
ML-DSA,sign,87,863966,432
ML-DSA,sign,87,419935,433
ML-DSA,sign,87,263189,434
ML-DSA,sign,87,1020586,435
ML-DSA,sign,87,273606,436
ML-DSA,sign,87,490188,437
ML-DSA,sign,87,273565,438
ML-DSA,sign,87,224753,439
ML-DSA,sign,87,165304,440
ML-DSA,sign,87,165289,441
ML-DSA,sign,87,165291,442
ML-DSA,sign,87,224710,443
ML-DSA,sign,87,224828,444
ML-DSA,sign,87,441316,445
ML-DSA,sign,87,371365,446
ML-DSA,sign,87,322576,447
ML-DSA,sign,87,804471,448
ML-DSA,sign,87,322330,449
ML-DSA,sign,87,165315,450
ML-DSA,sign,87,224739,451
ML-DSA,sign,87,224748,452
ML-DSA,sign,87,549643,453
ML-DSA,sign,87,284091,454
ML-DSA,sign,87,1181560,455
ML-DSA,sign,87,224807,456
ML-DSA,sign,87,392462,457
ML-DSA,sign,87,706639,458
ML-DSA,sign,87,636832,459
ML-DSA,sign,87,371196,460
ML-DSA,sign,87,371349,461
ML-DSA,sign,87,214154,462
ML-DSA,sign,87,214262,463
ML-DSA,sign,87,273680,464
ML-DSA,sign,87,165308,465
ML-DSA,sign,87,441308,466
ML-DSA,sign,87,381862,467
ML-DSA,sign,87,214153,468
ML-DSA,sign,87,619665,469
ML-DSA,sign,87,165311,470
ML-DSA,sign,87,224777,471
ML-DSA,sign,87,165288,472
ML-DSA,sign,87,392418,473
ML-DSA,sign,87,657727,474
ML-DSA,sign,87,214157,475
ML-DSA,sign,87,322462,476
ML-DSA,sign,87,224766,477
ML-DSA,sign,87,165295,478
ML-DSA,sign,87,598556,479
ML-DSA,sign,87,322425,480
ML-DSA,sign,87,224796,481
ML-DSA,sign,87,165324,482
ML-DSA,sign,87,165305,483
ML-DSA,sign,87,214156,484
ML-DSA,sign,87,165303,485
ML-DSA,sign,87,441205,486
ML-DSA,sign,87,165292,487
ML-DSA,sign,87,441288,488
ML-DSA,sign,87,165295,489
ML-DSA,sign,87,479474,490
ML-DSA,sign,87,273621,491
ML-DSA,sign,87,273659,492
ML-DSA,sign,87,214125,493
ML-DSA,sign,87,165289,494
ML-DSA,sign,87,165302,495
ML-DSA,sign,87,333160,496
ML-DSA,sign,87,165329,497
ML-DSA,sign,87,284033,498
ML-DSA,sign,87,500585,499
ML-DSA,sign,87,262994,500
ML-DSA,sign,87,284141,501
ML-DSA,sign,87,165303,502
ML-DSA,sign,87,371166,503
ML-DSA,sign,87,224801,504
ML-DSA,sign,87,322576,505
ML-DSA,sign,87,224649,506
ML-DSA,sign,87,214104,507
ML-DSA,sign,87,441197,508
ML-DSA,sign,87,284062,509
ML-DSA,sign,87,598629,510
ML-DSA,sign,87,430906,511
ML-DSA,sign,87,165283,512
ML-DSA,sign,87,165292,513
ML-DSA,sign,87,322401,514
ML-DSA,sign,87,224769,515
ML-DSA,sign,87,343590,516
ML-DSA,sign,87,214222,517
ML-DSA,sign,87,165300,518
ML-DSA,sign,87,381820,519
ML-DSA,sign,87,165304,520
ML-DSA,sign,87,668299,521
ML-DSA,sign,87,273695,522
ML-DSA,sign,87,500557,523
ML-DSA,sign,87,273672,524
ML-DSA,sign,87,165277,525
ML-DSA,sign,87,538966,526
ML-DSA,sign,87,214146,527
ML-DSA,sign,87,776733,528
ML-DSA,sign,87,165272,529
ML-DSA,sign,87,629970,530
ML-DSA,sign,87,273534,531
ML-DSA,sign,87,528254,532
ML-DSA,sign,87,165298,533
ML-DSA,sign,87,371115,534
ML-DSA,sign,87,587849,535
ML-DSA,sign,87,500829,536
ML-DSA,sign,87,224690,537
ML-DSA,sign,87,678834,538
ML-DSA,sign,87,165308,539
ML-DSA,sign,87,224641,540
ML-DSA,sign,87,284146,541
ML-DSA,sign,87,214106,542
ML-DSA,sign,87,804422,543
ML-DSA,sign,87,668982,544
ML-DSA,sign,87,214086,545
ML-DSA,sign,87,214114,546
ML-DSA,sign,87,332969,547
ML-DSA,sign,87,608989,548
ML-DSA,sign,87,224767,549
ML-DSA,sign,87,165314,550
ML-DSA,sign,87,469021,551
ML-DSA,sign,87,165291,552
ML-DSA,sign,87,165285,553
ML-DSA,sign,87,224669,554
ML-DSA,sign,87,382019,555
ML-DSA,sign,87,224679,556
ML-DSA,sign,87,224776,557
ML-DSA,sign,87,490220,558
ML-DSA,sign,87,165295,559
ML-DSA,sign,87,598511,560
ML-DSA,sign,87,371513,561
ML-DSA,sign,87,165297,562
ML-DSA,sign,87,273441,563
ML-DSA,sign,87,333034,564
ML-DSA,sign,87,214230,565
ML-DSA,sign,87,490215,566
ML-DSA,sign,87,263202,567
ML-DSA,sign,87,322524,568
ML-DSA,sign,87,284121,569
ML-DSA,sign,87,165296,570
ML-DSA,sign,87,332985,571
ML-DSA,sign,87,165291,572
ML-DSA,sign,87,224785,573
ML-DSA,sign,87,392279,574
ML-DSA,sign,87,273604,575
ML-DSA,sign,87,224724,576
ML-DSA,sign,87,224669,577
ML-DSA,sign,87,392551,578
ML-DSA,sign,87,165278,579
ML-DSA,sign,87,214200,580
ML-DSA,sign,87,165293,581
ML-DSA,sign,87,273559,582
ML-DSA,sign,87,165285,583
ML-DSA,sign,87,165310,584
ML-DSA,sign,87,165303,585
ML-DSA,sign,87,322389,586
ML-DSA,sign,87,322519,587
ML-DSA,sign,87,685464,588
ML-DSA,sign,87,165304,589
ML-DSA,sign,87,322318,590
ML-DSA,sign,87,214182,591
ML-DSA,sign,87,273481,592
ML-DSA,sign,87,371138,593
ML-DSA,sign,87,224698,594
ML-DSA,sign,87,165317,595
ML-DSA,sign,87,961345,596
ML-DSA,sign,87,165288,597
ML-DSA,sign,87,214267,598
ML-DSA,sign,87,311815,599
ML-DSA,sign,87,214174,600
ML-DSA,sign,87,165305,601
ML-DSA,sign,87,214120,602
ML-DSA,sign,87,214166,603
ML-DSA,sign,87,343598,604
ML-DSA,sign,87,371371,605
ML-DSA,sign,87,273527,606
ML-DSA,sign,87,214144,607
ML-DSA,sign,87,322492,608
ML-DSA,sign,87,165283,609
ML-DSA,sign,87,273709,610
ML-DSA,sign,87,165299,611
ML-DSA,sign,87,392434,612
ML-DSA,sign,87,273526,613
ML-DSA,sign,87,343422,614
ML-DSA,sign,87,165304,615
ML-DSA,sign,87,381708,616
ML-DSA,sign,87,311884,617
ML-DSA,sign,87,284272,618
ML-DSA,sign,87,263089,619
ML-DSA,sign,87,381891,620
ML-DSA,sign,87,165300,621
ML-DSA,sign,87,224705,622
ML-DSA,sign,87,263109,623
ML-DSA,sign,87,262990,624
ML-DSA,sign,87,224785,625
ML-DSA,sign,87,165327,626
ML-DSA,sign,87,165293,627
ML-DSA,sign,87,165309,628
ML-DSA,sign,87,214147,629
ML-DSA,sign,87,165304,630
ML-DSA,sign,87,214245,631
ML-DSA,sign,87,273626,632
ML-DSA,sign,87,214228,633
ML-DSA,sign,87,224670,634
ML-DSA,sign,87,381840,635
ML-DSA,sign,87,273540,636
ML-DSA,sign,87,214164,637
ML-DSA,sign,87,511109,638
ML-DSA,sign,87,224738,639
ML-DSA,sign,87,322349,640
ML-DSA,sign,87,609237,641
ML-DSA,sign,87,165299,642
ML-DSA,sign,87,392166,643
ML-DSA,sign,87,284085,644
ML-DSA,sign,87,343463,645
ML-DSA,sign,87,165269,646
ML-DSA,sign,87,381881,647
ML-DSA,sign,87,538768,648
ML-DSA,sign,87,214166,649
ML-DSA,sign,87,284055,650
ML-DSA,sign,87,165292,651
ML-DSA,sign,87,165303,652
ML-DSA,sign,87,333050,653
ML-DSA,sign,87,165306,654
ML-DSA,sign,87,165324,655
ML-DSA,sign,87,165313,656
ML-DSA,sign,87,165291,657
ML-DSA,sign,87,489953,658
ML-DSA,sign,87,165287,659
ML-DSA,sign,87,165287,660
ML-DSA,sign,87,165297,661
ML-DSA,sign,87,381982,662
ML-DSA,sign,87,273609,663
ML-DSA,sign,87,165310,664
ML-DSA,sign,87,490302,665
ML-DSA,sign,87,262984,666
ML-DSA,sign,87,441088,667
ML-DSA,sign,87,165290,668
ML-DSA,sign,87,165295,669
ML-DSA,sign,87,165307,670
ML-DSA,sign,87,284227,671
ML-DSA,sign,87,165281,672
ML-DSA,sign,87,322455,673
ML-DSA,sign,87,765814,674
ML-DSA,sign,87,165279,675
ML-DSA,sign,87,944254,676
ML-DSA,sign,87,333012,677
ML-DSA,sign,87,284208,678
ML-DSA,sign,87,263133,679
ML-DSA,sign,87,224796,680
ML-DSA,sign,87,381863,681
ML-DSA,sign,87,382010,682
ML-DSA,sign,87,706529,683
ML-DSA,sign,87,214126,684
ML-DSA,sign,87,165298,685
ML-DSA,sign,87,787155,686
ML-DSA,sign,87,441242,687
ML-DSA,sign,87,333141,688
ML-DSA,sign,87,165286,689
ML-DSA,sign,87,262949,690
ML-DSA,sign,87,392519,691
ML-DSA,sign,87,214084,692
ML-DSA,sign,87,441245,693
ML-DSA,sign,87,333064,694
ML-DSA,sign,87,165287,695
ML-DSA,sign,87,332960,696
ML-DSA,sign,87,797774,697
ML-DSA,sign,87,165285,698
ML-DSA,sign,87,263014,699
ML-DSA,sign,87,165280,700
ML-DSA,sign,87,322241,701
ML-DSA,sign,87,609287,702
ML-DSA,sign,87,311876,703
ML-DSA,sign,87,657429,704
ML-DSA,sign,87,165302,705
ML-DSA,sign,87,273737,706
ML-DSA,sign,87,224803,707
ML-DSA,sign,87,273521,708
ML-DSA,sign,87,214176,709
ML-DSA,sign,87,214127,710
ML-DSA,sign,87,165293,711
ML-DSA,sign,87,717084,712
ML-DSA,sign,87,224670,713
ML-DSA,sign,87,371277,714
ML-DSA,sign,87,598414,715
ML-DSA,sign,87,165307,716
ML-DSA,sign,87,224756,717
ML-DSA,sign,87,333029,718
ML-DSA,sign,87,263077,719
ML-DSA,sign,87,381732,720
ML-DSA,sign,87,214210,721
ML-DSA,sign,87,273677,722
ML-DSA,sign,87,284139,723
ML-DSA,sign,87,284193,724
ML-DSA,sign,87,333149,725
ML-DSA,sign,87,224822,726
ML-DSA,sign,87,402957,727
ML-DSA,sign,87,214230,728
ML-DSA,sign,87,165313,729
ML-DSA,sign,87,224666,730
ML-DSA,sign,87,224727,731
ML-DSA,sign,87,333109,732
ML-DSA,sign,87,214121,733
ML-DSA,sign,87,224672,734
ML-DSA,sign,87,165303,735
ML-DSA,sign,87,333034,736
ML-DSA,sign,87,441427,737
ML-DSA,sign,87,598304,738
ML-DSA,sign,87,214086,739
ML-DSA,sign,87,165286,740
ML-DSA,sign,87,322413,741
ML-DSA,sign,87,165307,742
ML-DSA,sign,87,322483,743
ML-DSA,sign,87,284144,744
ML-DSA,sign,87,451903,745
ML-DSA,sign,87,311868,746
ML-DSA,sign,87,332852,747
ML-DSA,sign,87,538881,748
ML-DSA,sign,87,224693,749
ML-DSA,sign,87,224796,750
ML-DSA,sign,87,511089,751
ML-DSA,sign,87,165294,752
ML-DSA,sign,87,165310,753
ML-DSA,sign,87,165295,754
ML-DSA,sign,87,224650,755
ML-DSA,sign,87,165293,756
ML-DSA,sign,87,224692,757
ML-DSA,sign,87,262982,758
ML-DSA,sign,87,165305,759
ML-DSA,sign,87,441358,760
ML-DSA,sign,87,165292,761
ML-DSA,sign,87,165298,762
ML-DSA,sign,87,165280,763
ML-DSA,sign,87,451721,764
ML-DSA,sign,87,165304,765
ML-DSA,sign,87,322420,766
ML-DSA,sign,87,332916,767
ML-DSA,sign,87,598388,768
ML-DSA,sign,87,224698,769
ML-DSA,sign,87,224761,770
ML-DSA,sign,87,727658,771
ML-DSA,sign,87,333045,772
ML-DSA,sign,87,284135,773
ML-DSA,sign,87,214193,774
ML-DSA,sign,87,165273,775
ML-DSA,sign,87,587663,776
ML-DSA,sign,87,165272,777
ML-DSA,sign,87,165298,778
ML-DSA,sign,87,284180,779
ML-DSA,sign,87,165297,780
ML-DSA,sign,87,224817,781
ML-DSA,sign,87,371181,782
ML-DSA,sign,87,214115,783
ML-DSA,sign,87,224645,784
ML-DSA,sign,87,224775,785
ML-DSA,sign,87,284132,786
ML-DSA,sign,87,214157,787
ML-DSA,sign,87,165272,788
ML-DSA,sign,87,500603,789
ML-DSA,sign,87,165297,790
ML-DSA,sign,87,728052,791
ML-DSA,sign,87,165301,792
ML-DSA,sign,87,273509,793
ML-DSA,sign,87,165280,794
ML-DSA,sign,87,165312,795
ML-DSA,sign,87,214164,796
ML-DSA,sign,87,165313,797
ML-DSA,sign,87,343602,798
ML-DSA,sign,87,333075,799
ML-DSA,sign,87,451621,800
ML-DSA,sign,87,598428,801
ML-DSA,sign,87,165311,802
ML-DSA,sign,87,224695,803
ML-DSA,sign,87,273593,804
ML-DSA,sign,87,165291,805
ML-DSA,sign,87,224744,806
ML-DSA,sign,87,165305,807
ML-DSA,sign,87,165296,808
ML-DSA,sign,87,284110,809
ML-DSA,sign,87,333185,810
ML-DSA,sign,87,332980,811
ML-DSA,sign,87,381928,812
ML-DSA,sign,87,657796,813
ML-DSA,sign,87,214220,814
ML-DSA,sign,87,381792,815
ML-DSA,sign,87,165307,816
ML-DSA,sign,87,430777,817
ML-DSA,sign,87,224707,818
ML-DSA,sign,87,343494,819
ML-DSA,sign,87,165301,820
ML-DSA,sign,87,165290,821
ML-DSA,sign,87,451786,822
ML-DSA,sign,87,273478,823
ML-DSA,sign,87,430547,824
ML-DSA,sign,87,343628,825
ML-DSA,sign,87,392401,826
ML-DSA,sign,87,322406,827
ML-DSA,sign,87,441200,828
ML-DSA,sign,87,224712,829
ML-DSA,sign,87,776736,830
ML-DSA,sign,87,441240,831
ML-DSA,sign,87,598421,832
ML-DSA,sign,87,430656,833
ML-DSA,sign,87,441346,834
ML-DSA,sign,87,441063,835
ML-DSA,sign,87,392565,836
ML-DSA,sign,87,333007,837
ML-DSA,sign,87,570518,838
ML-DSA,sign,87,165288,839
ML-DSA,sign,87,500530,840
ML-DSA,sign,87,165296,841
ML-DSA,sign,87,165301,842
ML-DSA,sign,87,214178,843
ML-DSA,sign,87,263034,844
ML-DSA,sign,87,500472,845
ML-DSA,sign,87,165297,846
ML-DSA,sign,87,1436600,847
ML-DSA,sign,87,214147,848
ML-DSA,sign,87,165312,849
ML-DSA,sign,87,263018,850
ML-DSA,sign,87,322391,851
ML-DSA,sign,87,273506,852
ML-DSA,sign,87,549301,853
ML-DSA,sign,87,165288,854
ML-DSA,sign,87,224842,855
ML-DSA,sign,87,214204,856
ML-DSA,sign,87,273458,857
ML-DSA,sign,87,165306,858
ML-DSA,sign,87,273563,859
ML-DSA,sign,87,165302,860
ML-DSA,sign,87,647279,861
ML-DSA,sign,87,273573,862
ML-DSA,sign,87,214157,863
ML-DSA,sign,87,214169,864
ML-DSA,sign,87,695951,865
ML-DSA,sign,87,322551,866
ML-DSA,sign,87,165315,867
ML-DSA,sign,87,322445,868
ML-DSA,sign,87,165314,869
ML-DSA,sign,87,884941,870
ML-DSA,sign,87,332914,871
ML-DSA,sign,87,224712,872
ML-DSA,sign,87,214139,873
ML-DSA,sign,87,343516,874
ML-DSA,sign,87,343430,875
ML-DSA,sign,87,430662,876
ML-DSA,sign,87,165276,877
ML-DSA,sign,87,441202,878
ML-DSA,sign,87,214139,879
ML-DSA,sign,87,430847,880
ML-DSA,sign,87,668083,881
ML-DSA,sign,87,706683,882
ML-DSA,sign,87,165281,883
ML-DSA,sign,87,490171,884
ML-DSA,sign,87,333137,885
ML-DSA,sign,87,165275,886
ML-DSA,sign,87,165291,887
ML-DSA,sign,87,371344,888
ML-DSA,sign,87,214116,889
ML-DSA,sign,87,381763,890
ML-DSA,sign,87,619624,891
ML-DSA,sign,87,214112,892
ML-DSA,sign,87,273544,893
ML-DSA,sign,87,333040,894
ML-DSA,sign,87,381772,895
ML-DSA,sign,87,214270,896
ML-DSA,sign,87,273511,897
ML-DSA,sign,87,451867,898
ML-DSA,sign,87,549674,899
ML-DSA,sign,87,284136,900
ML-DSA,sign,87,165294,901
ML-DSA,sign,87,273734,902
ML-DSA,sign,87,284150,903
ML-DSA,sign,87,559872,904
ML-DSA,sign,87,273528,905
ML-DSA,sign,87,441051,906
ML-DSA,sign,87,490075,907
ML-DSA,sign,87,581138,908
ML-DSA,sign,87,165294,909
ML-DSA,sign,87,322420,910
ML-DSA,sign,87,224817,911
ML-DSA,sign,87,224673,912
ML-DSA,sign,87,165281,913
ML-DSA,sign,87,165318,914
ML-DSA,sign,87,528311,915
ML-DSA,sign,87,224684,916
ML-DSA,sign,87,165297,917
ML-DSA,sign,87,587820,918
ML-DSA,sign,87,549337,919
ML-DSA,sign,87,165313,920
ML-DSA,sign,87,961632,921
ML-DSA,sign,87,165314,922
ML-DSA,sign,87,224663,923
ML-DSA,sign,87,224703,924
ML-DSA,sign,87,322258,925
ML-DSA,sign,87,165280,926
ML-DSA,sign,87,224735,927
ML-DSA,sign,87,490015,928
ML-DSA,sign,87,332901,929
ML-DSA,sign,87,165286,930
ML-DSA,sign,87,441078,931
ML-DSA,sign,87,311997,932
ML-DSA,sign,87,165294,933
ML-DSA,sign,87,214115,934
ML-DSA,sign,87,224775,935
ML-DSA,sign,87,224688,936
ML-DSA,sign,87,392270,937
ML-DSA,sign,87,214116,938
ML-DSA,sign,87,165294,939
ML-DSA,sign,87,165320,940
ML-DSA,sign,87,581176,941
ML-DSA,sign,87,273645,942
ML-DSA,sign,87,658089,943
ML-DSA,sign,87,1003782,944
ML-DSA,sign,87,214114,945
ML-DSA,sign,87,165292,946
ML-DSA,sign,87,165287,947
ML-DSA,sign,87,392211,948
ML-DSA,sign,87,165285,949
ML-DSA,sign,87,284126,950
ML-DSA,sign,87,165292,951
ML-DSA,sign,87,1307090,952
ML-DSA,sign,87,333005,953
ML-DSA,sign,87,824952,954
ML-DSA,sign,87,165307,955
ML-DSA,sign,87,273510,956
ML-DSA,sign,87,214159,957
ML-DSA,sign,87,165277,958
ML-DSA,sign,87,224688,959
ML-DSA,sign,87,392613,960
ML-DSA,sign,87,528363,961
ML-DSA,sign,87,214247,962
ML-DSA,sign,87,214250,963
ML-DSA,sign,87,224848,964
ML-DSA,sign,87,165321,965
ML-DSA,sign,87,214252,966
ML-DSA,sign,87,165293,967
ML-DSA,sign,87,333006,968
ML-DSA,sign,87,165275,969
ML-DSA,sign,87,343610,970
ML-DSA,sign,87,165292,971
ML-DSA,sign,87,165292,972
ML-DSA,sign,87,165269,973
ML-DSA,sign,87,479418,974
ML-DSA,sign,87,538990,975
ML-DSA,sign,87,262988,976
ML-DSA,sign,87,165311,977
ML-DSA,sign,87,549212,978
ML-DSA,sign,87,263127,979
ML-DSA,sign,87,333045,980
ML-DSA,sign,87,165300,981
ML-DSA,sign,87,214130,982
ML-DSA,sign,87,165298,983
ML-DSA,sign,87,165295,984
ML-DSA,sign,87,214141,985
ML-DSA,sign,87,511072,986
ML-DSA,sign,87,214176,987
ML-DSA,sign,87,381531,988
ML-DSA,sign,87,165295,989
ML-DSA,sign,87,441345,990
ML-DSA,sign,87,165318,991
ML-DSA,sign,87,214191,992
ML-DSA,sign,87,392271,993
ML-DSA,sign,87,165294,994
ML-DSA,sign,87,490083,995
ML-DSA,sign,87,224649,996
ML-DSA,sign,87,392423,997
ML-DSA,sign,87,588117,998
ML-DSA,sign,87,490059,999
ML-DSA,sign,87,165298,1000
