invocation_id,block,key_id,message_id,rand_index,start_us,end_us,elapsed_us,K,reject_z,reject_w0,reject_ct0,reject_hint,sign_rc,verify_rc,siglen,rng_ok,k_ok
0,0,0,4,0,6963162,6984793,21631,1,0,0,0,0,0,0,2420,1,1
1,0,0,1,1,6999810,7021412,21602,1,0,0,0,0,0,0,2420,1,1
2,0,0,1,2,7036059,7065136,29077,2,1,0,0,0,0,0,2420,1,1
3,0,0,4,3,7079778,7101357,21579,1,0,0,0,0,0,0,2420,1,1
4,0,0,2,4,7115996,7170343,54347,5,2,2,0,0,0,0,2420,1,1
5,0,0,1,5,7184981,7215501,30520,2,0,1,0,0,0,0,2420,1,1
6,0,0,2,6,7230143,7251722,21579,1,0,0,0,0,0,0,2420,1,1
7,0,0,1,7,7266360,7287954,21594,1,0,0,0,0,0,0,2420,1,1
8,0,0,0,8,7302599,7434495,131896,15,10,4,0,0,0,0,2420,1,1
9,0,0,3,9,7449142,7537745,88603,9,3,5,0,0,0,0,2420,1,1
10,0,0,0,10,7552379,7678289,125910,14,8,5,0,0,0,0,2420,1,1
11,0,0,1,11,7692941,7714535,21594,1,0,0,0,0,0,0,2420,1,1
12,0,0,0,12,7729181,7782104,52923,5,3,1,0,0,0,0,2420,1,1
13,0,0,4,13,7796753,7833266,36513,3,2,0,0,0,0,0,2420,1,1
14,0,0,0,14,7847904,7893306,45402,4,2,1,0,0,0,0,2420,1,1
15,0,0,1,15,7907952,7929546,21594,1,0,0,0,0,0,0,2420,1,1
16,0,0,3,16,7944196,8006031,61835,6,3,2,0,0,0,0,2420,1,1
17,0,0,3,17,8020669,8077892,57223,5,0,4,0,0,0,0,2420,1,1
18,0,0,0,18,8092529,8137994,45465,4,2,1,0,0,0,0,2420,1,1
19,0,0,2,19,8152640,8183147,30507,2,0,1,0,0,0,0,2420,1,1
20,0,0,3,20,8197785,8219364,21579,1,0,0,0,0,0,0,2420,1,1
21,0,0,4,21,8234006,8347810,113804,12,4,7,0,0,0,0,2420,1,1
22,0,0,4,22,8362451,8416827,54376,5,2,2,0,0,0,0,2420,1,1
23,0,0,4,23,8431465,8453047,21582,1,0,0,0,0,0,0,2420,1,1
24,0,0,2,24,8467684,8522013,54329,5,2,2,0,0,0,0,2420,1,1
25,0,0,0,25,8536654,8558248,21594,1,0,0,0,0,0,0,2420,1,1
26,0,0,1,26,8572897,8594492,21595,1,0,0,0,0,0,0,2420,1,1
27,0,0,2,27,8609138,8670986,61848,6,3,2,0,0,0,0,2420,1,1
28,0,0,0,28,8685628,8723615,37987,3,1,1,0,0,0,0,2420,1,1
29,0,0,2,29,8738261,8807530,69269,7,4,2,0,0,0,0,2420,1,1
30,0,0,3,30,8822168,8843751,21583,1,0,0,0,0,0,0,2420,1,1
31,0,0,3,31,8858389,8879967,21578,1,0,0,0,0,0,0,2420,1,1
32,0,0,0,32,8894609,8923685,29076,2,1,0,0,0,0,0,2420,1,1
33,0,0,2,33,8938331,9001614,63283,6,2,3,0,0,0,0,2420,1,1
34,0,0,1,34,9016256,9081140,64884,6,2,2,0,1,0,0,2420,1,1
35,0,0,4,35,9095789,9208149,112360,12,5,6,0,0,0,0,2420,1,1
36,0,0,1,36,9222793,9278587,55794,5,1,3,0,0,0,0,2420,1,1
37,0,0,2,37,9293237,9357944,64707,6,1,4,0,0,0,0,2420,1,1
38,0,0,4,38,9372581,9535886,163305,19,13,5,0,0,0,0,2420,1,1
39,0,0,1,39,9550529,9587039,36510,3,2,0,0,0,0,0,2420,1,1
40,0,0,2,40,9601689,9623272,21583,1,0,0,0,0,0,0,2420,1,1
41,0,0,4,41,9637910,9668402,30492,2,0,1,0,0,0,0,2420,1,1
42,0,0,0,42,9683042,9721029,37987,3,1,1,0,0,0,0,2420,1,1
43,0,0,4,43,9735679,9766178,30499,2,0,1,0,0,0,0,2420,1,1
44,0,0,3,44,9780816,9802394,21578,1,0,0,0,0,0,0,2420,1,1
45,0,0,4,45,9817036,9886317,69281,7,4,2,0,0,0,0,2420,1,1
46,0,0,1,46,9900955,9922548,21593,1,0,0,0,0,0,0,2420,1,1
47,0,0,3,47,9937198,10007922,70724,7,3,3,0,0,0,0,2420,1,1
48,0,0,2,48,10022560,10044143,21583,1,0,0,0,0,0,0,2420,1,1
49,0,0,3,49,10058784,10203890,145106,16,7,8,0,0,0,0,2420,1,1
50,0,0,4,50,10218533,10319076,100543,11,7,3,0,0,0,0,2420,1,1
51,0,0,1,51,10333722,10419370,85648,9,5,3,0,0,0,0,2420,1,1
52,0,0,3,52,10434022,10498744,64722,6,1,4,0,0,0,0,2420,1,1
53,0,0,4,53,10513388,10534967,21579,1,0,0,0,0,0,0,2420,1,1
54,0,0,4,54,10549607,10571185,21578,1,0,0,0,0,0,0,2420,1,1
55,0,0,3,55,10585829,10677440,91611,9,2,5,0,1,0,0,2420,1,1
56,0,0,4,56,10692080,10713663,21583,1,0,0,0,0,0,0,2420,1,1
57,0,0,1,57,10728302,10749894,21592,1,0,0,0,0,0,0,2420,1,1
58,0,0,2,58,10764546,10878509,113963,12,5,5,0,1,0,0,2420,1,1
59,0,0,1,59,10893156,10914751,21595,1,0,0,0,0,0,0,2420,1,1
60,0,0,3,60,10929399,11023935,94536,10,5,4,0,0,0,0,2420,1,1
61,0,0,2,61,11038576,11076535,37959,3,1,1,0,0,0,0,2420,1,1
62,0,0,4,62,11091175,11138058,46883,4,1,2,0,0,0,0,2420,1,1
63,0,0,1,63,11152698,11318810,166112,19,11,7,0,0,0,0,2420,1,1
64,0,0,0,64,11333466,11363966,30500,2,0,1,0,0,0,0,2420,1,1
65,0,0,0,65,11378614,11431560,52946,5,3,1,0,0,0,0,2420,1,1
66,0,0,2,66,11446212,11484155,37943,3,1,1,0,0,0,0,2420,1,1
67,0,0,4,67,11498795,11620131,121336,13,5,7,0,0,0,0,2420,1,1
68,0,0,2,68,11634779,11665268,30489,2,0,1,0,0,0,0,2420,1,1
69,0,0,1,69,11679908,11750641,70733,7,3,3,0,0,0,0,2420,1,1
70,0,0,4,70,11765292,11810708,45416,4,2,1,0,0,0,0,2420,1,1
71,0,0,1,71,11825352,11861850,36498,3,2,0,0,0,0,0,2420,1,1
72,0,0,4,72,11876505,11898084,21579,1,0,0,0,0,0,0,2420,1,1
73,0,0,0,73,11912727,12002932,90205,10,8,1,0,0,0,0,2420,1,1
74,0,0,4,74,12017590,12071912,54322,5,2,2,0,0,0,0,2420,1,1
75,0,0,0,75,12086560,12132019,45459,4,2,1,0,0,0,0,2420,1,1
76,0,0,0,76,12146679,12168273,21594,1,0,0,0,0,0,0,2420,1,1
77,0,0,4,77,12182928,12246165,63237,6,2,3,0,0,0,0,2420,1,1
78,0,0,2,78,12260813,12298778,37965,3,1,1,0,0,0,0,2420,1,1
79,0,0,2,79,12313426,12335005,21579,1,0,0,0,0,0,0,2420,1,1
80,0,0,4,80,12349652,12401051,51399,5,4,0,0,0,0,0,2420,1,1
81,0,0,0,81,12415699,12461132,45433,4,2,1,0,0,0,0,2420,1,1
82,0,0,0,82,12475793,12512313,36520,3,2,0,0,0,0,0,2420,1,1
83,0,0,3,83,12526968,12591690,64722,6,1,4,0,0,0,0,2420,1,1
84,0,0,1,84,12606342,12653230,46888,4,1,2,0,0,0,0,2420,1,1
85,0,0,4,85,12667882,12689462,21580,1,0,0,0,0,0,0,2420,1,1
86,0,0,1,86,12704114,12725708,21594,1,0,0,0,0,0,0,2420,1,1
87,0,0,4,87,12740359,12769395,29036,2,1,0,0,0,0,0,2420,1,1
88,0,0,4,88,12784046,12805625,21579,1,0,0,0,0,0,0,2420,1,1
89,0,0,4,89,12820269,12899898,79629,8,3,4,0,0,0,0,2420,1,1
90,0,0,2,90,12914550,13009121,94571,10,5,4,0,0,0,0,2420,1,1
91,0,0,2,91,13023770,13061730,37960,3,1,1,0,0,0,0,2420,1,1
92,0,0,1,92,13076381,13105460,29079,2,1,0,0,0,0,0,2420,1,1
93,0,0,1,93,13120112,13150611,30499,2,0,1,0,0,0,0,2420,1,1
94,0,0,3,94,13165271,13186850,21579,1,0,0,0,0,0,0,2420,1,1
95,0,0,0,95,13201493,13231989,30496,2,0,1,0,0,0,0,2420,1,1
96,0,0,2,96,13246649,13268227,21578,1,0,0,0,0,0,0,2420,1,1
97,0,0,1,97,13282875,13320831,37956,3,1,1,0,0,0,0,2420,1,1
98,0,0,4,98,13335492,13357070,21578,1,0,0,0,0,0,0,2420,1,1
99,0,0,0,99,13371714,13418617,46903,4,1,2,0,0,0,0,2420,1,1
100,0,0,0,100,13433277,13454872,21595,1,0,0,0,0,0,0,2420,1,1
101,0,0,4,101,13469525,13500022,30497,2,0,1,0,0,0,0,2420,1,1
102,0,0,3,102,13514677,13573600,58923,6,5,0,0,0,0,0,2420,1,1
103,0,0,3,103,13588246,13618733,30487,2,0,1,0,0,0,0,2420,1,1
104,0,0,1,104,13633386,13669919,36533,3,2,0,0,0,0,0,2420,1,1
105,0,0,1,105,13684577,13706172,21595,1,0,0,0,0,0,0,2420,1,1
106,0,0,2,106,13720829,13784230,63401,6,3,1,0,1,0,0,2420,1,1
107,0,0,3,107,13798876,13820454,21578,1,0,0,0,0,0,0,2420,1,1
108,0,0,1,108,13835109,13898385,63276,6,2,3,0,0,0,0,2420,1,1
109,0,0,4,109,13913042,13983777,70735,7,3,3,0,0,0,0,2420,1,1
110,0,0,4,110,13998427,14051294,52867,5,3,1,0,0,0,0,2420,1,1
111,0,0,4,111,14065944,14094979,29035,2,1,0,0,0,0,0,2420,1,1
112,0,0,1,112,14109629,14187826,78197,8,4,3,0,0,0,0,2420,1,1
113,0,0,0,113,14202480,14299934,97454,10,3,6,0,0,0,0,2420,1,1
114,0,0,0,114,14314597,14343659,29062,2,1,0,0,0,0,0,2420,1,1
115,0,0,1,115,14358313,14387381,29068,2,1,0,0,0,0,0,2420,1,1
116,0,0,3,116,14402039,14423622,21583,1,0,0,0,0,0,0,2420,1,1
117,0,0,1,117,14438268,14459862,21594,1,0,0,0,0,0,0,2420,1,1
118,0,0,4,118,14474524,14496103,21579,1,0,0,0,0,0,0,2420,1,1
119,0,0,4,119,14510749,14539778,29029,2,1,0,0,0,0,0,2420,1,1
120,0,0,0,120,14554432,14593870,39438,3,0,2,0,0,0,0,2420,1,1
121,0,0,1,121,14608524,14653933,45409,4,2,1,0,0,0,0,2420,1,1
122,0,0,4,122,14668592,14706575,37983,3,1,1,0,0,0,0,2420,1,1
123,0,0,4,123,14721221,14759152,37931,3,1,1,0,0,0,0,2420,1,1
124,0,0,4,124,14773806,14804315,30509,2,0,1,0,0,0,0,2420,1,1
125,0,0,3,125,14818961,14880826,61865,6,3,2,0,0,0,0,2420,1,1
126,0,0,2,126,14895480,14917059,21579,1,0,0,0,0,0,0,2420,1,1
127,0,0,1,127,14931704,14960768,29064,2,1,0,0,0,0,0,2420,1,1
128,0,0,1,128,14975429,14997023,21594,1,0,0,0,0,0,0,2420,1,1
129,0,0,2,129,15011677,15033260,21583,1,0,0,0,0,0,0,2420,1,1
130,0,0,0,130,15047910,15076963,29053,2,1,0,0,0,0,0,2420,1,1
131,0,0,3,131,15091616,15113199,21583,1,0,0,0,0,0,0,2420,1,1
132,0,0,0,132,15127849,15149443,21594,1,0,0,0,0,0,0,2420,1,1
133,0,0,0,133,15164101,15217014,52913,5,3,1,0,0,0,0,2420,1,1
134,0,0,1,134,15231672,15253271,21599,1,0,0,0,0,0,0,2420,1,1
135,0,0,1,135,15267925,15305923,37998,3,1,1,0,0,0,0,2420,1,1
136,0,0,0,136,15320580,15357143,36563,3,2,0,0,0,0,0,2420,1,1
137,0,0,3,137,15371793,15402307,30514,2,0,1,0,0,0,0,2420,1,1
138,0,0,0,138,15416952,15454913,37961,3,1,1,0,0,0,0,2420,1,1
139,0,0,4,139,15469564,15498624,29060,2,1,0,0,0,0,0,2420,1,1
140,0,0,2,140,15513270,15551245,37975,3,1,1,0,0,0,0,2420,1,1
141,0,0,1,141,15565891,15603877,37986,3,1,1,0,0,0,0,2420,1,1
142,0,0,1,142,15618527,15696763,78236,8,4,3,0,0,0,0,2420,1,1
143,0,0,1,143,15711413,15749374,37961,3,1,1,0,0,0,0,2420,1,1
144,0,0,0,144,15764028,15785623,21595,1,0,0,0,0,0,0,2420,1,1
145,0,0,0,145,15800273,15868160,67887,7,5,1,0,0,0,0,2420,1,1
146,0,0,0,146,15882814,15904409,21595,1,0,0,0,0,0,0,2420,1,1
147,0,0,3,147,15919059,15964513,45454,4,2,1,0,0,0,0,2420,1,1
148,0,0,0,148,15979155,16000749,21594,1,0,0,0,0,0,0,2420,1,1
149,0,0,2,149,16015403,16044446,29043,2,1,0,0,0,0,0,2420,1,1
150,0,0,0,150,16059088,16131258,72170,7,2,4,0,0,0,0,2420,1,1
151,0,0,3,151,16145913,16182438,36525,3,2,0,0,0,0,0,2420,1,1
152,0,0,1,152,16197083,16250004,52921,5,3,1,0,0,0,0,2420,1,1
153,0,0,4,153,16264658,16286237,21579,1,0,0,0,0,0,0,2420,1,1
154,0,0,4,154,16300879,16329939,29060,2,1,0,0,0,0,0,2420,1,1
155,0,0,4,155,16344585,16391450,46865,4,1,2,0,0,0,0,2420,1,1
156,0,0,1,156,16406096,16444078,37982,3,1,1,0,0,0,0,2420,1,1
157,0,0,3,157,16458727,16496722,37995,3,1,1,0,0,0,0,2420,1,1
158,0,0,3,158,16511363,16559703,48340,4,0,3,0,0,0,0,2420,1,1
159,0,0,1,159,16574349,16595943,21594,1,0,0,0,0,0,0,2420,1,1
160,0,0,3,160,16610593,16632172,21579,1,0,0,0,0,0,0,2420,1,1
161,0,0,1,161,16646818,16690838,44020,4,3,0,0,0,0,0,2420,1,1
162,0,0,2,162,16705492,16758361,52869,5,3,1,0,0,0,0,2420,1,1
163,0,0,3,163,16773007,16833357,60350,6,4,1,0,0,0,0,2420,1,1
164,0,0,3,164,16847998,16885952,37954,3,1,1,0,0,0,0,2420,1,1
165,0,0,0,165,16900595,16929666,29071,2,1,0,0,0,0,0,2420,1,1
166,0,0,2,166,16944320,16973348,29028,2,1,0,0,0,0,0,2420,1,1
167,0,0,4,167,16987990,17009569,21579,1,0,0,0,0,0,0,2420,1,1
168,0,0,2,168,17024219,17045798,21579,1,0,0,0,0,0,0,2420,1,1
169,0,0,2,169,17060439,17082018,21579,1,0,0,0,0,0,0,2420,1,1
170,0,0,3,170,17096663,17125713,29050,2,1,0,0,0,0,0,2420,1,1
171,0,0,2,171,17140355,17161934,21579,1,0,0,0,0,0,0,2420,1,1
172,0,0,0,172,17176580,17205656,29076,2,1,0,0,0,0,0,2420,1,1
173,0,0,2,173,17220305,17241884,21579,1,0,0,0,0,0,0,2420,1,1
174,0,0,2,174,17256529,17346760,90231,10,8,1,0,0,0,0,2420,1,1
175,0,0,3,175,17361405,17391915,30510,2,0,1,0,0,0,0,2420,1,1
176,0,0,3,176,17406560,17444530,37970,3,1,1,0,0,0,0,2420,1,1
177,0,0,1,177,17459173,17497128,37955,3,1,1,0,0,0,0,2420,1,1
178,0,0,2,178,17511777,17606274,94497,10,5,4,0,0,0,0,2420,1,1
179,0,0,2,179,17620917,17642496,21579,1,0,0,0,0,0,0,2420,1,1
180,0,0,2,180,17657143,17704024,46881,4,1,2,0,0,0,0,2420,1,1
181,0,0,2,181,17718666,17781942,63276,6,2,3,0,0,0,0,2420,1,1
182,0,0,1,182,17796589,17904712,108123,12,8,3,0,0,0,0,2420,1,1
183,0,0,0,183,17919365,17964794,45429,4,2,1,0,0,0,0,2420,1,1
184,0,0,1,184,17979444,18001038,21594,1,0,0,0,0,0,0,2420,1,1
185,0,0,3,185,18015693,18080360,64667,6,1,4,0,0,0,0,2420,1,1
186,0,0,0,186,18095006,18150812,55806,5,1,3,0,0,0,0,2420,1,1
187,0,0,0,187,18165466,18203425,37959,3,1,1,0,0,0,0,2420,1,1
188,0,0,2,188,18218075,18312606,94531,10,5,4,0,0,0,0,2420,1,1
189,0,0,3,189,18327253,18365202,37949,3,1,1,0,0,0,0,2420,1,1
190,0,0,2,190,18379844,18410339,30495,2,0,1,0,0,0,0,2420,1,1
191,0,0,0,191,18424985,18446580,21595,1,0,0,0,0,0,0,2420,1,1
192,0,0,1,192,18461229,18497732,36503,3,2,0,0,0,0,0,2420,1,1
193,0,0,1,193,18512382,18533981,21599,1,0,0,0,0,0,0,2420,1,1
194,0,0,3,194,18548631,18579119,30488,2,0,1,0,0,0,0,2420,1,1
195,0,0,4,195,18593765,18677988,84223,9,6,2,0,0,0,0,2420,1,1
196,0,0,0,196,18692631,18736593,43962,4,3,0,0,0,0,0,2420,1,1
197,0,0,2,197,18751243,18829463,78220,8,4,3,0,0,0,0,2420,1,1
198,0,0,3,198,18844109,18898459,54350,5,2,2,0,0,0,0,2420,1,1
199,0,0,3,199,18913105,18942134,29029,2,1,0,0,0,0,0,2420,1,1
200,0,0,3,200,18956784,19009674,52890,5,3,1,0,0,0,0,2420,1,1
201,0,0,1,201,19024320,19045914,21594,1,0,0,0,0,0,0,2420,1,1
202,0,0,3,202,19060564,19117840,57276,5,0,4,0,0,0,0,2420,1,1
203,0,0,1,203,19132481,19161525,29044,2,1,0,0,0,0,0,2420,1,1
204,0,0,1,204,19176179,19212684,36505,3,2,0,0,0,0,0,2420,1,1
205,0,0,0,205,19227337,19271330,43993,4,3,0,0,0,0,0,2420,1,1
206,0,0,3,206,19285984,19315014,29030,2,1,0,0,0,0,0,2420,1,1
207,0,0,2,207,19329656,19360141,30485,2,0,1,0,0,0,0,2420,1,1
208,0,0,2,208,19374787,19435143,60356,6,4,1,0,0,0,0,2420,1,1
209,0,0,2,209,19449785,19527970,78185,8,4,3,0,0,0,0,2420,1,1
210,0,0,0,210,19542613,19589522,46909,4,1,2,0,0,0,0,2420,1,1
211,0,0,3,211,19604176,19648116,43940,4,3,0,0,0,0,0,2420,1,1
212,0,0,1,212,19662762,19802121,139359,16,11,4,0,0,0,0,2420,1,1
213,0,0,3,213,19816780,19860726,43946,4,3,0,0,0,0,0,2420,1,1
214,0,0,3,214,19875371,19896950,21579,1,0,0,0,0,0,0,2420,1,1
215,0,0,0,215,19911592,20013630,102038,11,6,4,0,0,0,0,2420,1,1
216,0,0,0,216,20028282,20049877,21595,1,0,0,0,0,0,0,2420,1,1
217,0,0,0,217,20064531,20101047,36516,3,2,0,0,0,0,0,2420,1,1
218,0,0,1,218,20115702,20199918,84216,9,6,2,0,0,0,0,2420,1,1
219,0,0,1,219,20214572,20245083,30511,2,0,1,0,0,0,0,2420,1,1
220,0,0,4,220,20259733,20281312,21579,1,0,0,0,0,0,0,2420,1,1
221,0,0,4,221,20295958,20341365,45407,4,2,1,0,0,0,0,2420,1,1
222,0,0,2,222,20356012,20385071,29059,2,1,0,0,0,0,0,2420,1,1
223,0,0,4,223,20399712,20428744,29032,2,1,0,0,0,0,0,2420,1,1
224,0,0,1,224,20443390,20537991,94601,10,5,4,0,0,0,0,2420,1,1
225,0,0,4,225,20552643,20574225,21582,1,0,0,0,0,0,0,2420,1,1
226,0,0,0,226,20588868,20617948,29080,2,1,0,0,0,0,0,2420,1,1
227,0,0,2,227,20632598,20670533,37935,3,1,1,0,0,0,0,2420,1,1
228,0,0,0,228,20685179,20723131,37952,3,1,1,0,0,0,0,2420,1,1
229,0,0,0,229,20737781,20759375,21594,1,0,0,0,0,0,0,2420,1,1
230,0,0,3,230,20774030,20795608,21578,1,0,0,0,0,0,0,2420,1,1
231,0,0,0,231,20810250,20831844,21594,1,0,0,0,0,0,0,2420,1,1
232,0,0,4,232,20846502,20868085,21583,1,0,0,0,0,0,0,2420,1,1
233,0,0,3,233,20882735,20928154,45419,4,2,1,0,0,0,0,2420,1,1
234,0,0,0,234,20942808,20964407,21599,1,0,0,0,0,0,0,2420,1,1
235,0,0,1,235,20979065,21049811,70746,7,3,3,0,0,0,0,2420,1,1
236,0,0,4,236,21064474,21086056,21582,1,0,0,0,0,0,0,2420,1,1
237,0,0,1,237,21100705,21122304,21599,1,0,0,0,0,0,0,2420,1,1
238,0,0,0,238,21136965,21158564,21599,1,0,0,0,0,0,0,2420,1,1
239,0,0,4,239,21173225,21209744,36519,3,2,0,0,0,0,0,2420,1,1
240,0,0,3,240,21224398,21245980,21582,1,0,0,0,0,0,0,2420,1,1
241,0,0,2,241,21260630,21282212,21582,1,0,0,0,0,0,0,2420,1,1
242,0,0,0,242,21296866,21334834,37968,3,1,1,0,0,0,0,2420,1,1
243,0,0,0,243,21349492,21378539,29047,2,1,0,0,0,0,0,2420,1,1
244,0,0,1,244,21393200,21480286,87086,9,4,4,0,0,0,0,2420,1,1
245,0,0,2,245,21494947,21556788,61841,6,3,2,0,0,0,0,2420,1,1
246,0,0,2,246,21571438,21593024,21586,1,0,0,0,0,0,0,2420,1,1
247,0,0,2,247,21607675,21636721,29046,2,1,0,0,0,0,0,2420,1,1
248,0,0,2,248,21651371,21738467,87096,9,4,4,0,0,0,0,2420,1,1
249,0,0,0,249,21753117,21800058,46941,4,1,2,0,0,0,0,2420,1,1
250,0,0,2,250,21814721,21885484,70763,7,3,3,0,0,0,0,2420,1,1
251,0,0,2,251,21900134,22043751,143617,16,8,7,0,0,0,0,2420,1,1
252,0,0,4,252,22058404,22118739,60335,6,4,1,0,0,0,0,2420,1,1
253,0,0,2,253,22133392,22171326,37934,3,1,1,0,0,0,0,2420,1,1
254,0,0,0,254,22185981,22207579,21598,1,0,0,0,0,0,0,2420,1,1
255,0,0,0,255,22222238,22275151,52913,5,3,1,0,0,0,0,2420,1,1
256,0,0,1,256,22289808,22320310,30502,2,0,1,0,0,0,0,2420,1,1
257,0,0,3,257,22334973,22422166,87193,9,4,4,0,0,0,0,2420,1,1
258,0,0,2,258,22436820,22467334,30514,2,0,1,0,0,0,0,2420,1,1
259,0,0,0,259,22481984,22528881,46897,4,1,2,0,0,0,0,2420,1,1
260,0,0,2,260,22543544,22565126,21582,1,0,0,0,0,0,0,2420,1,1
261,0,0,3,261,22579776,22601358,21582,1,0,0,0,0,0,0,2420,1,1
262,0,0,3,262,22616012,22637594,21582,1,0,0,0,0,0,0,2420,1,1
263,0,0,2,263,22652244,22697667,45423,4,2,1,0,0,0,0,2420,1,1
264,0,0,1,264,22712318,22741396,29078,2,1,0,0,0,0,0,2420,1,1
265,0,0,0,265,22756058,22819330,63272,6,2,3,0,0,0,0,2420,1,1
266,0,0,0,266,22833992,22863053,29061,2,1,0,0,0,0,0,2420,1,1
267,0,0,0,267,22877711,22899309,21598,1,0,0,0,0,0,0,2420,1,1
268,0,0,4,268,22913971,22951944,37973,3,1,1,0,0,0,0,2420,1,1
269,0,0,2,269,22966598,23004556,37958,3,1,1,0,0,0,0,2420,1,1
270,0,0,3,270,23019206,23064639,45433,4,2,1,0,0,0,0,2420,1,1
271,0,0,3,271,23079290,23124694,45404,4,2,1,0,0,0,0,2420,1,1
272,0,0,2,272,23139345,23184813,45468,4,2,1,0,0,0,0,2420,1,1
273,0,0,2,273,23199463,23221046,21583,1,0,0,0,0,0,0,2420,1,1
274,0,0,0,274,23235700,23257298,21598,1,0,0,0,0,0,0,2420,1,1
275,0,0,4,275,23271957,23309915,37958,3,1,1,0,0,0,0,2420,1,1
276,0,0,2,276,23324570,23399899,75329,8,6,1,0,0,0,0,2420,1,1
277,0,0,0,277,23414554,23436153,21599,1,0,0,0,0,0,0,2420,1,1
278,0,0,4,278,23450811,23488767,37956,3,1,1,0,0,0,0,2420,1,1
279,0,0,0,279,23503421,23580195,76774,8,5,2,0,0,0,0,2420,1,1
280,0,0,3,280,23594857,23632800,37943,3,1,1,0,0,0,0,2420,1,1
281,0,0,1,281,23647451,23692869,45418,4,2,1,0,0,0,0,2420,1,1
282,0,0,4,282,23707527,23754404,46877,4,1,2,0,0,0,0,2420,1,1
283,0,0,0,283,23769054,23815937,46883,4,1,2,0,0,0,0,2420,1,1
284,0,0,4,284,23830595,24015966,185371,21,10,10,0,0,0,0,2420,1,1
285,0,0,1,285,24030622,24067157,36535,3,2,0,0,0,0,0,2420,1,1
286,0,0,0,286,24081815,24133260,51445,5,4,0,0,0,0,0,2420,1,1
287,0,0,2,287,24147917,24191877,43960,4,3,0,0,0,0,0,2420,1,1
288,0,0,4,288,24206530,24244527,37997,3,1,1,0,0,0,0,2420,1,1
289,0,0,4,289,24259177,24338955,79778,8,4,2,0,1,0,0,2420,1,1
290,0,0,0,290,24353610,24375208,21598,1,0,0,0,0,0,0,2420,1,1
291,0,0,0,291,24389866,24411464,21598,1,0,0,0,0,0,0,2420,1,1
292,0,0,4,292,24426126,24447708,21582,1,0,0,0,0,0,0,2420,1,1
293,0,0,3,293,24462358,24483945,21587,1,0,0,0,0,0,0,2420,1,1
294,0,0,0,294,24498595,24542579,43984,4,3,0,0,0,0,0,2420,1,1
295,0,0,2,295,24557241,24578824,21583,1,0,0,0,0,0,0,2420,1,1
296,0,0,1,296,24593477,24658249,64772,6,1,4,0,0,0,0,2420,1,1
297,0,0,1,297,24672908,24694507,21599,1,0,0,0,0,0,0,2420,1,1
298,0,0,0,298,24709165,24747117,37952,3,1,1,0,0,0,0,2420,1,1
299,0,0,2,299,24761775,24848906,87131,9,4,4,0,0,0,0,2420,1,1
300,0,0,3,300,24863559,24926821,63262,6,2,3,0,0,0,0,2420,1,1
301,0,0,2,301,24941471,25013683,72212,7,2,4,0,0,0,0,2420,1,1
302,0,0,1,302,25028332,25049931,21599,1,0,0,0,0,0,0,2420,1,1
303,0,0,3,303,25064593,25095098,30505,2,0,1,0,0,0,0,2420,1,1
304,0,0,2,304,25109749,25165699,55950,5,2,1,0,1,0,0,2420,1,1
305,0,0,1,305,25180348,25201946,21598,1,0,0,0,0,0,0,2420,1,1
306,0,0,2,306,25216608,25238190,21582,1,0,0,0,0,0,0,2420,1,1
307,0,0,2,307,25252843,25274426,21583,1,0,0,0,0,0,0,2420,1,1
308,0,0,4,308,25289076,25367298,78222,8,4,3,0,0,0,0,2420,1,1
309,0,0,2,309,25381948,25443732,61784,6,3,2,0,0,0,0,2420,1,1
310,0,0,2,310,25458382,25520153,61771,6,3,2,0,0,0,0,2420,1,1
311,0,0,2,311,25534807,25589165,54358,5,2,2,0,0,0,0,2420,1,1
312,0,0,4,312,25603819,25683440,79621,8,3,4,0,0,0,0,2420,1,1
313,0,0,1,313,25698090,25789753,91663,10,7,2,0,0,0,0,2420,1,1
314,0,0,1,314,25804417,25849856,45439,4,2,1,0,0,0,0,2420,1,1
315,0,0,2,315,25864518,25901030,36512,3,2,0,0,0,0,0,2420,1,1
316,0,0,2,316,25915684,25937266,21582,1,0,0,0,0,0,0,2420,1,1
317,0,0,4,317,25951916,26110628,158712,18,10,7,0,0,0,0,2420,1,1
318,0,0,0,318,26125287,26154340,29053,2,1,0,0,0,0,0,2420,1,1
319,0,0,1,319,26168998,26198052,29054,2,1,0,0,0,0,0,2420,1,1
320,0,0,2,320,26212710,26234297,21587,1,0,0,0,0,0,0,2420,1,1
321,0,0,0,321,26248947,26279479,30532,2,0,1,0,0,0,0,2420,1,1
322,0,0,3,322,26294141,26332117,37976,3,1,1,0,0,0,0,2420,1,1
323,0,0,0,323,26346771,26375824,29053,2,1,0,0,0,0,0,2420,1,1
324,0,0,1,324,26390482,26452323,61841,6,3,2,0,0,0,0,2420,1,1
325,0,0,1,325,26466985,26558682,91697,10,7,2,0,0,0,0,2420,1,1
326,0,0,2,326,26573345,26609854,36509,3,2,0,0,0,0,0,2420,1,1
327,0,0,0,327,26624508,26661005,36497,3,2,0,0,0,0,0,2420,1,1
328,0,0,3,328,26675667,26731454,55787,5,1,3,0,0,0,0,2420,1,1
329,0,0,4,329,26746109,26767691,21582,1,0,0,0,0,0,0,2420,1,1
330,0,0,1,330,26782341,26811404,29063,2,1,0,0,0,0,0,2420,1,1
331,0,0,3,331,26826066,26898419,72353,7,3,2,0,1,0,0,2420,1,1
332,0,0,4,332,26913070,26943555,30485,2,0,1,0,0,0,0,2420,1,1
333,0,0,1,333,26958205,26979803,21598,1,0,0,0,0,0,0,2420,1,1
334,0,0,3,334,26994465,27016048,21583,1,0,0,0,0,0,0,2420,1,1
335,0,0,1,335,27030698,27061231,30533,2,0,1,0,0,0,0,2420,1,1
336,0,0,4,336,27075894,27112403,36509,3,2,0,0,0,0,0,2420,1,1
337,0,0,0,337,27127057,27211315,84258,9,6,2,0,0,0,0,2420,1,1
338,0,0,3,338,27225977,27262480,36503,3,2,0,0,0,0,0,2420,1,1
339,0,0,0,339,27277134,27306199,29065,2,1,0,0,0,0,0,2420,1,1
340,0,0,2,340,27320857,27358863,38006,3,1,1,0,0,0,0,2420,1,1
341,0,0,1,341,27373517,27411487,37970,3,1,1,0,0,0,0,2420,1,1
342,0,0,0,342,27426149,27464156,38007,3,1,1,0,0,0,0,2420,1,1
343,0,0,0,343,27478814,27533188,54374,5,2,2,0,0,0,0,2420,1,1
344,0,0,0,344,27547845,27569444,21599,1,0,0,0,0,0,0,2420,1,1
345,0,0,2,345,27584106,27653389,69283,7,4,2,0,0,0,0,2420,1,1
346,0,0,1,346,27668039,27713471,45432,4,2,1,0,0,0,0,2420,1,1
347,0,0,0,347,27728129,27749727,21598,1,0,0,0,0,0,0,2420,1,1
348,0,0,1,348,27764389,27815857,51468,5,4,0,0,0,0,0,2420,1,1
349,0,0,3,349,27830515,27934046,103531,11,5,5,0,0,0,0,2420,1,1
350,0,0,2,350,27948699,27970282,21583,1,0,0,0,0,0,0,2420,1,1
351,0,0,3,351,27984936,28066026,81090,8,2,5,0,0,0,0,2420,1,1
352,0,0,3,352,28080676,28102259,21583,1,0,0,0,0,0,0,2420,1,1
353,0,0,2,353,28116912,28138495,21583,1,0,0,0,0,0,0,2420,1,1
354,0,0,2,354,28153149,28183652,30503,2,0,1,0,0,0,0,2420,1,1
355,0,0,2,355,28198302,28227335,29033,2,1,0,0,0,0,0,2420,1,1
356,0,0,2,356,28241986,28297795,55809,5,1,3,0,0,0,0,2420,1,1
357,0,0,2,357,28312445,28357867,45422,4,2,1,0,0,0,0,2420,1,1
358,0,0,0,358,28372518,28419382,46864,4,1,2,0,0,0,0,2420,1,1
359,0,0,4,359,28434044,28470560,36516,3,2,0,0,0,0,0,2420,1,1
360,0,0,2,360,28485214,28539543,54329,5,2,2,0,0,0,0,2420,1,1
361,0,0,2,361,28554198,28575780,21582,1,0,0,0,0,0,0,2420,1,1
362,0,0,4,362,28590430,28689519,99089,11,8,2,0,0,0,0,2420,1,1
363,0,0,2,363,28704174,28734688,30514,2,0,1,0,0,0,0,2420,1,1
364,0,0,3,364,28749337,28812669,63332,6,2,3,0,0,0,0,2420,1,1
365,0,0,0,365,28827322,28848921,21599,1,0,0,0,0,0,0,2420,1,1
366,0,0,2,366,28863582,28955252,91670,10,7,2,0,0,0,0,2420,1,1
367,0,0,3,367,28969904,28991486,21582,1,0,0,0,0,0,0,2420,1,1
368,0,0,1,368,29006139,29059028,52889,5,3,1,0,0,0,0,2420,1,1
369,0,0,2,369,29073690,29111639,37949,3,1,1,0,0,0,0,2420,1,1
370,0,0,4,370,29126293,29147876,21583,1,0,0,0,0,0,0,2420,1,1
371,0,0,2,371,29162526,29207997,45471,4,2,1,0,0,0,0,2420,1,1
372,0,0,4,372,29222647,29244231,21584,1,0,0,0,0,0,0,2420,1,1
373,0,0,4,373,29258881,29311748,52867,5,3,1,0,0,0,0,2420,1,1
374,0,0,3,374,29326402,29362902,36500,3,2,0,0,0,0,0,2420,1,1
375,0,0,1,375,29377552,29399151,21599,1,0,0,0,0,0,0,2420,1,1
376,0,0,4,376,29413813,29442876,29063,2,1,0,0,0,0,0,2420,1,1
377,0,0,4,377,29457526,29486560,29034,2,1,0,0,0,0,0,2420,1,1
378,0,0,1,378,29501210,29585418,84208,9,6,2,0,0,0,0,2420,1,1
379,0,0,3,379,29600075,29663344,63269,6,2,3,0,0,0,0,2420,1,1
380,0,0,4,380,29677995,29707047,29052,2,1,0,0,0,0,0,2420,1,1
381,0,0,1,381,29721696,29770197,48501,4,1,1,0,1,0,0,2420,1,1
382,0,0,1,382,29784859,29821377,36518,3,2,0,0,0,0,0,2420,1,1
383,0,0,1,383,29836038,29902389,66351,7,6,0,0,0,0,0,2420,1,1
384,0,0,1,384,29917051,29986325,69274,7,4,2,0,0,0,0,2420,1,1
385,0,0,0,385,30000982,30030052,29070,2,1,0,0,0,0,0,2420,1,1
386,0,0,2,386,30044714,30066296,21582,1,0,0,0,0,0,0,2420,1,1
387,0,0,2,387,30080946,30102529,21583,1,0,0,0,0,0,0,2420,1,1
388,0,0,4,388,30117183,30156581,39398,3,0,2,0,0,0,0,2420,1,1
389,0,0,1,389,30171231,30216695,45464,4,2,1,0,0,0,0,2420,1,1
390,0,0,2,390,30231353,30260401,29048,2,1,0,0,0,0,0,2420,1,1
391,0,0,3,391,30275055,30314482,39427,3,0,2,0,0,0,0,2420,1,1
392,0,0,0,392,30329131,30383491,54360,5,2,2,0,0,0,0,2420,1,1
393,0,0,1,393,30398149,30419748,21599,1,0,0,0,0,0,0,2420,1,1
394,0,0,1,394,30434410,30456004,21594,1,0,0,0,0,0,0,2420,1,1
395,0,0,3,395,30470662,30492244,21582,1,0,0,0,0,0,0,2420,1,1
396,0,0,1,396,30506898,30561268,54370,5,2,2,0,0,0,0,2420,1,1
397,0,0,1,397,30575930,30646681,70751,7,3,3,0,0,0,0,2420,1,1
398,0,0,2,398,30661339,30682925,21586,1,0,0,0,0,0,0,2420,1,1
399,0,0,2,399,30697575,30734077,36502,3,2,0,0,0,0,0,2420,1,1
400,0,0,0,400,30748726,30822378,73652,7,1,5,0,0,0,0,2420,1,1
401,0,0,0,401,30837039,30875021,37982,3,1,1,0,0,0,0,2420,1,1
402,0,0,4,402,30889679,30920171,30492,2,0,1,0,0,0,0,2420,1,1
403,0,0,0,403,30934825,30972812,37987,3,1,1,0,0,0,0,2420,1,1
404,0,0,2,404,30987470,31017956,30486,2,0,1,0,0,0,0,2420,1,1
405,0,0,1,405,31032606,31054209,21603,1,0,0,0,0,0,0,2420,1,1
406,0,0,3,406,31068867,31153094,84227,9,6,2,0,0,0,0,2420,1,1
407,0,0,0,407,31167744,31214654,46910,4,1,2,0,0,0,0,2420,1,1
408,0,0,2,408,31229312,31250895,21583,1,0,0,0,0,0,0,2420,1,1
409,0,0,4,409,31265549,31287132,21583,1,0,0,0,0,0,0,2420,1,1
410,0,0,4,410,31301781,31381415,79634,8,3,4,0,0,0,0,2420,1,1
411,0,0,3,411,31396069,31417652,21583,1,0,0,0,0,0,0,2420,1,1
412,0,0,3,412,31432301,31502997,70696,7,3,3,0,0,0,0,2420,1,1
413,0,0,3,413,31517646,31548160,30514,2,0,1,0,0,0,0,2420,1,1
414,0,0,0,414,31562814,31666269,103455,11,5,5,0,0,0,0,2420,1,1
415,0,0,1,415,31680930,31726371,45441,4,2,1,0,0,0,0,2420,1,1
416,0,0,3,416,31741029,31778978,37949,3,1,1,0,0,0,0,2420,1,1
417,0,0,3,417,31793632,31815215,21583,1,0,0,0,0,0,0,2420,1,1
418,0,0,0,418,31829865,31851464,21599,1,0,0,0,0,0,0,2420,1,1
419,0,0,3,419,31866126,31887708,21582,1,0,0,0,0,0,0,2420,1,1
420,0,0,0,420,31902358,31932896,30538,2,0,1,0,0,0,0,2420,1,1
421,0,0,2,421,31947555,32034673,87118,9,4,4,0,0,0,0,2420,1,1
422,0,0,1,422,32049323,32147003,97680,10,4,4,0,1,0,0,2420,1,1
423,0,0,4,423,32161663,32217440,55777,5,1,3,0,0,0,0,2420,1,1
424,0,0,2,424,32232090,32384695,152605,17,8,8,0,0,0,0,2420,1,1
425,0,0,4,425,32399349,32420931,21582,1,0,0,0,0,0,0,2420,1,1
426,0,0,1,426,32435586,32479626,44040,4,3,0,0,0,0,0,2420,1,1
427,0,0,1,427,32494288,32532272,37984,3,1,1,0,0,0,0,2420,1,1
428,0,0,0,428,32546934,32584930,37996,3,1,1,0,0,0,0,2420,1,1
429,0,0,1,429,32599588,32655405,55817,5,1,3,0,0,0,0,2420,1,1
430,0,0,3,430,32670063,32716948,46885,4,1,2,0,0,0,0,2420,1,1
431,0,0,2,431,32731598,32771025,39427,3,0,2,0,0,0,0,2420,1,1
432,0,0,3,432,32785679,32807261,21582,1,0,0,0,0,0,0,2420,1,1
433,0,0,3,433,32821911,32850960,29049,2,1,0,0,0,0,0,2420,1,1
434,0,0,0,434,32865614,32921437,55823,5,1,3,0,0,0,0,2420,1,1
435,0,0,3,435,32936099,33029257,93158,10,6,3,0,0,0,0,2420,1,1
436,0,0,2,436,33043913,33083346,39433,3,0,2,0,0,0,0,2420,1,1
437,0,0,0,437,33097995,33271631,173636,20,12,7,0,0,0,0,2420,1,1
438,0,0,1,438,33286298,33410617,124319,13,4,7,0,1,0,0,2420,1,1
439,0,0,3,439,33425282,33446864,21582,1,0,0,0,0,0,0,2420,1,1
440,0,0,1,440,33461514,33509888,48374,4,0,3,0,0,0,0,2420,1,1
441,0,0,4,441,33524549,33555070,30521,2,0,1,0,0,0,0,2420,1,1
442,0,0,4,442,33569719,33615175,45456,4,2,1,0,0,0,0,2420,1,1
443,0,0,0,443,33629824,33658882,29058,2,1,0,0,0,0,0,2420,1,1
444,0,0,3,444,33673544,33718996,45452,4,2,1,0,0,0,0,2420,1,1
445,0,0,4,445,33733649,33771591,37942,3,1,1,0,0,0,0,2420,1,1
446,0,0,0,446,33786245,33834606,48361,4,0,3,0,0,0,0,2420,1,1
447,0,0,0,447,33849264,33870863,21599,1,0,0,0,0,0,0,2420,1,1
448,0,0,3,448,33885524,33916020,30496,2,0,1,0,0,0,0,2420,1,1
449,0,0,1,449,33930670,33977582,46912,4,1,2,0,0,0,0,2420,1,1
450,0,0,2,450,33992241,34013828,21587,1,0,0,0,0,0,0,2420,1,1
451,0,0,4,451,34028478,34058970,30492,2,0,1,0,0,0,0,2420,1,1
452,0,0,3,452,34073625,34102664,29039,2,1,0,0,0,0,0,2420,1,1
453,0,0,4,453,34117318,34138900,21582,1,0,0,0,0,0,0,2420,1,1
454,0,0,3,454,34153554,34182587,29033,2,1,0,0,0,0,0,2420,1,1
455,0,0,0,455,34197241,34267974,70733,7,3,3,0,0,0,0,2420,1,1
456,0,0,0,456,34282631,34319152,36521,3,2,0,0,0,0,0,2420,1,1
457,0,0,4,457,34333814,34455360,121546,14,11,2,0,0,0,0,2420,1,1
458,0,0,0,458,34470014,34549717,79703,8,3,4,0,0,0,0,2420,1,1
459,0,0,1,459,34564379,34650036,85657,9,5,3,0,0,0,0,2420,1,1
460,0,0,2,460,34664698,34693763,29065,2,1,0,0,0,0,0,2420,1,1
461,0,0,2,461,34708413,34785161,76748,8,5,2,0,0,0,0,2420,1,1
462,0,0,1,462,34799811,34821410,21599,1,0,0,0,0,0,0,2420,1,1
463,0,0,2,463,34836072,34857655,21583,1,0,0,0,0,0,0,2420,1,1
464,0,0,4,464,34872305,34925152,52847,5,3,1,0,0,0,0,2420,1,1
465,0,0,1,465,34939802,34976326,36524,3,2,0,0,0,0,0,2420,1,1
466,0,0,3,466,34990983,35084043,93060,10,6,3,0,0,0,0,2420,1,1
467,0,0,4,467,35098694,35145590,46896,4,1,2,0,0,0,0,2420,1,1
468,0,0,4,468,35160240,35190737,30497,2,0,1,0,0,0,0,2420,1,1
469,0,0,0,469,35205390,35261217,55827,5,1,3,0,0,0,0,2420,1,1
470,0,0,2,470,35275879,35346647,70768,7,3,3,0,0,0,0,2420,1,1
471,0,0,4,471,35361297,35390348,29051,2,1,0,0,0,0,0,2420,1,1
472,0,0,0,472,35405002,35478820,73818,7,2,3,0,1,0,0,2420,1,1
473,0,0,3,473,35493482,35538922,45440,4,2,1,0,0,0,0,2420,1,1
474,0,0,3,474,35553576,35598988,45412,4,2,1,0,0,0,0,2420,1,1
475,0,0,4,475,35613642,35635225,21583,1,0,0,0,0,0,0,2420,1,1
476,0,0,0,476,35649874,35687841,37967,3,1,1,0,0,0,0,2420,1,1
477,0,0,0,477,35702499,35724102,21603,1,0,0,0,0,0,0,2420,1,1
478,0,0,0,478,35738759,35782747,43988,4,3,0,0,0,0,0,2420,1,1
479,0,0,4,479,35797410,35860676,63266,6,2,3,0,0,0,0,2420,1,1
480,0,0,4,480,35875330,35896912,21582,1,0,0,0,0,0,0,2420,1,1
481,0,0,1,481,35911562,35958455,46893,4,1,2,0,0,0,0,2420,1,1
482,0,0,0,482,35973117,35994715,21598,1,0,0,0,0,0,0,2420,1,1
483,0,0,4,483,36009374,36086113,76739,8,5,2,0,0,0,0,2420,1,1
484,0,0,1,484,36100763,36122362,21599,1,0,0,0,0,0,0,2420,1,1
485,0,0,3,485,36137024,36158606,21582,1,0,0,0,0,0,0,2420,1,1
486,0,0,1,486,36173260,36194860,21600,1,0,0,0,0,0,0,2420,1,1
487,0,0,2,487,36209518,36271339,61821,6,3,2,0,0,0,0,2420,1,1
488,0,0,2,488,36285993,36331421,45428,4,2,1,0,0,0,0,2420,1,1
489,0,0,2,489,36346068,36384027,37959,3,1,1,0,0,0,0,2420,1,1
490,0,0,4,490,36398668,36420247,21579,1,0,0,0,0,0,0,2420,1,1
491,0,0,4,491,36434892,36474310,39418,3,0,2,0,0,0,0,2420,1,1
492,0,0,4,492,36488952,36517999,29047,2,1,0,0,0,0,0,2420,1,1
493,0,0,3,493,36532640,36561690,29050,2,1,0,0,0,0,0,2420,1,1
494,0,0,4,494,36576336,36638168,61832,6,3,2,0,0,0,0,2420,1,1
495,0,0,3,495,36652814,36681840,29026,2,1,0,0,0,0,0,2420,1,1
496,0,0,2,496,36696486,36734448,37962,3,1,1,0,0,0,0,2420,1,1
497,0,0,3,497,36749091,36809409,60318,6,4,1,0,0,0,0,2420,1,1
498,0,0,2,498,36824055,36869474,45419,4,2,1,0,0,0,0,2420,1,1
499,0,0,3,499,36884121,36922060,37939,3,1,1,0,0,0,0,2420,1,1
500,0,0,3,500,36936706,37025311,88605,9,3,5,0,0,0,0,2420,1,1
501,0,0,2,501,37039953,37077906,37953,3,1,1,0,0,0,0,2420,1,1
502,0,0,3,502,37092548,37178206,85658,9,5,3,0,0,0,0,2420,1,1
503,0,0,0,503,37192852,37221919,29067,2,1,0,0,0,0,0,2420,1,1
504,0,0,0,504,37236573,37387886,151313,17,10,5,0,1,0,0,2420,1,1
505,0,0,4,505,37402541,37447951,45410,4,2,1,0,0,0,0,2420,1,1
506,0,0,0,506,37462593,37500570,37977,3,1,1,0,0,0,0,2420,1,1
507,0,0,3,507,37515224,37544257,29033,2,1,0,0,0,0,0,2420,1,1
508,0,0,1,508,37558898,37605778,46880,4,1,2,0,0,0,0,2420,1,1
509,0,0,4,509,37620428,37673323,52895,5,3,1,0,0,0,0,2420,1,1
510,0,0,0,510,37687965,37709559,21594,1,0,0,0,0,0,0,2420,1,1
511,0,0,3,511,37724213,37745792,21579,1,0,0,0,0,0,0,2420,1,1
512,0,0,0,512,37760434,37822249,61815,6,3,2,0,0,0,0,2420,1,1
513,0,0,2,513,37836903,38007611,170708,20,14,5,0,0,0,0,2420,1,1
514,0,0,2,514,38022257,38061688,39431,3,0,2,0,0,0,0,2420,1,1
515,0,0,3,515,38076334,38112836,36502,3,2,0,0,0,0,0,2420,1,1
516,0,0,0,516,38127478,38172943,45465,4,2,1,0,0,0,0,2420,1,1
517,0,0,3,517,38187593,38250837,63244,6,2,3,0,0,0,0,2420,1,1
518,0,0,0,518,38265484,38325855,60371,6,4,1,0,0,0,0,2420,1,1
519,0,0,4,519,38340505,38378502,37997,3,1,1,0,0,0,0,2420,1,1
520,0,0,2,520,38393153,38423648,30495,2,0,1,0,0,0,0,2420,1,1
521,0,0,0,521,38438290,38459885,21595,1,0,0,0,0,0,0,2420,1,1
522,0,0,1,522,38474538,38566046,91508,9,1,7,0,0,0,0,2420,1,1
523,0,0,4,523,38580696,38609743,29047,2,1,0,0,0,0,0,2420,1,1
524,0,0,4,524,38624390,38689092,64702,6,1,4,0,0,0,0,2420,1,1
525,0,0,4,525,38703740,38741678,37938,3,1,1,0,0,0,0,2420,1,1
526,0,0,0,526,38756324,38792855,36531,3,2,0,0,0,0,0,2420,1,1
527,0,0,4,527,38807505,38829084,21579,1,0,0,0,0,0,0,2420,1,1
528,0,0,4,528,38843730,38874216,30486,2,0,1,0,0,0,0,2420,1,1
529,0,0,2,529,38888858,39104147,215289,25,14,10,0,0,0,0,2420,1,1
530,0,0,0,530,39118796,39140390,21594,1,0,0,0,0,0,0,2420,1,1
531,0,0,0,531,39155044,39209379,54335,5,2,2,0,0,0,0,2420,1,1
532,0,0,2,532,39224033,39261986,37953,3,1,1,0,0,0,0,2420,1,1
533,0,0,3,533,39276631,39345903,69272,7,4,2,0,0,0,0,2420,1,1
534,0,0,4,534,39360544,39429848,69304,7,4,2,0,0,0,0,2420,1,1
535,0,0,4,535,39444494,39482435,37941,3,1,1,0,0,0,0,2420,1,1
536,0,0,1,536,39497081,39527577,30496,2,0,1,0,0,0,0,2420,1,1
537,0,0,4,537,39542228,39602575,60347,6,4,1,0,0,0,0,2420,1,1
538,0,0,3,538,39617221,39699740,82519,8,1,6,0,0,0,0,2420,1,1
539,0,0,1,539,39714387,39735981,21594,1,0,0,0,0,0,0,2420,1,1
540,0,0,0,540,39750630,39810988,60358,6,4,1,0,0,0,0,2420,1,1
541,0,0,0,541,39825643,39854686,29043,2,1,0,0,0,0,0,2420,1,1
542,0,0,2,542,39869336,39899838,30502,2,0,1,0,0,0,0,2420,1,1
543,0,0,0,543,39914484,39967401,52917,5,3,1,0,0,0,0,2420,1,1
544,0,0,0,544,39982050,40003649,21599,1,0,0,0,0,0,0,2420,1,1
545,0,0,3,545,40018299,40047345,29046,2,1,0,0,0,0,0,2420,1,1
546,0,0,2,546,40061987,40131244,69257,7,4,2,0,0,0,0,2420,1,1
547,0,0,0,547,40145890,40167484,21594,1,0,0,0,0,0,0,2420,1,1
548,0,0,1,548,40182134,40220113,37979,3,1,1,0,0,0,0,2420,1,1
549,0,0,2,549,40234767,40299474,64707,6,1,4,0,0,0,0,2420,1,1
550,0,0,4,550,40314120,40335700,21580,1,0,0,0,0,0,0,2420,1,1
551,0,0,1,551,40350342,40413633,63291,6,2,3,0,0,0,0,2420,1,1
552,0,0,2,552,40428288,40515365,87077,9,4,4,0,0,0,0,2420,1,1
553,0,0,1,553,40530007,40576874,46867,4,1,2,0,0,0,0,2420,1,1
554,0,0,4,554,40591524,40730838,139314,16,11,4,0,0,0,0,2420,1,1
555,0,0,2,555,40745489,40783431,37942,3,1,1,0,0,0,0,2420,1,1
556,0,0,3,556,40798074,40819653,21579,1,0,0,0,0,0,0,2420,1,1
557,0,0,0,557,40834299,40864819,30520,2,0,1,0,0,0,0,2420,1,1
558,0,0,1,558,40879469,40932369,52900,5,3,1,0,0,0,0,2420,1,1
559,0,0,3,559,40947023,40968601,21578,1,0,0,0,0,0,0,2420,1,1
560,0,0,2,560,40983248,41013732,30484,2,0,1,0,0,0,0,2420,1,1
561,0,0,0,561,41028374,41049968,21594,1,0,0,0,0,0,0,2420,1,1
562,0,0,1,562,41064623,41141442,76819,8,5,2,0,0,0,0,2420,1,1
563,0,0,2,563,41156096,41177675,21579,1,0,0,0,0,0,0,2420,1,1
564,0,0,1,564,41192319,41213918,21599,1,0,0,0,0,0,0,2420,1,1
565,0,0,4,565,41228568,41288922,60354,6,4,1,0,0,0,0,2420,1,1
566,0,0,4,566,41303568,41419043,115475,13,9,3,0,0,0,0,2420,1,1
567,0,0,1,567,41433692,41462750,29058,2,1,0,0,0,0,0,2420,1,1
568,0,0,3,568,41477404,41513920,36516,3,2,0,0,0,0,0,2420,1,1
569,0,0,4,569,41528562,41599263,70701,7,3,3,0,0,0,0,2420,1,1
570,0,0,2,570,41613910,41651882,37972,3,1,1,0,0,0,0,2420,1,1
571,0,0,3,571,41666527,41688105,21578,1,0,0,0,0,0,0,2420,1,1
572,0,0,1,572,41702748,41724346,21598,1,0,0,0,0,0,0,2420,1,1
573,0,0,4,573,41738997,41784397,45400,4,2,1,0,0,0,0,2420,1,1
574,0,0,1,574,41799039,41908552,109513,12,7,4,0,0,0,0,2420,1,1
575,0,0,4,575,41923209,42029643,106434,11,3,7,0,0,0,0,2420,1,1
576,0,0,2,576,42044292,42073346,29054,2,1,0,0,0,0,0,2420,1,1
577,0,0,2,577,42087989,42134860,46871,4,1,2,0,0,0,0,2420,1,1
578,0,0,2,578,42149501,42203868,54367,5,2,2,0,0,0,0,2420,1,1
579,0,0,1,579,42218510,42326519,108009,12,8,3,0,0,0,0,2420,1,1
580,0,0,3,580,42341173,42370220,29047,2,1,0,0,0,0,0,2420,1,1
581,0,0,1,581,42384866,42430325,45459,4,2,1,0,0,0,0,2420,1,1
582,0,0,3,582,42444979,42499333,54354,5,2,2,0,0,0,0,2420,1,1
583,0,0,1,583,42513979,42560853,46874,4,1,2,0,0,0,0,2420,1,1
584,0,0,3,584,42575512,42619502,43990,4,3,0,0,0,0,0,2420,1,1
585,0,0,3,585,42634148,42673568,39420,3,0,2,0,0,0,0,2420,1,1
586,0,0,1,586,42688210,42726209,37999,3,1,1,0,0,0,0,2420,1,1
587,0,0,3,587,42740859,42793738,52879,5,3,1,0,0,0,0,2420,1,1
588,0,0,2,588,42808380,42837425,29045,2,1,0,0,0,0,0,2420,1,1
589,0,0,2,589,42852067,42900405,48338,4,0,3,0,0,0,0,2420,1,1
590,0,0,1,590,42915051,42944118,29067,2,1,0,0,0,0,0,2420,1,1
591,0,0,0,591,42958769,42980363,21594,1,0,0,0,0,0,0,2420,1,1
592,0,0,2,592,42995018,43050852,55834,5,1,3,0,0,0,0,2420,1,1
593,0,0,4,593,43065499,43094554,29055,2,1,0,0,0,0,0,2420,1,1
594,0,0,2,594,43109196,43156081,46885,4,1,2,0,0,0,0,2420,1,1
595,0,0,3,595,43170723,43192302,21579,1,0,0,0,0,0,0,2420,1,1
596,0,0,3,596,43206949,43228527,21578,1,0,0,0,0,0,0,2420,1,1
597,0,0,2,597,43243173,43328842,85669,9,5,3,0,0,0,0,2420,1,1
598,0,0,2,598,43343488,43372544,29056,2,1,0,0,0,0,0,2420,1,1
599,0,0,4,599,43387189,43416217,29028,2,1,0,0,0,0,0,2420,1,1
600,0,0,4,600,43430860,43476261,45401,4,2,1,0,0,0,0,2420,1,1
601,0,0,3,601,43490903,43527409,36506,3,2,0,0,0,0,0,2420,1,1
602,0,0,3,602,43542051,43571083,29032,2,1,0,0,0,0,0,2420,1,1
603,0,0,1,603,43585730,43678892,93162,10,6,3,0,0,0,0,2420,1,1
604,0,0,1,604,43693548,43783637,90089,9,2,6,0,0,0,0,2420,1,1
605,0,0,4,605,43798287,43828806,30519,2,0,1,0,0,0,0,2420,1,1
606,0,0,3,606,43843451,43906744,63293,6,2,3,0,0,0,0,2420,1,1
607,0,0,2,607,43921386,44004120,82734,9,7,1,0,0,0,0,2420,1,1
608,0,0,1,608,44018763,44047806,29043,2,1,0,0,0,0,0,2420,1,1
609,0,0,4,609,44062456,44091489,29033,2,1,0,0,0,0,0,2420,1,1
610,0,0,4,610,44106136,44159011,52875,5,3,1,0,0,0,0,2420,1,1
611,0,0,4,611,44173657,44195236,21579,1,0,0,0,0,0,0,2420,1,1
612,0,0,1,612,44209878,44231472,21594,1,0,0,0,0,0,0,2420,1,1
613,0,0,3,613,44246126,44267704,21578,1,0,0,0,0,0,0,2420,1,1
614,0,0,4,614,44282346,44312861,30515,2,0,1,0,0,0,0,2420,1,1
615,0,0,3,615,44327504,44416026,88522,9,3,5,0,0,0,0,2420,1,1
616,0,0,3,616,44430672,44514881,84209,9,6,2,0,0,0,0,2420,1,1
617,0,0,1,617,44529524,44560039,30515,2,0,1,0,0,0,0,2420,1,1
618,0,0,4,618,44574693,44596271,21578,1,0,0,0,0,0,0,2420,1,1
619,0,0,3,619,44610913,44639969,29056,2,1,0,0,0,0,0,2420,1,1
620,0,0,1,620,44654615,44676210,21595,1,0,0,0,0,0,0,2420,1,1
621,0,0,3,621,44690860,44712438,21578,1,0,0,0,0,0,0,2420,1,1
622,0,0,4,622,44727084,44748661,21577,1,0,0,0,0,0,0,2420,1,1
623,0,0,2,623,44763307,44784886,21579,1,0,0,0,0,0,0,2420,1,1
624,0,0,3,624,44799528,44821107,21579,1,0,0,0,0,0,0,2420,1,1
625,0,0,0,625,44835753,44915440,79687,8,3,4,0,0,0,0,2420,1,1
626,0,0,4,626,44930091,44976976,46885,4,1,2,0,0,0,0,2420,1,1
627,0,0,3,627,44991619,45013202,21583,1,0,0,0,0,0,0,2420,1,1
628,0,0,4,628,45027844,45049423,21579,1,0,0,0,0,0,0,2420,1,1
629,0,0,2,629,45064069,45093118,29049,2,1,0,0,0,0,0,2420,1,1
630,0,0,1,630,45107760,45129355,21595,1,0,0,0,0,0,0,2420,1,1
631,0,0,0,631,45144010,45173063,29053,2,1,0,0,0,0,0,2420,1,1
632,0,0,3,632,45187713,45271924,84211,9,6,2,0,0,0,0,2420,1,1
633,0,0,1,633,45286570,45315615,29045,2,1,0,0,0,0,0,2420,1,1
634,0,0,2,634,45330266,45351844,21578,1,0,0,0,0,0,0,2420,1,1
635,0,0,2,635,45366490,45410426,43936,4,3,0,0,0,0,0,2420,1,1
636,0,0,2,636,45425071,45463018,37947,3,1,1,0,0,0,0,2420,1,1
637,0,0,2,637,45477661,45514171,36510,3,2,0,0,0,0,0,2420,1,1
638,0,0,3,638,45528812,45660746,131934,15,10,4,0,0,0,0,2420,1,1
639,0,0,3,639,45675396,45772885,97489,10,3,6,0,0,0,0,2420,1,1
640,0,0,2,640,45787529,45825480,37951,3,1,1,0,0,0,0,2420,1,1
641,0,0,0,641,45840123,45887042,46919,4,1,2,0,0,0,0,2420,1,1
642,0,0,4,642,45901692,45963517,61825,6,3,2,0,0,0,0,2420,1,1
643,0,0,2,643,45978160,46007197,29037,2,1,0,0,0,0,0,2420,1,1
644,0,0,3,644,46021839,46043422,21583,1,0,0,0,0,0,0,2420,1,1
645,0,0,4,645,46058064,46110904,52840,5,3,1,0,0,0,0,2420,1,1
646,0,0,2,646,46125550,46154607,29057,2,1,0,0,0,0,0,2420,1,1
647,0,0,0,647,46169250,46248914,79664,8,3,4,0,0,0,0,2420,1,1
648,0,0,4,648,46263571,46302989,39418,3,0,2,0,0,0,0,2420,1,1
649,0,0,4,649,46317631,46473335,155704,18,12,5,0,0,0,0,2420,1,1
650,0,0,3,650,46487982,46509560,21578,1,0,0,0,0,0,0,2420,1,1
651,0,0,3,651,46524207,46592036,67829,7,5,1,0,0,0,0,2420,1,1
652,0,0,1,652,46606683,46692367,85684,9,5,3,0,0,0,0,2420,1,1
653,0,0,1,653,46707021,46786644,79623,8,3,4,0,0,0,0,2420,1,1
654,0,0,1,654,46801294,46848239,46945,4,1,2,0,0,0,0,2420,1,1
655,0,0,0,655,46862893,46909801,46908,4,1,2,0,0,0,0,2420,1,1
656,0,0,0,656,46924454,46946049,21595,1,0,0,0,0,0,0,2420,1,1
657,0,0,3,657,46960699,46989732,29033,2,1,0,0,0,0,0,2420,1,1
658,0,0,3,658,47004379,47034871,30492,2,0,1,0,0,0,0,2420,1,1
659,0,0,3,659,47049513,47079993,30480,2,0,1,0,0,0,0,2420,1,1
660,0,0,2,660,47094639,47141517,46878,4,1,2,0,0,0,0,2420,1,1
661,0,0,0,661,47156164,47216519,60355,6,4,1,0,0,0,0,2420,1,1
662,0,0,4,662,47231170,47313935,82765,9,7,1,0,0,0,0,2420,1,1
663,0,0,0,663,47328577,47380044,51467,5,4,0,0,0,0,0,2420,1,1
664,0,0,0,664,47394699,47440117,45418,4,2,1,0,0,0,0,2420,1,1
665,0,0,3,665,47454771,47485258,30487,2,0,1,0,0,0,0,2420,1,1
666,0,0,1,666,47499900,47521494,21594,1,0,0,0,0,0,0,2420,1,1
667,0,0,0,667,47536148,47557742,21594,1,0,0,0,0,0,0,2420,1,1
668,0,0,1,668,47572392,47608939,36547,3,2,0,0,0,0,0,2420,1,1
669,0,0,4,669,47623593,47671929,48336,4,0,3,0,0,0,0,2420,1,1
670,0,0,4,670,47686575,47723077,36502,3,2,0,0,0,0,0,2420,1,1
671,0,0,4,671,47737719,47789135,51416,5,4,0,0,0,0,0,2420,1,1
672,0,0,2,672,47803780,47834289,30509,2,0,1,0,0,0,0,2420,1,1
673,0,0,1,673,47848931,47910729,61798,6,3,2,0,0,0,0,2420,1,1
674,0,0,1,674,47925383,47961894,36511,3,2,0,0,0,0,0,2420,1,1
675,0,0,1,675,47976547,48005592,29045,2,1,0,0,0,0,0,2420,1,1
676,0,0,3,676,48020242,48041821,21579,1,0,0,0,0,0,0,2420,1,1
677,0,0,0,677,48056467,48085521,29054,2,1,0,0,0,0,0,2420,1,1
678,0,0,4,678,48100171,48159012,58841,6,5,0,0,0,0,0,2420,1,1
679,0,0,3,679,48173658,48204145,30487,2,0,1,0,0,0,0,2420,1,1
680,0,0,4,680,48218792,48249291,30499,2,0,1,0,0,0,0,2420,1,1
681,0,0,1,681,48263938,48294446,30508,2,0,1,0,0,0,0,2420,1,1
682,0,0,4,682,48309095,48394739,85644,9,5,3,0,0,0,0,2420,1,1
683,0,0,3,683,48409382,48430961,21579,1,0,0,0,0,0,0,2420,1,1
684,0,0,1,684,48445607,48467201,21594,1,0,0,0,0,0,0,2420,1,1
685,0,0,3,685,48481851,48512333,30482,2,0,1,0,0,0,0,2420,1,1
686,0,0,1,686,48526979,48660268,133289,15,9,5,0,0,0,0,2420,1,1
687,0,0,0,687,48674926,48721803,46877,4,1,2,0,0,0,0,2420,1,1
688,0,0,1,688,48736458,48772976,36518,3,2,0,0,0,0,0,2420,1,1
689,0,0,3,689,48787626,48809205,21579,1,0,0,0,0,0,0,2420,1,1
690,0,0,0,690,48823851,48845445,21594,1,0,0,0,0,0,0,2420,1,1
691,0,0,3,691,48860095,48881674,21579,1,0,0,0,0,0,0,2420,1,1
692,0,0,2,692,48896320,48925363,29043,2,1,0,0,0,0,0,2420,1,1
693,0,0,1,693,48940005,49061539,121534,14,11,2,0,0,0,0,2420,1,1
694,0,0,4,694,49076198,49097777,21579,1,0,0,0,0,0,0,2420,1,1
695,0,0,3,695,49112419,49157848,45429,4,2,1,0,0,0,0,2420,1,1
696,0,0,3,696,49172491,49201532,29041,2,1,0,0,0,0,0,2420,1,1
697,0,0,1,697,49216178,49246680,30502,2,0,1,0,0,0,0,2420,1,1
698,0,0,1,698,49261330,49330602,69272,7,4,2,0,0,0,0,2420,1,1
699,0,0,2,699,49345256,49374298,29042,2,1,0,0,0,0,0,2420,1,1
700,0,0,0,700,49388940,49450736,61796,6,3,2,0,0,0,0,2420,1,1
701,0,0,2,701,49465390,49486968,21578,1,0,0,0,0,0,0,2420,1,1
702,0,0,4,702,49501611,49554508,52897,5,3,1,0,0,0,0,2420,1,1
703,0,0,1,703,49569150,49641379,72229,7,2,4,0,0,0,0,2420,1,1
704,0,0,2,704,49656033,49779055,123022,14,10,3,0,0,0,0,2420,1,1
705,0,0,3,705,49793706,49815285,21579,1,0,0,0,0,0,0,2420,1,1
706,0,0,0,706,49829927,49940891,110964,12,6,5,0,0,0,0,2420,1,1
707,0,0,0,707,49955550,49977145,21595,1,0,0,0,0,0,0,2420,1,1
708,0,0,3,708,49991794,50120744,128950,14,7,5,0,1,0,0,2420,1,1
709,0,0,1,709,50135393,50156987,21594,1,0,0,0,0,0,0,2420,1,1
710,0,0,4,710,50171639,50225992,54353,5,2,2,0,0,0,0,2420,1,1
711,0,0,2,711,50240634,50269671,29037,2,1,0,0,0,0,0,2420,1,1
712,0,0,1,712,50284321,50371529,87208,9,4,4,0,0,0,0,2420,1,1
713,0,0,3,713,50386183,50407762,21579,1,0,0,0,0,0,0,2420,1,1
714,0,0,0,714,50422404,50452937,30533,2,0,1,0,0,0,0,2420,1,1
715,0,0,4,715,50467587,50505544,37957,3,1,1,0,0,0,0,2420,1,1
716,0,0,3,716,50520186,50541765,21579,1,0,0,0,0,0,0,2420,1,1
717,0,0,4,717,50556411,50619633,63222,6,2,3,0,0,0,0,2420,1,1
718,0,0,3,718,50634279,50679721,45442,4,2,1,0,0,0,0,2420,1,1
719,0,0,3,719,50694368,50739828,45460,4,2,1,0,0,0,0,2420,1,1
720,0,0,2,720,50754475,50784977,30502,2,0,1,0,0,0,0,2420,1,1
721,0,0,3,721,50799619,50935811,136192,15,7,7,0,0,0,0,2420,1,1
722,0,0,2,722,50950456,50980946,30490,2,0,1,0,0,0,0,2420,1,1
723,0,0,0,723,50995592,51032119,36527,3,2,0,0,0,0,0,2420,1,1
724,0,0,0,724,51046774,51147346,100572,11,7,3,0,0,0,0,2420,1,1
725,0,0,1,725,51161999,51232972,70973,7,4,1,0,1,0,0,2420,1,1
726,0,0,0,726,51247622,51276692,29070,2,1,0,0,0,0,0,2420,1,1
727,0,0,1,727,51291342,51329320,37978,3,1,1,0,0,0,0,2420,1,1
728,0,0,3,728,51343974,51373009,29035,2,1,0,0,0,0,0,2420,1,1
729,0,0,1,729,51387652,51425611,37959,3,1,1,0,0,0,0,2420,1,1
730,0,0,1,730,51440261,51469308,29047,2,1,0,0,0,0,0,2420,1,1
731,0,0,2,731,51483962,51530835,46873,4,1,2,0,0,0,0,2420,1,1
732,0,0,2,732,51545481,51677376,131895,15,10,4,0,0,0,0,2420,1,1
733,0,0,4,733,51692023,51762789,70766,7,3,3,0,0,0,0,2420,1,1
734,0,0,0,734,51777432,51880936,103504,11,5,5,0,0,0,0,2420,1,1
735,0,0,1,735,51895593,51935047,39454,3,0,2,0,0,0,0,2420,1,1
736,0,0,1,736,51949698,51980224,30526,2,0,1,0,0,0,0,2420,1,1
737,0,0,4,737,51994878,52016456,21578,1,0,0,0,0,0,0,2420,1,1
738,0,0,3,738,52031099,52052677,21578,1,0,0,0,0,0,0,2420,1,1
739,0,0,2,739,52067323,52170820,103497,11,5,5,0,0,0,0,2420,1,1
740,0,0,1,740,52185469,52215964,30495,2,0,1,0,0,0,0,2420,1,1
741,0,0,4,741,52230615,52284928,54313,5,2,2,0,0,0,0,2420,1,1
742,0,0,3,742,52299570,52353906,54336,5,2,2,0,0,0,0,2420,1,1
743,0,0,0,743,52368548,52414008,45460,4,2,1,0,0,0,0,2420,1,1
744,0,0,2,744,52428662,52545551,116889,13,8,4,0,0,0,0,2420,1,1
745,0,0,4,745,52560196,52699344,139148,15,5,9,0,0,0,0,2420,1,1
746,0,0,0,746,52713993,52751955,37962,3,1,1,0,0,0,0,2420,1,1
747,0,0,4,747,52766610,52788188,21578,1,0,0,0,0,0,0,2420,1,1
748,0,0,1,748,52802834,52824428,21594,1,0,0,0,0,0,0,2420,1,1
749,0,0,3,749,52839078,52868124,29046,2,1,0,0,0,0,0,2420,1,1
750,0,0,2,750,52882770,52904349,21579,1,0,0,0,0,0,0,2420,1,1
751,0,0,3,751,52918991,52949491,30500,2,0,1,0,0,0,0,2420,1,1
752,0,0,1,752,52964136,53011021,46885,4,1,2,0,0,0,0,2420,1,1
753,0,0,1,753,53025675,53063656,37981,3,1,1,0,0,0,0,2420,1,1
754,0,0,0,754,53078307,53099901,21594,1,0,0,0,0,0,0,2420,1,1
755,0,0,0,755,53114555,53136151,21596,1,0,0,0,0,0,0,2420,1,1
756,0,0,3,756,53150801,53220065,69264,7,4,2,0,0,0,0,2420,1,1
757,0,0,2,757,53234711,53263743,29032,2,1,0,0,0,0,0,2420,1,1
758,0,0,3,758,53278385,53331312,52927,5,3,1,0,0,0,0,2420,1,1
759,0,0,2,759,53345958,53449446,103488,11,5,5,0,0,0,0,2420,1,1
760,0,0,4,760,53464094,53502060,37966,3,1,1,0,0,0,0,2420,1,1
761,0,0,2,761,53516706,53563579,46873,4,1,2,0,0,0,0,2420,1,1
762,0,0,2,762,53578221,53662455,84234,9,6,2,0,0,0,0,2420,1,1
763,0,0,1,763,53677101,53706176,29075,2,1,0,0,0,0,0,2420,1,1
764,0,0,2,764,53720827,53751342,30515,2,0,1,0,0,0,0,2420,1,1
765,0,0,4,765,53765988,53814316,48328,4,0,3,0,0,0,0,2420,1,1
766,0,0,4,766,53828959,53858019,29060,2,1,0,0,0,0,0,2420,1,1
767,0,0,1,767,53872661,54040241,167580,19,10,8,0,0,0,0,2420,1,1
768,0,0,4,768,54054900,54076479,21579,1,0,0,0,0,0,0,2420,1,1
769,0,0,3,769,54091122,54120184,29062,2,1,0,0,0,0,0,2420,1,1
770,0,0,4,770,54134830,54180246,45416,4,2,1,0,0,0,0,2420,1,1
771,0,0,3,771,54194892,54225377,30485,2,0,1,0,0,0,0,2420,1,1
772,0,0,3,772,54240019,54279439,39420,3,0,2,0,0,0,0,2420,1,1
773,0,0,1,773,54294084,54339559,45475,4,2,1,0,0,0,0,2420,1,1
774,0,0,4,774,54354213,54392159,37946,3,1,1,0,0,0,0,2420,1,1
775,0,0,3,775,54406806,54491041,84235,9,6,2,0,0,0,0,2420,1,1
776,0,0,2,776,54505692,54534748,29056,2,1,0,0,0,0,0,2420,1,1
777,0,0,4,777,54549390,54578445,29055,2,1,0,0,0,0,0,2420,1,1
778,0,0,3,778,54593089,54623582,30493,2,0,1,0,0,0,0,2420,1,1
779,0,0,3,779,54638225,54676177,37952,3,1,1,0,0,0,0,2420,1,1
780,0,0,0,780,54690819,54712413,21594,1,0,0,0,0,0,0,2420,1,1
781,0,0,4,781,54727067,54748645,21578,1,0,0,0,0,0,0,2420,1,1
782,0,0,3,782,54763291,54863863,100572,11,7,3,0,0,0,0,2420,1,1
783,0,0,2,783,54878509,54909003,30494,2,0,1,0,0,0,0,2420,1,1
784,0,0,4,784,54923649,55003295,79646,8,3,4,0,0,0,0,2420,1,1
785,0,0,3,785,55017938,55119987,102049,11,6,4,0,0,0,0,2420,1,1
786,0,0,2,786,55134636,55220280,85644,9,5,3,0,0,0,0,2420,1,1
787,0,0,2,787,55234925,55323475,88550,9,3,5,0,0,0,0,2420,1,1
788,0,0,4,788,55338118,55367170,29052,2,1,0,0,0,0,0,2420,1,1
789,0,0,4,789,55381812,55427260,45448,4,2,1,0,0,0,0,2420,1,1
790,0,0,0,790,55441902,55463501,21599,1,0,0,0,0,0,0,2420,1,1
791,0,0,0,791,55478151,55499745,21594,1,0,0,0,0,0,0,2420,1,1
792,0,0,3,792,55514399,55574763,60364,6,4,1,0,0,0,0,2420,1,1
793,0,0,1,793,55589405,55661820,72415,7,3,2,0,1,0,0,2420,1,1
794,0,0,3,794,55676474,55714444,37970,3,1,1,0,0,0,0,2420,1,1
795,0,0,1,795,55729086,55758156,29070,2,1,0,0,0,0,0,2420,1,1
796,0,0,2,796,55772810,55794389,21579,1,0,0,0,0,0,0,2420,1,1
797,0,0,2,797,55809031,55918474,109443,12,7,4,0,0,0,0,2420,1,1
798,0,0,4,798,55933123,55954702,21579,1,0,0,0,0,0,0,2420,1,1
799,0,0,0,799,55969344,55990938,21594,1,0,0,0,0,0,0,2420,1,1
800,0,0,3,800,56005593,56034654,29061,2,1,0,0,0,0,0,2420,1,1
801,0,0,0,801,56049296,56078364,29068,2,1,0,0,0,0,0,2420,1,1
802,0,0,4,802,56093014,56114592,21578,1,0,0,0,0,0,0,2420,1,1
803,0,0,4,803,56129235,56150813,21578,1,0,0,0,0,0,0,2420,1,1
804,0,0,0,804,56165459,56187053,21594,1,0,0,0,0,0,0,2420,1,1
805,0,0,2,805,56201703,56247112,45409,4,2,1,0,0,0,0,2420,1,1
806,0,0,2,806,56261754,56323627,61873,6,3,2,0,0,0,0,2420,1,1
807,0,0,3,807,56338269,56368761,30492,2,0,1,0,0,0,0,2420,1,1
808,0,0,4,808,56383410,56494333,110923,12,6,5,0,0,0,0,2420,1,1
809,0,0,4,809,56508978,56530557,21579,1,0,0,0,0,0,0,2420,1,1
810,0,0,2,810,56545203,56599542,54339,5,2,2,0,0,0,0,2420,1,1
811,0,0,2,811,56614189,56687778,73589,7,1,5,0,0,0,0,2420,1,1
812,0,0,3,812,56702421,56732922,30501,2,0,1,0,0,0,0,2420,1,1
813,0,0,3,813,56747564,56784055,36491,3,2,0,0,0,0,0,2420,1,1
814,0,0,2,814,56798698,56820276,21578,1,0,0,0,0,0,0,2420,1,1
815,0,0,1,815,56834923,56902717,67794,7,5,1,0,0,0,0,2420,1,1
816,0,0,2,816,56917370,56955353,37983,3,1,1,0,0,0,0,2420,1,1
817,0,0,4,817,56969995,56999030,29035,2,1,0,0,0,0,0,2420,1,1
818,0,0,1,818,57013676,57051654,37978,3,1,1,0,0,0,0,2420,1,1
819,0,0,2,819,57066308,57130989,64681,6,1,4,0,0,0,0,2420,1,1
820,0,0,2,820,57145636,57264020,118384,13,7,5,0,0,0,0,2420,1,1
821,0,0,1,821,57278665,57340498,61833,6,3,2,0,0,0,0,2420,1,1
822,0,0,3,822,57355152,57385649,30497,2,0,1,0,0,0,0,2420,1,1
823,0,0,4,823,57400292,57445709,45417,4,2,1,0,0,0,0,2420,1,1
824,0,0,0,824,57460351,57481945,21594,1,0,0,0,0,0,0,2420,1,1
825,0,0,1,825,57496599,57534595,37996,3,1,1,0,0,0,0,2420,1,1
826,0,0,0,826,57549245,57588655,39410,3,0,2,0,0,0,0,2420,1,1
827,0,0,0,827,57603309,57657704,54395,5,2,2,0,0,0,0,2420,1,1
828,0,0,4,828,57672354,57708857,36503,3,2,0,0,0,0,0,2420,1,1
829,0,0,4,829,57723503,57753987,30484,2,0,1,0,0,0,0,2420,1,1
830,0,0,0,830,57768630,57814070,45440,4,2,1,0,0,0,0,2420,1,1
831,0,0,2,831,57828720,57880169,51449,5,4,0,0,0,0,0,2420,1,1
832,0,0,4,832,57894816,57955151,60335,6,4,1,0,0,0,0,2420,1,1
833,0,0,2,833,57969794,58000276,30482,2,0,1,0,0,0,0,2420,1,1
834,0,0,3,834,58014922,58073857,58935,6,5,0,0,0,0,0,2420,1,1
835,0,0,3,835,58088499,58110078,21579,1,0,0,0,0,0,0,2420,1,1
836,0,0,4,836,58124724,58161207,36483,3,2,0,0,0,0,0,2420,1,1
837,0,0,0,837,58175853,58228779,52926,5,3,1,0,0,0,0,2420,1,1
838,0,0,3,838,58243433,58282878,39445,3,0,2,0,0,0,0,2420,1,1
839,0,0,2,839,58297520,58319099,21579,1,0,0,0,0,0,0,2420,1,1
840,0,0,3,840,58333749,58437325,103576,11,5,5,0,0,0,0,2420,1,1
841,0,0,3,841,58451970,58500273,48303,4,0,3,0,0,0,0,2420,1,1
842,0,0,1,842,58514920,58560366,45446,4,2,1,0,0,0,0,2420,1,1
843,0,0,3,843,58575020,58647192,72172,7,2,4,0,0,0,0,2420,1,1
844,0,0,0,844,58661835,58698357,36522,3,2,0,0,0,0,0,2420,1,1
845,0,0,1,845,58713009,58823989,110980,12,6,5,0,0,0,0,2420,1,1
846,0,0,0,846,58838642,58976321,137679,15,6,8,0,0,0,0,2420,1,1
847,0,0,0,847,58990975,59012569,21594,1,0,0,0,0,0,0,2420,1,1
848,0,0,1,848,59027224,59063761,36537,3,2,0,0,0,0,0,2420,1,1
849,0,0,0,849,59078410,59108924,30514,2,0,1,0,0,0,0,2420,1,1
850,0,0,0,850,59123577,59200302,76725,8,5,2,0,0,0,0,2420,1,1
851,0,0,2,851,59214958,59254350,39392,3,0,2,0,0,0,0,2420,1,1
852,0,0,1,852,59268993,59313001,44008,4,3,0,0,0,0,0,2420,1,1
853,0,0,4,853,59327651,59423712,96061,10,4,5,0,0,0,0,2420,1,1
854,0,0,0,854,59438356,59467404,29048,2,1,0,0,0,0,0,2420,1,1
855,0,0,3,855,59482055,59570644,88589,9,3,5,0,0,0,0,2420,1,1
856,0,0,0,856,59585291,59662005,76714,8,5,2,0,0,0,0,2420,1,1
857,0,0,3,857,59676658,59745916,69258,7,4,2,0,0,0,0,2420,1,1
858,0,0,4,858,59760558,59782137,21579,1,0,0,0,0,0,0,2420,1,1
859,0,0,3,859,59796784,59818362,21578,1,0,0,0,0,0,0,2420,1,1
860,0,0,2,860,59833008,59878410,45402,4,2,1,0,0,0,0,2420,1,1
861,0,0,3,861,59893054,59929530,36476,3,2,0,0,0,0,0,2420,1,1
862,0,0,1,862,59944176,59973219,29043,2,1,0,0,0,0,0,2420,1,1
863,0,0,4,863,59987869,60082513,94644,10,5,4,0,0,0,0,2420,1,1
864,0,0,3,864,60097161,60150052,52891,5,3,1,0,0,0,0,2420,1,1
865,0,0,1,865,60164698,60195215,30517,2,0,1,0,0,0,0,2420,1,1
866,0,0,4,866,60209866,60240347,30481,2,0,1,0,0,0,0,2420,1,1
867,0,0,4,867,60254992,60276571,21579,1,0,0,0,0,0,0,2420,1,1
868,0,0,0,868,60291213,60342722,51509,5,4,0,0,0,0,0,2420,1,1
869,0,0,0,869,60357376,60378970,21594,1,0,0,0,0,0,0,2420,1,1
870,0,0,2,870,60393624,60415203,21579,1,0,0,0,0,0,0,2420,1,1
871,0,0,1,871,60429845,60466380,36535,3,2,0,0,0,0,0,2420,1,1
872,0,0,2,872,60481034,60526466,45432,4,2,1,0,0,0,0,2420,1,1
873,0,0,4,873,60541112,60629877,88765,10,9,0,0,0,0,0,2420,1,1
874,0,0,3,874,60644529,60752629,108100,12,8,3,0,0,0,0,2420,1,1
875,0,0,2,875,60767282,60821617,54335,5,2,2,0,0,0,0,2420,1,1
876,0,0,1,876,60836267,60881708,45441,4,2,1,0,0,0,0,2420,1,1
877,0,0,4,877,60896367,60958198,61831,6,3,2,0,0,0,0,2420,1,1
878,0,0,3,878,60972845,61018303,45458,4,2,1,0,0,0,0,2420,1,1
879,0,0,1,879,61032953,61099154,66201,6,0,5,0,0,0,0,2420,1,1
880,0,0,0,880,61113812,61177079,63267,6,2,3,0,0,0,0,2420,1,1
881,0,0,1,881,61191733,61237208,45475,4,2,1,0,0,0,0,2420,1,1
882,0,0,3,882,61251862,61322591,70729,7,3,3,0,0,0,0,2420,1,1
883,0,0,3,883,61337241,61397603,60362,6,4,1,0,0,0,0,2420,1,1
884,0,0,4,884,61412249,61517182,104933,11,4,6,0,0,0,0,2420,1,1
885,0,0,4,885,61531831,61586138,54307,5,2,2,0,0,0,0,2420,1,1
886,0,0,2,886,61600784,61765513,164729,19,12,6,0,0,0,0,2420,1,1
887,0,0,0,887,61780164,61841969,61805,6,3,2,0,0,0,0,2420,1,1
888,0,0,0,888,61856627,61930322,73695,7,1,5,0,0,0,0,2420,1,1
889,0,0,1,889,61944980,61999352,54372,5,2,2,0,0,0,0,2420,1,1
890,0,0,4,890,62014010,62186089,172079,20,13,6,0,0,0,0,2420,1,1
891,0,0,4,891,62200739,62229799,29060,2,1,0,0,0,0,0,2420,1,1
892,0,0,1,892,62244449,62266051,21602,1,0,0,0,0,0,0,2420,1,1
893,0,0,3,893,62280705,62309740,29035,2,1,0,0,0,0,0,2420,1,1
894,0,0,4,894,62324390,62445771,121381,13,5,7,0,0,0,0,2420,1,1
895,0,0,1,895,62460420,62490926,30506,2,0,1,0,0,0,0,2420,1,1
896,0,0,4,896,62505584,62527171,21587,1,0,0,0,0,0,0,2420,1,1
897,0,0,3,897,62541817,62609593,67776,7,5,1,0,0,0,0,2420,1,1
898,0,0,0,898,62624243,62686096,61853,6,3,2,0,0,0,0,2420,1,1
899,0,0,2,899,62700749,62737265,36516,3,2,0,0,0,0,0,2420,1,1
900,0,0,0,900,62751912,62773519,21607,1,0,0,0,0,0,0,2420,1,1
901,0,0,3,901,62788172,62809759,21587,1,0,0,0,0,0,0,2420,1,1
902,0,0,0,902,62824408,62846008,21600,1,0,0,0,0,0,0,2420,1,1
903,0,0,4,903,62860662,62889732,29070,2,1,0,0,0,0,0,2420,1,1
904,0,0,4,904,62904383,62925969,21586,1,0,0,0,0,0,0,2420,1,1
905,0,0,2,905,62940616,62962202,21586,1,0,0,0,0,0,0,2420,1,1
906,0,0,1,906,62976852,63055051,78199,8,4,3,0,0,0,0,2420,1,1
907,0,0,2,907,63069705,63106225,36520,3,2,0,0,0,0,0,2420,1,1
908,0,0,4,908,63120871,63209456,88585,9,3,5,0,0,0,0,2420,1,1
909,0,0,4,909,63224105,63260614,36509,3,2,0,0,0,0,0,2420,1,1
910,0,0,4,910,63275264,63305787,30523,2,0,1,0,0,0,0,2420,1,1
911,0,0,0,911,63320433,63356973,36540,3,2,0,0,0,0,0,2420,1,1
912,0,0,0,912,63371627,63423064,51437,5,4,0,0,0,0,0,2420,1,1
913,0,0,3,913,63437718,63466774,29056,2,1,0,0,0,0,0,2420,1,1
914,0,0,0,914,63481420,63503026,21606,1,0,0,0,0,0,0,2420,1,1
915,0,0,2,915,63517681,63539267,21586,1,0,0,0,0,0,0,2420,1,1
916,0,0,3,916,63553918,63590412,36494,3,2,0,0,0,0,0,2420,1,1
917,0,0,1,917,63605061,63668346,63285,6,2,3,0,0,0,0,2420,1,1
918,0,0,2,918,63683003,63767200,84197,9,6,2,0,0,0,0,2420,1,1
919,0,0,4,919,63781847,63819790,37943,3,1,1,0,0,0,0,2420,1,1
920,0,0,0,920,63834441,63856040,21599,1,0,0,0,0,0,0,2420,1,1
921,0,0,2,921,63870695,63899731,29036,2,1,0,0,0,0,0,2420,1,1
922,0,0,0,922,63914381,63943457,29076,2,1,0,0,0,0,0,2420,1,1
923,0,0,0,923,63958111,63979714,21603,1,0,0,0,0,0,0,2420,1,1
924,0,0,3,924,63994372,64015958,21586,1,0,0,0,0,0,0,2420,1,1
925,0,0,0,925,64030605,64052207,21602,1,0,0,0,0,0,0,2420,1,1
926,0,0,1,926,64066865,64097369,30504,2,0,1,0,0,0,0,2420,1,1
927,0,0,1,927,64112023,64141094,29071,2,1,0,0,0,0,0,2420,1,1
928,0,0,0,928,64155752,64202644,46892,4,1,2,0,0,0,0,2420,1,1
929,0,0,2,929,64217302,64238889,21587,1,0,0,0,0,0,0,2420,1,1
930,0,0,3,930,64253540,64291480,37940,3,1,1,0,0,0,0,2420,1,1
931,0,0,1,931,64306131,64327734,21603,1,0,0,0,0,0,0,2420,1,1
932,0,0,2,932,64342388,64363979,21591,1,0,0,0,0,0,0,2420,1,1
933,0,0,1,933,64378625,64433007,54382,5,2,2,0,0,0,0,2420,1,1
934,0,0,2,934,64447660,64534772,87112,9,4,4,0,0,0,0,2420,1,1
935,0,0,0,935,64549418,64571019,21601,1,0,0,0,0,0,0,2420,1,1
936,0,0,1,936,64585678,64614730,29052,2,1,0,0,0,0,0,2420,1,1
937,0,0,1,937,64629384,64658454,29070,2,1,0,0,0,0,0,2420,1,1
938,0,0,1,938,64673109,64702156,29047,2,1,0,0,0,0,0,2420,1,1
939,0,0,3,939,64716814,64760766,43952,4,3,0,0,0,0,0,2420,1,1
940,0,0,4,940,64775416,64874594,99178,11,8,2,0,0,0,0,2420,1,1
941,0,0,2,941,64889241,64933268,44027,4,3,0,0,0,0,0,2420,1,1
942,0,0,3,942,64947914,64996268,48354,4,0,3,0,0,0,0,2420,1,1
943,0,0,3,943,65010914,65063813,52899,5,3,1,0,0,0,0,2420,1,1
944,0,0,2,944,65078459,65131334,52875,5,3,1,0,0,0,0,2420,1,1
945,0,0,1,945,65145985,65192903,46918,4,1,2,0,0,0,0,2420,1,1
946,0,0,0,946,65207558,65306687,99129,11,8,2,0,0,0,0,2420,1,1
947,0,0,1,947,65321343,65342949,21606,1,0,0,0,0,0,0,2420,1,1
948,0,0,2,948,65357604,65404506,46902,4,1,2,0,0,0,0,2420,1,1
949,0,0,2,949,65419153,65478026,58873,6,5,0,0,0,0,0,2420,1,1
950,0,0,0,950,65492672,65530640,37968,3,1,1,0,0,0,0,2420,1,1
951,0,0,1,951,65545298,65637011,91713,10,7,2,0,0,0,0,2420,1,1
952,0,0,1,952,65651666,65680740,29074,2,1,0,0,0,0,0,2420,1,1
953,0,0,0,953,65695398,65757211,61813,6,3,2,0,0,0,0,2420,1,1
954,0,0,3,954,65771865,65809824,37959,3,1,1,0,0,0,0,2420,1,1
955,0,0,1,955,65824476,65871382,46906,4,1,2,0,0,0,0,2420,1,1
956,0,0,1,956,65886039,65924000,37961,3,1,1,0,0,0,0,2420,1,1
957,0,0,0,957,65938654,65967727,29073,2,1,0,0,0,0,0,2420,1,1
958,0,0,2,958,65982381,66020380,37999,3,1,1,0,0,0,0,2420,1,1
959,0,0,0,959,66035030,66074474,39444,3,0,2,0,0,0,0,2420,1,1
960,0,0,3,960,66089128,66128539,39411,3,0,2,0,0,0,0,2420,1,1
961,0,0,4,961,66143189,66197507,54318,5,2,2,0,0,0,0,2420,1,1
962,0,0,1,962,66212153,66233759,21606,1,0,0,0,0,0,0,2420,1,1
963,0,0,3,963,66248413,66299898,51485,5,4,0,0,0,0,0,2420,1,1
964,0,0,0,964,66314548,66457043,142495,17,15,1,0,0,0,0,2420,1,1
965,0,0,0,965,66471703,66500755,29052,2,1,0,0,0,0,0,2420,1,1
966,0,0,1,966,66515413,66544476,29063,2,1,0,0,0,0,0,2420,1,1
967,0,0,2,967,66559129,66632795,73666,7,1,5,0,0,0,0,2420,1,1
968,0,0,0,968,66647441,66718179,70738,7,3,3,0,0,0,0,2420,1,1
969,0,0,0,969,66732836,66778269,45433,4,2,1,0,0,0,0,2420,1,1
970,0,0,0,970,66792924,66814526,21602,1,0,0,0,0,0,0,2420,1,1
971,0,0,3,971,66829181,66858241,29060,2,1,0,0,0,0,0,2420,1,1
972,0,0,0,972,66872892,66983890,110998,12,6,5,0,0,0,0,2420,1,1
973,0,0,0,973,66998547,67060368,61821,6,3,2,0,0,0,0,2420,1,1
974,0,0,0,974,67075027,67096630,21603,1,0,0,0,0,0,0,2420,1,1
975,0,0,0,975,67111284,67150725,39441,3,0,2,0,0,0,0,2420,1,1
976,0,0,3,976,67165384,67234639,69255,7,4,2,0,0,0,0,2420,1,1
977,0,0,4,977,67249285,67312560,63275,6,2,3,0,0,0,0,2420,1,1
978,0,0,4,978,67327210,67395025,67815,7,5,1,0,0,0,0,2420,1,1
979,0,0,3,979,67409671,67627763,218092,25,12,12,0,0,0,0,2420,1,1
980,0,0,4,980,67642416,67671474,29058,2,1,0,0,0,0,0,2420,1,1
981,0,0,1,981,67686124,67707726,21602,1,0,0,0,0,0,0,2420,1,1
982,0,0,1,982,67722381,67760351,37970,3,1,1,0,0,0,0,2420,1,1
983,0,0,0,983,67775009,67820467,45458,4,2,1,0,0,0,0,2420,1,1
984,0,0,1,984,67835126,67856729,21603,1,0,0,0,0,0,0,2420,1,1
985,0,0,2,985,67871383,67892972,21589,1,0,0,0,0,0,0,2420,1,1
986,0,0,1,986,67907619,67936675,29056,2,1,0,0,0,0,0,2420,1,1
987,0,0,4,987,67951329,67996736,45407,4,2,1,0,0,0,0,2420,1,1
988,0,0,4,988,68011382,68032972,21590,1,0,0,0,0,0,0,2420,1,1
989,0,0,4,989,68047618,68116865,69247,7,4,2,0,0,0,0,2420,1,1
990,0,0,2,990,68131511,68153102,21591,1,0,0,0,0,0,0,2420,1,1
991,0,0,4,991,68167748,68198260,30512,2,0,1,0,0,0,0,2420,1,1
992,0,0,1,992,68212908,68249458,36550,3,2,0,0,0,0,0,2420,1,1
993,0,0,0,993,68264116,68317022,52906,5,3,1,0,0,0,0,2420,1,1
994,0,0,4,994,68331676,68353267,21591,1,0,0,0,0,0,0,2420,1,1
995,0,0,1,995,68367913,68389516,21603,1,0,0,0,0,0,0,2420,1,1
996,0,0,0,996,68404174,68552417,148243,17,11,5,0,0,0,0,2420,1,1
997,0,0,2,997,68567081,68621394,54313,5,2,2,0,0,0,0,2420,1,1
998,0,0,4,998,68636044,68657631,21587,1,0,0,0,0,0,0,2420,1,1
999,0,0,4,999,68672277,68701340,29063,2,1,0,0,0,0,0,2420,1,1
